V1,V2,V3
P60484-1M/L,10-87864470A>C,0.831
P60484-1M/V,10-87864470A>G,0.922
P60484-1M/L,10-87864470A>T,0.831
P60484-1M/K,10-87864471T>A,0.934
P60484-1M/T,10-87864471T>C,0.895
P60484-1M/R,10-87864471T>G,0.936
P60484-1M/I,10-87864472G>A,0.886
P60484-1M/I,10-87864472G>C,0.886
P60484-1M/I,10-87864472G>T,0.892
P60484-2T/P,10-87864473A>C,0.355
P60484-2T/A,10-87864473A>G,0.214
P60484-2T/S,10-87864473A>T,0.207
P60484-2T/K,10-87864474C>A,0.406
P60484-2T/R,10-87864474C>G,0.564
P60484-2T/I,10-87864474C>T,0.414
P60484-3A/T,10-87864476G>A,0.397
P60484-3A/P,10-87864476G>C,0.492
P60484-3A/S,10-87864476G>T,0.418
P60484-3A/D,10-87864477C>A,0.468
P60484-3A/G,10-87864477C>G,0.383
P60484-3A/V,10-87864477C>T,0.534
P60484-4I/L,10-87864479A>C,0.373
P60484-4I/V,10-87864479A>G,0.294
P60484-4I/F,10-87864479A>T,0.423
P60484-4I/N,10-87864480T>A,0.443
P60484-4I/T,10-87864480T>C,0.43
P60484-4I/S,10-87864480T>G,0.446
P60484-4I/M,10-87864481C>G,0.359
P60484-5I/L,10-87864482A>C,0.236
P60484-5I/V,10-87864482A>G,0.314
P60484-5I/F,10-87864482A>T,0.579
P60484-5I/N,10-87864483T>A,0.845
P60484-5I/T,10-87864483T>C,0.821
P60484-5I/S,10-87864483T>G,0.794
P60484-5I/M,10-87864484C>G,0.532
P60484-6K/Q,10-87864485A>C,0.798
P60484-6K/E,10-87864485A>G,0.89
P60484-6K/T,10-87864486A>C,0.824
P60484-6K/R,10-87864486A>G,0.28
P60484-6K/I,10-87864486A>T,0.864
P60484-6K/N,10-87864487A>C,0.489
P60484-6K/N,10-87864487A>T,0.5
P60484-7E/K,10-87864488G>A,0.425
P60484-7E/Q,10-87864488G>C,0.371
P60484-7E/A,10-87864489A>C,0.46
P60484-7E/G,10-87864489A>G,0.454
P60484-7E/V,10-87864489A>T,0.664
P60484-7E/D,10-87864490G>C,0.271
P60484-7E/D,10-87864490G>T,0.281
P60484-8I/L,10-87864491A>C,0.273
P60484-8I/V,10-87864491A>G,0.239
P60484-8I/F,10-87864491A>T,0.249
P60484-8I/N,10-87864492T>A,0.623
P60484-8I/T,10-87864492T>C,0.387
P60484-8I/S,10-87864492T>G,0.616
P60484-8I/M,10-87864493C>G,0.225
P60484-9V/I,10-87864494G>A,0.772
P60484-9V/L,10-87864494G>C,0.9
P60484-9V/F,10-87864494G>T,0.926
P60484-9V/D,10-87864495T>A,0.963
P60484-9V/A,10-87864495T>C,0.919
P60484-9V/G,10-87864495T>G,0.961
P60484-10S/R,10-87864497A>C,0.876
P60484-10S/G,10-87864497A>G,0.804
P60484-10S/C,10-87864497A>T,0.929
P60484-10S/N,10-87864498G>A,0.688
P60484-10S/T,10-87864498G>C,0.745
P60484-10S/I,10-87864498G>T,0.918
P60484-10S/R,10-87864499C>A,0.813
P60484-10S/R,10-87864499C>G,0.809
P60484-11R/G,10-87864500A>G,0.662
P60484-11R/K,10-87864501G>A,0.383
P60484-11R/T,10-87864501G>C,0.635
P60484-11R/I,10-87864501G>T,0.727
P60484-11R/S,10-87864502A>C,0.572
P60484-11R/S,10-87864502A>T,0.572
P60484-12N/H,10-87864503A>C,0.473
P60484-12N/D,10-87864503A>G,0.362
P60484-12N/Y,10-87864503A>T,0.723
P60484-12N/T,10-87864504A>C,0.479
P60484-12N/S,10-87864504A>G,0.287
P60484-12N/I,10-87864504A>T,0.693
P60484-12N/K,10-87864505C>A,0.275
P60484-12N/K,10-87864505C>G,0.274
P60484-13K/Q,10-87864506A>C,0.77
P60484-13K/E,10-87864506A>G,0.806
P60484-13K/T,10-87864507A>C,0.83
P60484-13K/R,10-87864507A>G,0.58
P60484-13K/I,10-87864507A>T,0.854
P60484-13K/N,10-87864508A>C,0.72
P60484-13K/N,10-87864508A>T,0.719
P60484-14R/G,10-87864509A>G,0.811
P60484-14R/W,10-87864509A>T,0.901
P60484-14R/K,10-87864510G>A,0.432
P60484-14R/T,10-87864510G>C,0.841
P60484-14R/M,10-87864510G>T,0.912
P60484-14R/S,10-87864511G>C,0.764
P60484-14R/S,10-87864511G>T,0.772
P60484-15R/G,10-87864512A>G,0.783
P60484-15R/K,10-87864513G>A,0.7
P60484-15R/T,10-87864513G>C,0.87
P60484-15R/I,10-87864513G>T,0.904
P60484-15R/S,10-87864514A>C,0.799
P60484-15R/S,10-87864514A>T,0.799
P60484-16Y/N,10-87864515T>A,0.823
P60484-16Y/H,10-87864515T>C,0.866
P60484-16Y/D,10-87864515T>G,0.844
P60484-16Y/S,10-87864516A>C,0.862
P60484-16Y/C,10-87864516A>G,0.892
P60484-16Y/F,10-87864516A>T,0.287
P60484-17Q/K,10-87864518C>A,0.421
P60484-17Q/E,10-87864518C>G,0.498
P60484-17Q/P,10-87864519A>C,0.777
P60484-17Q/R,10-87864519A>G,0.501
P60484-17Q/L,10-87864519A>T,0.625
P60484-17Q/H,10-87864520A>C,0.646
P60484-17Q/H,10-87864520A>T,0.646
P60484-18E/K,10-87864521G>A,0.765
P60484-18E/Q,10-87864521G>C,0.567
P60484-18E/A,10-87864522A>C,0.752
P60484-18E/G,10-87864522A>G,0.812
P60484-18E/V,10-87864522A>T,0.809
P60484-18E/D,10-87864523G>C,0.476
P60484-18E/D,10-87864523G>T,0.476
P60484-19D/N,10-87864524G>A,0.669
P60484-19D/H,10-87864524G>C,0.851
P60484-19D/Y,10-87864524G>T,0.885
P60484-19D/A,10-87864525A>C,0.854
P60484-19D/G,10-87864525A>G,0.802
P60484-19D/V,10-87864525A>T,0.895
P60484-19D/E,10-87864526T>A,0.584
P60484-19D/E,10-87864526T>G,0.585
P60484-20G/R,10-87864527G>A,0.945
P60484-20G/R,10-87864527G>C,0.937
P60484-20G/E,10-87864528G>A,0.922
P60484-20G/A,10-87864528G>C,0.899
P60484-20G/V,10-87864528G>T,0.931
P60484-21F/I,10-87864530T>A,0.697
P60484-21F/L,10-87864530T>C,0.611
P60484-21F/V,10-87864530T>G,0.753
P60484-21F/Y,10-87864531T>A,0.457
P60484-21F/S,10-87864531T>C,0.669
P60484-21F/C,10-87864531T>G,0.83
P60484-21F/L,10-87864532C>A,0.514
P60484-21F/L,10-87864532C>G,0.514
P60484-22D/N,10-87864533G>A,0.511
P60484-22D/H,10-87864533G>C,0.965
P60484-22D/Y,10-87864533G>T,0.957
P60484-22D/A,10-87864534A>C,0.862
P60484-22D/G,10-87864534A>G,0.868
P60484-22D/V,10-87864534A>T,0.905
P60484-22D/E,10-87864535C>A,0.702
P60484-22D/E,10-87864535C>G,0.702
P60484-23L/I,10-87864536T>A,0.828
P60484-23L/V,10-87864536T>G,0.887
P60484-23L/S,10-87864537T>C,0.968
P60484-23L/F,10-87864538A>C,0.905
P60484-23L/F,10-87864538A>T,0.903
P60484-24D/N,10-87864539G>A,0.753
P60484-24D/H,10-87864539G>C,0.98
P60484-24D/Y,10-87864539G>T,0.989
P60484-24D/A,10-87864540A>C,0.961
P60484-24D/G,10-87864540A>G,0.952
P60484-24D/V,10-87864540A>T,0.994
P60484-24D/E,10-87864541C>A,0.874
P60484-24D/E,10-87864541C>G,0.856
P60484-25L/M,10-87864542T>A,0.765
P60484-25L/V,10-87864542T>G,0.794
P60484-25L/S,10-87864543T>C,0.943
P60484-25L/W,10-87864543T>G,0.95
P60484-25L/F,10-87864544G>C,0.899
P60484-25L/F,10-87864544G>T,0.899
P60484-26T/P,10-87864545A>C,0.939
P60484-26T/A,10-87864545A>G,0.847
P60484-26T/S,10-87864545A>T,0.635
P60484-26T/N,10-87864546C>A,0.642
P60484-26T/S,10-87864546C>G,0.606
P60484-26T/I,10-87864546C>T,0.953
P60484-27Y/N,10-87864548T>A,0.98
P60484-27Y/H,10-87864548T>C,0.961
P60484-27Y/D,10-87864548T>G,0.914
P60484-27Y/S,10-87894025A>C,0.966
P60484-27Y/C,10-87894025A>G,0.991
P60484-27Y/F,10-87894025A>T,0.802
P60484-28I/L,10-87894027A>C,0.91
P60484-28I/V,10-87894027A>G,0.794
P60484-28I/F,10-87894027A>T,0.976
P60484-28I/N,10-87894028T>A,0.977
P60484-28I/T,10-87894028T>C,0.986
P60484-28I/S,10-87894028T>G,0.98
P60484-28I/M,10-87894029T>G,0.917
P60484-29Y/N,10-87894030T>A,0.847
P60484-29Y/H,10-87894030T>C,0.878
P60484-29Y/D,10-87894030T>G,0.91
P60484-29Y/S,10-87894031A>C,0.861
P60484-29Y/C,10-87894031A>G,0.757
P60484-29Y/F,10-87894031A>T,0.752
P60484-30P/T,10-87894033C>A,0.855
P60484-30P/A,10-87894033C>G,0.858
P60484-30P/S,10-87894033C>T,0.77
P60484-30P/Q,10-87894034C>A,0.841
P60484-30P/R,10-87894034C>G,0.866
P60484-30P/L,10-87894034C>T,0.963
P60484-31N/H,10-87894036A>C,0.908
P60484-31N/D,10-87894036A>G,0.919
P60484-31N/Y,10-87894036A>T,0.969
P60484-31N/T,10-87894037A>C,0.915
P60484-31N/S,10-87894037A>G,0.881
P60484-31N/I,10-87894037A>T,0.914
P60484-31N/K,10-87894038C>A,0.722
P60484-31N/K,10-87894038C>G,0.722
P60484-32I/L,10-87894039A>C,0.789
P60484-32I/V,10-87894039A>G,0.731
P60484-32I/F,10-87894039A>T,0.928
P60484-32I/N,10-87894040T>A,0.958
P60484-32I/T,10-87894040T>C,0.976
P60484-32I/S,10-87894040T>G,0.967
P60484-32I/M,10-87894041T>G,0.771
P60484-33I/L,10-87894042A>C,0.754
P60484-33I/V,10-87894042A>G,0.748
P60484-33I/F,10-87894042A>T,0.974
P60484-33I/N,10-87894043T>A,0.951
P60484-33I/T,10-87894043T>C,0.972
P60484-33I/S,10-87894043T>G,0.947
P60484-33I/M,10-87894044T>G,0.891
P60484-34A/T,10-87894045G>A,0.944
P60484-34A/P,10-87894045G>C,0.962
P60484-34A/S,10-87894045G>T,0.887
P60484-34A/D,10-87894046C>A,0.97
P60484-34A/G,10-87894046C>G,0.908
P60484-34A/V,10-87894046C>T,0.884
P60484-35M/L,10-87894048A>C,0.937
P60484-35M/V,10-87894048A>G,0.953
P60484-35M/L,10-87894048A>T,0.938
P60484-35M/K,10-87894049T>A,0.98
P60484-35M/T,10-87894049T>C,0.95
P60484-35M/R,10-87894049T>G,0.99
P60484-35M/I,10-87894050G>A,0.947
P60484-35M/I,10-87894050G>C,0.947
P60484-35M/I,10-87894050G>T,0.947
P60484-36G/R,10-87894051G>A,0.995
P60484-36G/R,10-87894051G>C,0.995
P60484-36G/E,10-87894052G>A,0.98
P60484-36G/A,10-87894052G>C,0.933
P60484-36G/V,10-87894052G>T,0.99
P60484-37F/I,10-87894054T>A,0.949
P60484-37F/L,10-87894054T>C,0.959
P60484-37F/V,10-87894054T>G,0.973
P60484-37F/Y,10-87894055T>A,0.841
P60484-37F/S,10-87894055T>C,0.975
P60484-37F/C,10-87894055T>G,0.962
P60484-37F/L,10-87894056T>A,0.93
P60484-37F/L,10-87894056T>G,0.931
P60484-38P/T,10-87894057C>A,0.952
P60484-38P/A,10-87894057C>G,0.937
P60484-38P/S,10-87894057C>T,0.957
P60484-38P/H,10-87894058C>A,0.95
P60484-38P/R,10-87894058C>G,0.946
P60484-38P/L,10-87894058C>T,0.923
P60484-39A/T,10-87894060G>A,0.836
P60484-39A/P,10-87894060G>C,0.967
P60484-39A/S,10-87894060G>T,0.725
P60484-39A/E,10-87894061C>A,0.895
P60484-39A/G,10-87894061C>G,0.822
P60484-39A/V,10-87894061C>T,0.799
P60484-40E/K,10-87894063G>A,0.866
P60484-40E/Q,10-87894063G>C,0.725
P60484-40E/A,10-87894064A>C,0.886
P60484-40E/G,10-87894064A>G,0.904
P60484-40E/V,10-87894064A>T,0.929
P60484-40E/D,10-87894065A>C,0.549
P60484-40E/D,10-87894065A>T,0.549
P60484-41R/G,10-87894066A>G,0.705
P60484-41R/K,10-87894067G>A,0.516
P60484-41R/T,10-87894067G>C,0.69
P60484-41R/I,10-87894067G>T,0.836
P60484-41R/S,10-87894068A>C,0.709
P60484-41R/S,10-87894068A>T,0.709
P60484-42L/I,10-87894069C>A,0.487
P60484-42L/V,10-87894069C>G,0.502
P60484-42L/F,10-87894069C>T,0.636
P60484-42L/H,10-87894070T>A,0.93
P60484-42L/P,10-87894070T>C,0.948
P60484-42L/R,10-87894070T>G,0.927
P60484-43E/K,10-87894072G>A,0.962
P60484-43E/Q,10-87894072G>C,0.893
P60484-43E/A,10-87894073A>C,0.956
P60484-43E/G,10-87894073A>G,0.967
P60484-43E/V,10-87894073A>T,0.976
P60484-43E/D,10-87894074A>C,0.862
P60484-43E/D,10-87894074A>T,0.862
P60484-44G/S,10-87894075G>A,0.747
P60484-44G/R,10-87894075G>C,0.821
P60484-44G/C,10-87894075G>T,0.89
P60484-44G/D,10-87894076G>A,0.96
P60484-44G/A,10-87894076G>C,0.756
P60484-44G/V,10-87894076G>T,0.889
P60484-45V/I,10-87894078G>A,0.536
P60484-45V/L,10-87894078G>C,0.749
P60484-45V/L,10-87894078G>T,0.749
P60484-45V/E,10-87894079T>A,0.925
P60484-45V/A,10-87894079T>C,0.849
P60484-45V/G,10-87894079T>G,0.914
P60484-46Y/N,10-87894081T>A,0.951
P60484-46Y/H,10-87894081T>C,0.965
P60484-46Y/D,10-87894081T>G,0.978
P60484-46Y/S,10-87894082A>C,0.987
P60484-46Y/C,10-87894082A>G,0.985
P60484-46Y/F,10-87894082A>T,0.887
P60484-47R/G,10-87894084A>G,0.958
P60484-47R/W,10-87894084A>T,0.935
P60484-47R/K,10-87894085G>A,0.903
P60484-47R/T,10-87894085G>C,0.979
P60484-47R/M,10-87894085G>T,0.961
P60484-47R/S,10-87894086G>C,0.895
P60484-47R/S,10-87894086G>T,0.895
P60484-48N/H,10-87894087A>C,0.923
P60484-48N/D,10-87894087A>G,0.937
P60484-48N/Y,10-87894087A>T,0.941
P60484-48N/T,10-87894088A>C,0.919
P60484-48N/S,10-87894088A>G,0.918
P60484-48N/I,10-87894088A>T,0.929
P60484-48N/K,10-87894089C>A,0.873
P60484-48N/K,10-87894089C>G,0.873
P60484-49N/H,10-87894090A>C,0.644
P60484-49N/D,10-87894090A>G,0.716
P60484-49N/Y,10-87894090A>T,0.86
P60484-49N/T,10-87894091A>C,0.833
P60484-49N/S,10-87894091A>G,0.559
P60484-49N/I,10-87894091A>T,0.941
P60484-49N/K,10-87894092T>A,0.632
P60484-49N/K,10-87894092T>G,0.628
P60484-50I/L,10-87894093A>C,0.805
P60484-50I/V,10-87894093A>G,0.737
P60484-50I/F,10-87894093A>T,0.887
P60484-50I/N,10-87894094T>A,0.95
P60484-50I/T,10-87894094T>C,0.979
P60484-50I/S,10-87894094T>G,0.961
P60484-50I/M,10-87894095T>G,0.661
P60484-51D/N,10-87894096G>A,0.664
P60484-51D/H,10-87894096G>C,0.844
P60484-51D/Y,10-87894096G>T,0.893
P60484-51D/A,10-87894097A>C,0.897
P60484-51D/G,10-87894097A>G,0.885
P60484-51D/V,10-87894097A>T,0.906
P60484-51D/E,10-87894098T>A,0.586
P60484-51D/E,10-87894098T>G,0.582
P60484-52D/N,10-87894099G>A,0.887
P60484-52D/H,10-87894099G>C,0.957
P60484-52D/Y,10-87894099G>T,0.954
P60484-52D/A,10-87894100A>C,0.946
P60484-52D/G,10-87894100A>G,0.94
P60484-52D/V,10-87894100A>T,0.95
P60484-52D/E,10-87894101T>A,0.721
P60484-52D/E,10-87894101T>G,0.723
P60484-53V/I,10-87894102G>A,0.775
P60484-53V/L,10-87894102G>C,0.927
P60484-53V/L,10-87894102G>T,0.927
P60484-53V/E,10-87894103T>A,0.985
P60484-53V/A,10-87894103T>C,0.949
P60484-53V/G,10-87894103T>G,0.985
P60484-54V/I,10-87894105G>A,0.605
P60484-54V/L,10-87894105G>C,0.684
P60484-54V/L,10-87894105G>T,0.684
P60484-54V/E,10-87894106T>A,0.937
P60484-54V/A,10-87894106T>C,0.789
P60484-54V/G,10-87894106T>G,0.919
P60484-55R/G,10-87894108A>G,0.852
P60484-55R/W,10-87894108A>T,0.884
P60484-55R/K,10-87894109G>A,0.594
P60484-55R/T,10-87894109G>C,0.923
P60484-55R/M,10-87894109G>T,0.915
P60484-55R/S,10-87925513G>C,0.863
P60484-55R/S,10-87925513G>T,0.868
P60484-56F/I,10-87925514T>A,0.969
P60484-56F/L,10-87925514T>C,0.868
P60484-56F/V,10-87925514T>G,0.968
P60484-56F/Y,10-87925515T>A,0.847
P60484-56F/S,10-87925515T>C,0.986
P60484-56F/C,10-87925515T>G,0.982
P60484-56F/L,10-87925516T>A,0.848
P60484-56F/L,10-87925516T>G,0.857
P60484-57L/M,10-87925517T>A,0.815
P60484-57L/V,10-87925517T>G,0.879
P60484-57L/S,10-87925518T>C,0.976
P60484-57L/W,10-87925518T>G,0.965
P60484-57L/F,10-87925519G>C,0.803
P60484-57L/F,10-87925519G>T,0.803
P60484-58D/N,10-87925520G>A,0.509
P60484-58D/H,10-87925520G>C,0.88
P60484-58D/Y,10-87925520G>T,0.915
P60484-58D/A,10-87925521A>C,0.926
P60484-58D/G,10-87925521A>G,0.924
P60484-58D/V,10-87925521A>T,0.94
P60484-58D/E,10-87925522T>A,0.52
P60484-58D/E,10-87925522T>G,0.52
P60484-59S/T,10-87925523T>A,0.596
P60484-59S/P,10-87925523T>C,0.898
P60484-59S/A,10-87925523T>G,0.733
P60484-59S/L,10-87925524C>T,0.631
P60484-60K/Q,10-87925526A>C,0.806
P60484-60K/E,10-87925526A>G,0.875
P60484-60K/T,10-87925527A>C,0.901
P60484-60K/R,10-87925527A>G,0.66
P60484-60K/M,10-87925527A>T,0.889
P60484-60K/N,10-87925528G>C,0.62
P60484-60K/N,10-87925528G>T,0.62
P60484-61H/N,10-87925529C>A,0.889
P60484-61H/D,10-87925529C>G,0.958
P60484-61H/Y,10-87925529C>T,0.962
P60484-61H/P,10-87925530A>C,0.984
P60484-61H/R,10-87925530A>G,0.981
P60484-61H/L,10-87925530A>T,0.956
P60484-61H/Q,10-87925531T>A,0.966
P60484-61H/Q,10-87925531T>G,0.966
P60484-62K/Q,10-87925532A>C,0.664
P60484-62K/E,10-87925532A>G,0.806
P60484-62K/T,10-87925533A>C,0.855
P60484-62K/R,10-87925533A>G,0.693
P60484-62K/I,10-87925533A>T,0.899
P60484-62K/N,10-87925534A>C,0.764
P60484-62K/N,10-87925534A>T,0.765
P60484-63N/H,10-87925535A>C,0.775
P60484-63N/D,10-87925535A>G,0.381
P60484-63N/Y,10-87925535A>T,0.814
P60484-63N/T,10-87925536A>C,0.586
P60484-63N/S,10-87925536A>G,0.398
P60484-63N/I,10-87925536A>T,0.878
P60484-63N/K,10-87925537C>A,0.463
P60484-63N/K,10-87925537C>G,0.468
P60484-64H/N,10-87925538C>A,0.575
P60484-64H/D,10-87925538C>G,0.744
P60484-64H/Y,10-87925538C>T,0.848
P60484-64H/P,10-87925539A>C,0.868
P60484-64H/R,10-87925539A>G,0.853
P60484-64H/L,10-87925539A>T,0.805
P60484-64H/Q,10-87925540T>A,0.826
P60484-64H/Q,10-87925540T>G,0.811
P60484-65Y/N,10-87925541T>A,0.952
P60484-65Y/H,10-87925541T>C,0.975
P60484-65Y/D,10-87925541T>G,0.975
P60484-65Y/S,10-87925542A>C,0.988
P60484-65Y/C,10-87925542A>G,0.993
P60484-65Y/F,10-87925542A>T,0.905
P60484-66K/Q,10-87925544A>C,0.856
P60484-66K/E,10-87925544A>G,0.907
P60484-66K/T,10-87925545A>C,0.884
P60484-66K/R,10-87925545A>G,0.747
P60484-66K/M,10-87925545A>T,0.865
P60484-66K/N,10-87925546G>C,0.793
P60484-66K/N,10-87925546G>T,0.791
P60484-67I/L,10-87925547A>C,0.808
P60484-67I/V,10-87925547A>G,0.602
P60484-67I/L,10-87925547A>T,0.805
P60484-67I/K,10-87925548T>A,0.978
P60484-67I/T,10-87925548T>C,0.966
P60484-67I/R,10-87925548T>G,0.975
P60484-67I/M,10-87925549A>G,0.908
P60484-68Y/N,10-87925550T>A,0.941
P60484-68Y/H,10-87925550T>C,0.988
P60484-68Y/D,10-87925550T>G,0.984
P60484-68Y/S,10-87925551A>C,0.986
P60484-68Y/C,10-87925551A>G,0.985
P60484-68Y/F,10-87925551A>T,0.857
P60484-69N/H,10-87925553A>C,0.926
P60484-69N/D,10-87925553A>G,0.934
P60484-69N/Y,10-87925553A>T,0.982
P60484-69N/T,10-87925554A>C,0.911
P60484-69N/S,10-87925554A>G,0.936
P60484-69N/I,10-87925554A>T,0.915
P60484-69N/K,10-87925555T>A,0.886
P60484-69N/K,10-87925555T>G,0.886
P60484-70L/I,10-87925556C>A,0.856
P60484-70L/V,10-87925556C>G,0.934
P60484-70L/F,10-87925556C>T,0.912
P60484-70L/H,10-87925557T>A,0.98
P60484-70L/P,10-87925557T>C,0.988
P60484-70L/R,10-87925557T>G,0.985
P60484-71C/S,10-87931047T>A,0.92
P60484-71C/R,10-87931047T>C,0.965
P60484-71C/G,10-87931047T>G,0.96
P60484-71C/Y,10-87931048G>A,0.957
P60484-71C/S,10-87931048G>C,0.879
P60484-71C/F,10-87931048G>T,0.958
P60484-71C/W,10-87931049T>G,0.946
P60484-72A/T,10-87931050G>A,0.703
P60484-72A/P,10-87931050G>C,0.822
P60484-72A/S,10-87931050G>T,0.588
P60484-72A/D,10-87931051C>A,0.796
P60484-72A/G,10-87931051C>G,0.715
P60484-72A/V,10-87931051C>T,0.848
P60484-73E/K,10-87931053G>A,0.951
P60484-73E/Q,10-87931053G>C,0.911
P60484-73E/A,10-87931054A>C,0.976
P60484-73E/G,10-87931054A>G,0.96
P60484-73E/V,10-87931054A>T,0.975
P60484-73E/D,10-87931055A>C,0.925
P60484-73E/D,10-87931055A>T,0.925
P60484-74R/G,10-87931056A>G,0.92
P60484-74R/K,10-87931057G>A,0.82
P60484-74R/T,10-87931057G>C,0.931
P60484-74R/I,10-87931057G>T,0.932
P60484-74R/S,10-87931058A>C,0.947
P60484-74R/S,10-87931058A>T,0.947
P60484-75H/N,10-87931059C>A,0.412
P60484-75H/D,10-87931059C>G,0.57
P60484-75H/Y,10-87931059C>T,0.647
P60484-75H/P,10-87931060A>C,0.735
P60484-75H/R,10-87931060A>G,0.589
P60484-75H/L,10-87931060A>T,0.641
P60484-75H/Q,10-87931061T>A,0.586
P60484-75H/Q,10-87931061T>G,0.586
P60484-76Y/N,10-87931062T>A,0.944
P60484-76Y/H,10-87931062T>C,0.951
P60484-76Y/D,10-87931062T>G,0.947
P60484-76Y/S,10-87931063A>C,0.959
P60484-76Y/C,10-87931063A>G,0.966
P60484-76Y/F,10-87931063A>T,0.945
P60484-77D/N,10-87931065G>A,0.737
P60484-77D/H,10-87931065G>C,0.941
P60484-77D/Y,10-87931065G>T,0.937
P60484-77D/A,10-87931066A>C,0.925
P60484-77D/G,10-87931066A>G,0.947
P60484-77D/V,10-87931066A>T,0.96
P60484-77D/E,10-87931067C>A,0.823
P60484-77D/E,10-87931067C>G,0.821
P60484-78T/P,10-87931068A>C,0.457
P60484-78T/A,10-87931068A>G,0.429
P60484-78T/S,10-87931068A>T,0.445
P60484-78T/N,10-87931069C>A,0.559
P60484-78T/S,10-87931069C>G,0.43
P60484-78T/I,10-87931069C>T,0.424
P60484-79A/T,10-87931071G>A,0.485
P60484-79A/P,10-87931071G>C,0.743
P60484-79A/S,10-87931071G>T,0.488
P60484-79A/D,10-87931072C>A,0.531
P60484-79A/G,10-87931072C>G,0.533
P60484-79A/V,10-87931072C>T,0.554
P60484-80K/Q,10-87931074A>C,0.791
P60484-80K/E,10-87931074A>G,0.775
P60484-80K/T,10-87931075A>C,0.799
P60484-80K/R,10-87931075A>G,0.529
P60484-80K/I,10-87931075A>T,0.773
P60484-80K/N,10-87931076A>C,0.707
P60484-80K/N,10-87931076A>T,0.696
P60484-81F/I,10-87931077T>A,0.872
P60484-81F/L,10-87931077T>C,0.849
P60484-81F/V,10-87931077T>G,0.9
P60484-81F/Y,10-87931078T>A,0.832
P60484-81F/S,10-87931078T>C,0.934
P60484-81F/C,10-87931078T>G,0.922
P60484-81F/L,10-87931079T>A,0.871
P60484-81F/L,10-87931079T>G,0.871
P60484-82N/H,10-87931080A>C,0.439
P60484-82N/D,10-87931080A>G,0.56
P60484-82N/Y,10-87931080A>T,0.781
P60484-82N/T,10-87931081A>C,0.686
P60484-82N/S,10-87931081A>G,0.452
P60484-82N/I,10-87931081A>T,0.819
P60484-82N/K,10-87931082T>A,0.402
P60484-82N/K,10-87931082T>G,0.402
P60484-83C/S,10-87931083T>A,0.571
P60484-83C/R,10-87931083T>C,0.654
P60484-83C/G,10-87931083T>G,0.508
P60484-83C/Y,10-87931084G>A,0.609
P60484-83C/S,10-87931084G>C,0.566
P60484-83C/F,10-87931084G>T,0.688
P60484-83C/W,10-87931085C>G,0.654
P60484-84R/G,10-87931086A>G,0.905
P60484-84R/K,10-87931087G>A,0.626
P60484-84R/T,10-87931087G>C,0.817
P60484-84R/I,10-87931087G>T,0.824
P60484-84R/S,10-87931088A>C,0.892
P60484-84R/S,10-87931088A>T,0.895
P60484-85V/I,10-87931089G>A,0.693
P60484-85V/L,10-87931089G>C,0.919
P60484-85V/F,10-87931089G>T,0.94
P60484-85V/D,10-87933013T>A,0.993
P60484-85V/A,10-87933013T>C,0.968
P60484-85V/G,10-87933013T>G,0.973
P60484-86A/T,10-87933015G>A,0.766
P60484-86A/P,10-87933015G>C,0.945
P60484-86A/S,10-87933015G>T,0.656
P60484-86A/E,10-87933016C>A,0.874
P60484-86A/G,10-87933016C>G,0.845
P60484-86A/V,10-87933016C>T,0.789
P60484-87Q/K,10-87933018C>A,0.595
P60484-87Q/E,10-87933018C>G,0.574
P60484-87Q/P,10-87933019A>C,0.835
P60484-87Q/R,10-87933019A>G,0.684
P60484-87Q/L,10-87933019A>T,0.729
P60484-87Q/H,10-87933020A>C,0.483
P60484-87Q/H,10-87933020A>T,0.484
P60484-88Y/N,10-87933021T>A,0.959
P60484-88Y/H,10-87933021T>C,0.971
P60484-88Y/D,10-87933021T>G,0.971
P60484-88Y/S,10-87933022A>C,0.965
P60484-88Y/C,10-87933022A>G,0.927
P60484-88Y/F,10-87933022A>T,0.515
P60484-89P/T,10-87933024C>A,0.963
P60484-89P/A,10-87933024C>G,0.896
P60484-89P/S,10-87933024C>T,0.937
P60484-89P/H,10-87933025C>A,0.951
P60484-89P/R,10-87933025C>G,0.967
P60484-89P/L,10-87933025C>T,0.951
P60484-90F/I,10-87933027T>A,0.906
P60484-90F/L,10-87933027T>C,0.976
P60484-90F/V,10-87933027T>G,0.959
P60484-90F/Y,10-87933028T>A,0.948
P60484-90F/S,10-87933028T>C,0.984
P60484-90F/C,10-87933028T>G,0.982
P60484-90F/L,10-87933029T>A,0.945
P60484-90F/L,10-87933029T>G,0.945
P60484-91E/K,10-87933030G>A,0.841
P60484-91E/Q,10-87933030G>C,0.733
P60484-91E/A,10-87933031A>C,0.908
P60484-91E/G,10-87933031A>G,0.906
P60484-91E/V,10-87933031A>T,0.908
P60484-91E/D,10-87933032A>C,0.571
P60484-91E/D,10-87933032A>T,0.551
P60484-92D/N,10-87933033G>A,0.924
P60484-92D/H,10-87933033G>C,0.981
P60484-92D/Y,10-87933033G>T,0.96
P60484-92D/A,10-87933034A>C,0.989
P60484-92D/G,10-87933034A>G,0.977
P60484-92D/V,10-87933034A>T,0.984
P60484-92D/E,10-87933035C>A,0.897
P60484-92D/E,10-87933035C>G,0.897
P60484-93H/N,10-87933036C>A,0.891
P60484-93H/D,10-87933036C>G,0.959
P60484-93H/Y,10-87933036C>T,0.975
P60484-93H/P,10-87933037A>C,0.974
P60484-93H/R,10-87933037A>G,0.968
P60484-93H/L,10-87933037A>T,0.961
P60484-93H/Q,10-87933038T>A,0.893
P60484-93H/Q,10-87933038T>G,0.895
P60484-94N/H,10-87933039A>C,0.542
P60484-94N/D,10-87933039A>G,0.746
P60484-94N/Y,10-87933039A>T,0.841
P60484-94N/T,10-87933040A>C,0.726
P60484-94N/S,10-87933040A>G,0.672
P60484-94N/I,10-87933040A>T,0.837
P60484-94N/K,10-87933041C>A,0.64
P60484-94N/K,10-87933041C>G,0.64
P60484-95P/T,10-87933042C>A,0.854
P60484-95P/A,10-87933042C>G,0.772
P60484-95P/S,10-87933042C>T,0.826
P60484-95P/Q,10-87933043C>A,0.897
P60484-95P/R,10-87933043C>G,0.898
P60484-95P/L,10-87933043C>T,0.929
P60484-96P/T,10-87933045C>A,0.945
P60484-96P/A,10-87933045C>G,0.872
P60484-96P/S,10-87933045C>T,0.931
P60484-96P/Q,10-87933046C>A,0.966
P60484-96P/R,10-87933046C>G,0.966
P60484-96P/L,10-87933046C>T,0.933
P60484-97Q/K,10-87933048C>A,0.493
P60484-97Q/E,10-87933048C>G,0.697
P60484-97Q/P,10-87933049A>C,0.722
P60484-97Q/R,10-87933049A>G,0.614
P60484-97Q/L,10-87933049A>T,0.843
P60484-97Q/H,10-87933050G>C,0.758
P60484-97Q/H,10-87933050G>T,0.758
P60484-98L/I,10-87933051C>A,0.61
P60484-98L/V,10-87933051C>G,0.767
P60484-98L/Q,10-87933052T>A,0.922
P60484-98L/P,10-87933052T>C,0.912
P60484-98L/R,10-87933052T>G,0.903
P60484-99E/K,10-87933054G>A,0.773
P60484-99E/Q,10-87933054G>C,0.581
P60484-99E/A,10-87933055A>C,0.836
P60484-99E/G,10-87933055A>G,0.853
P60484-99E/V,10-87933055A>T,0.915
P60484-99E/D,10-87933056A>C,0.608
P60484-99E/D,10-87933056A>T,0.608
P60484-100L/I,10-87933057C>A,0.525
P60484-100L/V,10-87933057C>G,0.671
P60484-100L/F,10-87933057C>T,0.682
P60484-100L/H,10-87933058T>A,0.937
P60484-100L/P,10-87933058T>C,0.962
P60484-100L/R,10-87933058T>G,0.878
P60484-101I/L,10-87933060A>C,0.789
P60484-101I/V,10-87933060A>G,0.739
P60484-101I/F,10-87933060A>T,0.925
P60484-101I/N,10-87933061T>A,0.955
P60484-101I/T,10-87933061T>C,0.981
P60484-101I/S,10-87933061T>G,0.978
P60484-101I/M,10-87933062C>G,0.763
P60484-102K/Q,10-87933063A>C,0.634
P60484-102K/E,10-87933063A>G,0.705
P60484-102K/T,10-87933064A>C,0.794
P60484-102K/R,10-87933064A>G,0.451
P60484-102K/I,10-87933064A>T,0.721
P60484-102K/N,10-87933065A>C,0.522
P60484-102K/N,10-87933065A>T,0.522
P60484-103P/T,10-87933066C>A,0.785
P60484-103P/A,10-87933066C>G,0.683
P60484-103P/S,10-87933066C>T,0.735
P60484-103P/H,10-87933067C>A,0.783
P60484-103P/R,10-87933067C>G,0.754
P60484-103P/L,10-87933067C>T,0.755
P60484-104F/I,10-87933069T>A,0.891
P60484-104F/L,10-87933069T>C,0.914
P60484-104F/V,10-87933069T>G,0.941
P60484-104F/Y,10-87933070T>A,0.897
P60484-104F/S,10-87933070T>C,0.944
P60484-104F/C,10-87933070T>G,0.921
P60484-104F/L,10-87933071T>A,0.705
P60484-104F/L,10-87933071T>G,0.746
P60484-105C/S,10-87933072T>A,0.931
P60484-105C/R,10-87933072T>C,0.898
P60484-105C/G,10-87933072T>G,0.894
P60484-105C/Y,10-87933073G>A,0.9
P60484-105C/S,10-87933073G>C,0.939
P60484-105C/F,10-87933073G>T,0.904
P60484-105C/W,10-87933074T>G,0.784
P60484-106E/K,10-87933075G>A,0.749
P60484-106E/Q,10-87933075G>C,0.716
P60484-106E/A,10-87933076A>C,0.865
P60484-106E/G,10-87933076A>G,0.912
P60484-106E/V,10-87933076A>T,0.894
P60484-106E/D,10-87933077A>C,0.743
P60484-106E/D,10-87933077A>T,0.74
P60484-107D/N,10-87933078G>A,0.581
P60484-107D/H,10-87933078G>C,0.808
P60484-107D/Y,10-87933078G>T,0.827
P60484-107D/A,10-87933079A>C,0.847
P60484-107D/G,10-87933079A>G,0.936
P60484-107D/V,10-87933079A>T,0.862
P60484-107D/E,10-87933080T>A,0.685
P60484-107D/E,10-87933080T>G,0.68
P60484-108L/I,10-87933081C>A,0.569
P60484-108L/V,10-87933081C>G,0.514
P60484-108L/F,10-87933081C>T,0.781
P60484-108L/H,10-87933082T>A,0.966
P60484-108L/P,10-87933082T>C,0.951
P60484-108L/R,10-87933082T>G,0.957
P60484-109D/N,10-87933084G>A,0.619
P60484-109D/H,10-87933084G>C,0.68
P60484-109D/Y,10-87933084G>T,0.84
P60484-109D/A,10-87933085A>C,0.9
P60484-109D/G,10-87933085A>G,0.914
P60484-109D/V,10-87933085A>T,0.918
P60484-109D/E,10-87933086C>A,0.668
P60484-109D/E,10-87933086C>G,0.668
P60484-110Q/K,10-87933087C>A,0.332
P60484-110Q/E,10-87933087C>G,0.406
P60484-110Q/P,10-87933088A>C,0.744
P60484-110Q/R,10-87933088A>G,0.431
P60484-110Q/L,10-87933088A>T,0.45
P60484-110Q/H,10-87933089A>C,0.598
P60484-110Q/H,10-87933089A>T,0.598
P60484-111W/R,10-87933090T>A,0.961
P60484-111W/R,10-87933090T>C,0.961
P60484-111W/G,10-87933090T>G,0.963
P60484-111W/S,10-87933091G>C,0.919
P60484-111W/L,10-87933091G>T,0.794
P60484-111W/C,10-87933092G>C,0.923
P60484-111W/C,10-87933092G>T,0.923
P60484-112L/I,10-87933093C>A,0.817
P60484-112L/V,10-87933093C>G,0.892
P60484-112L/Q,10-87933094T>A,0.986
P60484-112L/P,10-87933094T>C,0.991
P60484-112L/R,10-87933094T>G,0.985
P60484-113S/R,10-87933096A>C,0.662
P60484-113S/G,10-87933096A>G,0.626
P60484-113S/C,10-87933096A>T,0.835
P60484-113S/N,10-87933097G>A,0.44
P60484-113S/T,10-87933097G>C,0.539
P60484-113S/I,10-87933097G>T,0.797
P60484-113S/R,10-87933098T>A,0.656
P60484-113S/R,10-87933098T>G,0.656
P60484-114E/K,10-87933099G>A,0.493
P60484-114E/Q,10-87933099G>C,0.447
P60484-114E/A,10-87933100A>C,0.68
P60484-114E/G,10-87933100A>G,0.78
P60484-114E/V,10-87933100A>T,0.779
P60484-114E/D,10-87933101A>C,0.637
P60484-114E/D,10-87933101A>T,0.645
P60484-115D/N,10-87933102G>A,0.39
P60484-115D/H,10-87933102G>C,0.539
P60484-115D/Y,10-87933102G>T,0.735
P60484-115D/A,10-87933103A>C,0.709
P60484-115D/G,10-87933103A>G,0.673
P60484-115D/V,10-87933103A>T,0.814
P60484-115D/E,10-87933104T>A,0.587
P60484-115D/E,10-87933104T>G,0.58
P60484-116D/N,10-87933105G>A,0.428
P60484-116D/H,10-87933105G>C,0.609
P60484-116D/Y,10-87933105G>T,0.772
P60484-116D/A,10-87933106A>C,0.522
P60484-116D/G,10-87933106A>G,0.537
P60484-116D/V,10-87933106A>T,0.667
P60484-116D/E,10-87933107C>A,0.386
P60484-116D/E,10-87933107C>G,0.386
P60484-117N/H,10-87933108A>C,0.454
P60484-117N/D,10-87933108A>G,0.235
P60484-117N/Y,10-87933108A>T,0.815
P60484-117N/T,10-87933109A>C,0.324
P60484-117N/S,10-87933109A>G,0.275
P60484-117N/I,10-87933109A>T,0.787
P60484-117N/K,10-87933110T>A,0.312
P60484-117N/K,10-87933110T>G,0.312
P60484-118H/N,10-87933111C>A,0.399
P60484-118H/D,10-87933111C>G,0.732
P60484-118H/Y,10-87933111C>T,0.807
P60484-118H/P,10-87933112A>C,0.921
P60484-118H/R,10-87933112A>G,0.812
P60484-118H/L,10-87933112A>T,0.922
P60484-118H/Q,10-87933113T>A,0.751
P60484-118H/Q,10-87933113T>G,0.751
P60484-119V/I,10-87933114G>A,0.731
P60484-119V/L,10-87933114G>C,0.923
P60484-119V/F,10-87933114G>T,0.966
P60484-119V/D,10-87933115T>A,0.979
P60484-119V/A,10-87933115T>C,0.938
P60484-119V/G,10-87933115T>G,0.985
P60484-120A/T,10-87933117G>A,0.762
P60484-120A/P,10-87933117G>C,0.906
P60484-120A/S,10-87933117G>T,0.793
P60484-120A/E,10-87933118C>A,0.901
P60484-120A/G,10-87933118C>G,0.845
P60484-120A/V,10-87933118C>T,0.579
P60484-121A/T,10-87933120G>A,0.822
P60484-121A/P,10-87933120G>C,0.912
P60484-121A/S,10-87933120G>T,0.787
P60484-121A/E,10-87933121C>A,0.884
P60484-121A/G,10-87933121C>G,0.786
P60484-121A/V,10-87933121C>T,0.611
P60484-122I/L,10-87933123A>C,0.66
P60484-122I/V,10-87933123A>G,0.412
P60484-122I/F,10-87933123A>T,0.889
P60484-122I/N,10-87933124T>A,0.933
P60484-122I/T,10-87933124T>C,0.936
P60484-122I/S,10-87933124T>G,0.939
P60484-122I/M,10-87933125T>G,0.713
P60484-123H/N,10-87933126C>A,0.867
P60484-123H/D,10-87933126C>G,0.98
P60484-123H/Y,10-87933126C>T,0.97
P60484-123H/P,10-87933127A>C,0.973
P60484-123H/R,10-87933127A>G,0.985
P60484-123H/L,10-87933127A>T,0.948
P60484-123H/Q,10-87933128C>A,0.91
P60484-123H/Q,10-87933128C>G,0.91
P60484-124C/S,10-87933129T>A,0.975
P60484-124C/R,10-87933129T>C,0.966
P60484-124C/G,10-87933129T>G,0.963
P60484-124C/Y,10-87933130G>A,0.964
P60484-124C/S,10-87933130G>C,0.96
P60484-124C/F,10-87933130G>T,0.944
P60484-124C/W,10-87933131T>G,0.917
P60484-125K/Q,10-87933132A>C,0.896
P60484-125K/E,10-87933132A>G,0.951
P60484-125K/T,10-87933133A>C,0.914
P60484-125K/R,10-87933133A>G,0.876
P60484-125K/I,10-87933133A>T,0.911
P60484-125K/N,10-87933134A>C,0.884
P60484-125K/N,10-87933134A>T,0.875
P60484-126A/T,10-87933135G>A,0.972
P60484-126A/P,10-87933135G>C,0.969
P60484-126A/S,10-87933135G>T,0.889
P60484-126A/D,10-87933136C>A,0.96
P60484-126A/G,10-87933136C>G,0.878
P60484-126A/V,10-87933136C>T,0.959
P60484-127G/R,10-87933138G>A,0.961
P60484-127G/R,10-87933138G>C,0.96
P60484-127G/E,10-87933139G>A,0.954
P60484-127G/A,10-87933139G>C,0.949
P60484-127G/V,10-87933139G>T,0.964
P60484-128K/Q,10-87933141A>C,0.892
P60484-128K/E,10-87933141A>G,0.951
P60484-128K/T,10-87933142A>C,0.921
P60484-128K/R,10-87933142A>G,0.826
P60484-128K/M,10-87933142A>T,0.93
P60484-128K/N,10-87933143G>C,0.848
P60484-128K/N,10-87933143G>T,0.848
P60484-129G/R,10-87933144G>A,0.938
P60484-129G/R,10-87933144G>C,0.939
P60484-129G/E,10-87933145G>A,0.94
P60484-129G/A,10-87933145G>C,0.891
P60484-129G/V,10-87933145G>T,0.935
P60484-130R/G,10-87933147C>G,0.962
P60484-130R/Q,10-87933148G>A,0.976
P60484-130R/P,10-87933148G>C,0.984
P60484-130R/L,10-87933148G>T,0.987
P60484-131T/P,10-87933150A>C,0.987
P60484-131T/A,10-87933150A>G,0.977
P60484-131T/S,10-87933150A>T,0.944
P60484-131T/N,10-87933151C>A,0.9
P60484-131T/S,10-87933151C>G,0.934
P60484-131T/I,10-87933151C>T,0.965
P60484-132G/S,10-87933153G>A,0.956
P60484-132G/R,10-87933153G>C,0.968
P60484-132G/C,10-87933153G>T,0.966
P60484-132G/D,10-87933154G>A,0.991
P60484-132G/A,10-87933154G>C,0.965
P60484-132G/V,10-87933154G>T,0.989
P60484-133V/I,10-87933156G>A,0.777
P60484-133V/L,10-87933156G>C,0.854
P60484-133V/L,10-87933156G>T,0.854
P60484-133V/E,10-87933157T>A,0.99
P60484-133V/A,10-87933157T>C,0.939
P60484-133V/G,10-87933157T>G,0.987
P60484-134M/L,10-87933159A>C,0.692
P60484-134M/V,10-87933159A>G,0.86
P60484-134M/L,10-87933159A>T,0.686
P60484-134M/K,10-87933160T>A,0.969
P60484-134M/T,10-87933160T>C,0.943
P60484-134M/R,10-87933160T>G,0.973
P60484-134M/I,10-87933161G>A,0.892
P60484-134M/I,10-87933161G>C,0.892
P60484-134M/I,10-87933161G>T,0.892
P60484-135I/L,10-87933162A>C,0.866
P60484-135I/V,10-87933162A>G,0.82
P60484-135I/L,10-87933162A>T,0.866
P60484-135I/K,10-87933163T>A,0.99
P60484-135I/T,10-87933163T>C,0.983
P60484-135I/R,10-87933163T>G,0.994
P60484-135I/M,10-87933164A>G,0.903
P60484-136C/S,10-87933165T>A,0.927
P60484-136C/R,10-87933165T>C,0.991
P60484-136C/G,10-87933165T>G,0.928
P60484-136C/Y,10-87933166G>A,0.974
P60484-136C/S,10-87933166G>C,0.942
P60484-136C/F,10-87933166G>T,0.966
P60484-136C/W,10-87933167T>G,0.954
P60484-137A/T,10-87933168G>A,0.918
P60484-137A/P,10-87933168G>C,0.957
P60484-137A/S,10-87933168G>T,0.681
P60484-137A/E,10-87933169C>A,0.96
P60484-137A/G,10-87933169C>G,0.885
P60484-137A/V,10-87933169C>T,0.926
P60484-138Y/N,10-87933171T>A,0.92
P60484-138Y/H,10-87933171T>C,0.947
P60484-138Y/D,10-87933171T>G,0.971
P60484-138Y/S,10-87933172A>C,0.962
P60484-138Y/C,10-87933172A>G,0.962
P60484-138Y/F,10-87933172A>T,0.836
P60484-139L/I,10-87933174T>A,0.746
P60484-139L/V,10-87933174T>G,0.843
P60484-139L/S,10-87933175T>C,0.966
P60484-139L/F,10-87933176A>C,0.847
P60484-139L/F,10-87933176A>T,0.847
P60484-140L/I,10-87933177T>A,0.55
P60484-140L/V,10-87933177T>G,0.732
P60484-140L/S,10-87933178T>C,0.92
P60484-140L/F,10-87933179A>C,0.773
P60484-140L/F,10-87933179A>T,0.767
P60484-141H/N,10-87933180C>A,0.648
P60484-141H/D,10-87933180C>G,0.843
P60484-141H/Y,10-87933180C>T,0.69
P60484-141H/P,10-87933181A>C,0.926
P60484-141H/R,10-87933181A>G,0.763
P60484-141H/L,10-87933181A>T,0.796
P60484-141H/Q,10-87933182T>A,0.664
P60484-141H/Q,10-87933182T>G,0.678
P60484-142R/G,10-87933183C>G,0.731
P60484-142R/W,10-87933183C>T,0.716
P60484-142R/Q,10-87933184G>A,0.669
P60484-142R/P,10-87933184G>C,0.877
P60484-142R/L,10-87933184G>T,0.775
P60484-143G/S,10-87933186G>A,0.674
P60484-143G/R,10-87933186G>C,0.533
P60484-143G/C,10-87933186G>T,0.89
P60484-143G/D,10-87933187G>A,0.813
P60484-143G/A,10-87933187G>C,0.686
P60484-143G/V,10-87933187G>T,0.883
P60484-144K/Q,10-87933189A>C,0.412
P60484-144K/E,10-87933189A>G,0.711
P60484-144K/T,10-87933190A>C,0.691
P60484-144K/R,10-87933190A>G,0.194
P60484-144K/I,10-87933190A>T,0.641
P60484-144K/N,10-87933191A>C,0.464
P60484-144K/N,10-87933191A>T,0.464
P60484-145F/I,10-87933192T>A,0.836
P60484-145F/L,10-87933192T>C,0.848
P60484-145F/V,10-87933192T>G,0.864
P60484-145F/Y,10-87933193T>A,0.681
P60484-145F/S,10-87933193T>C,0.862
P60484-145F/C,10-87933193T>G,0.861
P60484-145F/L,10-87933194T>A,0.684
P60484-145F/L,10-87933194T>G,0.678
P60484-146L/I,10-87933195T>A,0.346
P60484-146L/V,10-87933195T>G,0.347
P60484-146L/S,10-87933196T>C,0.413
P60484-146L/F,10-87933197A>C,0.484
P60484-146L/F,10-87933197A>T,0.484
P60484-147K/Q,10-87933198A>C,0.53
P60484-147K/E,10-87933198A>G,0.387
P60484-147K/T,10-87933199A>C,0.409
P60484-147K/R,10-87933199A>G,0.398
P60484-147K/M,10-87933199A>T,0.677
P60484-147K/N,10-87933200G>C,0.341
P60484-147K/N,10-87933200G>T,0.341
P60484-148A/T,10-87933201G>A,0.737
P60484-148A/P,10-87933201G>C,0.581
P60484-148A/S,10-87933201G>T,0.645
P60484-148A/E,10-87933202C>A,0.873
P60484-148A/G,10-87933202C>G,0.724
P60484-148A/V,10-87933202C>T,0.837
P60484-149Q/K,10-87933204C>A,0.587
P60484-149Q/E,10-87933204C>G,0.446
P60484-149Q/P,10-87933205A>C,0.812
P60484-149Q/R,10-87933205A>G,0.612
P60484-149Q/L,10-87933205A>T,0.72
P60484-149Q/H,10-87933206A>C,0.642
P60484-149Q/H,10-87933206A>T,0.642
P60484-150E/K,10-87933207G>A,0.734
P60484-150E/Q,10-87933207G>C,0.78
P60484-150E/A,10-87933208A>C,0.868
P60484-150E/G,10-87933208A>G,0.926
P60484-150E/V,10-87933208A>T,0.919
P60484-150E/D,10-87933209G>C,0.575
P60484-150E/D,10-87933209G>T,0.575
P60484-151A/T,10-87933210G>A,0.871
P60484-151A/P,10-87933210G>C,0.953
P60484-151A/S,10-87933210G>T,0.76
P60484-151A/D,10-87933211C>A,0.939
P60484-151A/G,10-87933211C>G,0.86
P60484-151A/V,10-87933211C>T,0.887
P60484-152L/I,10-87933213C>A,0.627
P60484-152L/V,10-87933213C>G,0.799
P60484-152L/Q,10-87933214T>A,0.947
P60484-152L/P,10-87933214T>C,0.951
P60484-152L/R,10-87933214T>G,0.955
P60484-153D/N,10-87933216G>A,0.501
P60484-153D/H,10-87933216G>C,0.64
P60484-153D/Y,10-87933216G>T,0.873
P60484-153D/A,10-87933217A>C,0.799
P60484-153D/G,10-87933217A>G,0.853
P60484-153D/V,10-87933217A>T,0.897
P60484-153D/E,10-87933218T>A,0.511
P60484-153D/E,10-87933218T>G,0.511
P60484-154F/I,10-87933219T>A,0.792
P60484-154F/L,10-87933219T>C,0.793
P60484-154F/V,10-87933219T>G,0.906
P60484-154F/Y,10-87933220T>A,0.483
P60484-154F/S,10-87933220T>C,0.928
P60484-154F/C,10-87933220T>G,0.901
P60484-154F/L,10-87933221C>A,0.585
P60484-154F/L,10-87933221C>G,0.585
P60484-155Y/N,10-87933222T>A,0.911
P60484-155Y/H,10-87933222T>C,0.946
P60484-155Y/D,10-87933222T>G,0.96
P60484-155Y/S,10-87933223A>C,0.951
P60484-155Y/C,10-87933223A>G,0.968
P60484-155Y/F,10-87933223A>T,0.763
P60484-156G/R,10-87933225G>A,0.782
P60484-156G/R,10-87933225G>C,0.782
P60484-156G/W,10-87933225G>T,0.863
P60484-156G/E,10-87933226G>A,0.835
P60484-156G/A,10-87933226G>C,0.669
P60484-156G/V,10-87933226G>T,0.849
P60484-157E/K,10-87933228G>A,0.604
P60484-157E/Q,10-87933228G>C,0.512
P60484-157E/A,10-87933229A>C,0.801
P60484-157E/G,10-87933229A>G,0.906
P60484-157E/V,10-87933229A>T,0.82
P60484-157E/D,10-87933230A>C,0.715
P60484-157E/D,10-87933230A>T,0.715
P60484-158V/I,10-87933231G>A,0.772
P60484-158V/L,10-87933231G>C,0.737
P60484-158V/L,10-87933231G>T,0.741
P60484-158V/E,10-87933232T>A,0.875
P60484-158V/A,10-87933232T>C,0.6
P60484-158V/G,10-87933232T>G,0.894
P60484-159R/G,10-87933234A>G,0.955
P60484-159R/W,10-87933234A>T,0.945
P60484-159R/K,10-87933235G>A,0.961
P60484-159R/T,10-87933235G>C,0.979
P60484-159R/M,10-87933235G>T,0.965
P60484-159R/S,10-87933236G>C,0.98
P60484-159R/S,10-87933236G>T,0.98
P60484-160T/P,10-87933237A>C,0.875
P60484-160T/A,10-87933237A>G,0.908
P60484-160T/S,10-87933237A>T,0.872
P60484-160T/N,10-87933238C>A,0.861
P60484-160T/S,10-87933238C>G,0.788
P60484-160T/I,10-87933238C>T,0.892
P60484-161R/G,10-87933240A>G,0.793
P60484-161R/K,10-87933241G>A,0.539
P60484-161R/T,10-87933241G>C,0.755
P60484-161R/I,10-87933241G>T,0.747
P60484-161R/S,10-87933242A>C,0.698
P60484-161R/S,10-87933242A>T,0.697
P60484-162D/N,10-87933243G>A,0.47
P60484-162D/H,10-87933243G>C,0.888
P60484-162D/Y,10-87933243G>T,0.916
P60484-162D/A,10-87933244A>C,0.876
P60484-162D/G,10-87933244A>G,0.859
P60484-162D/V,10-87933244A>T,0.892
P60484-162D/E,10-87933245C>A,0.722
P60484-162D/E,10-87933245C>G,0.722
P60484-163K/Q,10-87933246A>C,0.625
P60484-163K/E,10-87933246A>G,0.644
P60484-163K/T,10-87933247A>C,0.749
P60484-163K/R,10-87933247A>G,0.567
P60484-163K/I,10-87933247A>T,0.85
P60484-163K/N,10-87933248A>C,0.575
P60484-163K/N,10-87933248A>T,0.591
P60484-164K/Q,10-87933249A>C,0.851
P60484-164K/E,10-87933249A>G,0.867
P60484-164K/T,10-87933250A>C,0.909
P60484-164K/R,10-87933250A>G,0.763
P60484-164K/M,10-87933250A>T,0.9
P60484-164K/N,10-87933251G>C,0.87
P60484-164K/N,10-87933251G>T,0.851
P60484-165G/R,10-87952118G>A,0.945
P60484-165G/R,10-87952118G>C,0.945
P60484-165G/E,10-87952119G>A,0.96
P60484-165G/A,10-87952119G>C,0.9
P60484-165G/V,10-87952119G>T,0.952
P60484-166V/I,10-87952121G>A,0.664
P60484-166V/L,10-87952121G>C,0.839
P60484-166V/L,10-87952121G>T,0.839
P60484-166V/E,10-87952122T>A,0.97
P60484-166V/A,10-87952122T>C,0.879
P60484-166V/G,10-87952122T>G,0.969
P60484-167T/P,10-87952124A>C,0.899
P60484-167T/A,10-87952124A>G,0.854
P60484-167T/S,10-87952124A>T,0.834
P60484-167T/N,10-87952125C>A,0.751
P60484-167T/S,10-87952125C>G,0.712
P60484-167T/I,10-87952125C>T,0.694
P60484-168I/L,10-87952127A>C,0.697
P60484-168I/V,10-87952127A>G,0.59
P60484-168I/F,10-87952127A>T,0.878
P60484-168I/N,10-87952128T>A,0.911
P60484-168I/T,10-87952128T>C,0.867
P60484-168I/S,10-87952128T>G,0.776
P60484-168I/M,10-87952129T>G,0.797
P60484-169P/T,10-87952130C>A,0.969
P60484-169P/A,10-87952130C>G,0.96
P60484-169P/S,10-87952130C>T,0.96
P60484-169P/H,10-87952131C>A,0.96
P60484-169P/R,10-87952131C>G,0.971
P60484-169P/L,10-87952131C>T,0.962
P60484-170S/R,10-87952133A>C,0.982
P60484-170S/G,10-87952133A>G,0.952
P60484-170S/C,10-87952133A>T,0.964
P60484-170S/N,10-87952134G>A,0.866
P60484-170S/T,10-87952134G>C,0.94
P60484-170S/I,10-87952134G>T,0.967
P60484-170S/R,10-87952135T>A,0.953
P60484-170S/R,10-87952135T>G,0.952
P60484-171Q/K,10-87952136C>A,0.964
P60484-171Q/E,10-87952136C>G,0.971
P60484-171Q/P,10-87952137A>C,0.973
P60484-171Q/R,10-87952137A>G,0.975
P60484-171Q/L,10-87952137A>T,0.945
P60484-171Q/H,10-87952138G>C,0.939
P60484-171Q/H,10-87952138G>T,0.939
P60484-172R/G,10-87952139A>G,0.837
P60484-172R/W,10-87952139A>T,0.908
P60484-172R/K,10-87952140G>A,0.751
P60484-172R/T,10-87952140G>C,0.876
P60484-172R/M,10-87952140G>T,0.912
P60484-172R/S,10-87952141G>C,0.66
P60484-172R/S,10-87952141G>T,0.66
P60484-173R/S,10-87952142C>A,0.975
P60484-173R/G,10-87952142C>G,0.971
P60484-173R/C,10-87952142C>T,0.972
P60484-173R/H,10-87952143G>A,0.949
P60484-173R/P,10-87952143G>C,0.992
P60484-173R/L,10-87952143G>T,0.83
P60484-174Y/N,10-87952145T>A,0.946
P60484-174Y/H,10-87952145T>C,0.971
P60484-174Y/D,10-87952145T>G,0.976
P60484-174Y/S,10-87952146A>C,0.976
P60484-174Y/C,10-87952146A>G,0.978
P60484-174Y/F,10-87952146A>T,0.912
P60484-175V/M,10-87952148G>A,0.888
P60484-175V/L,10-87952148G>C,0.774
P60484-175V/L,10-87952148G>T,0.774
P60484-175V/E,10-87952149T>A,0.984
P60484-175V/A,10-87952149T>C,0.932
P60484-175V/G,10-87952149T>G,0.983
P60484-176Y/N,10-87952151T>A,0.563
P60484-176Y/H,10-87952151T>C,0.546
P60484-176Y/D,10-87952151T>G,0.565
P60484-176Y/S,10-87952152A>C,0.518
P60484-176Y/C,10-87952152A>G,0.695
P60484-176Y/F,10-87952152A>T,0.495
P60484-177Y/N,10-87952154T>A,0.922
P60484-177Y/H,10-87952154T>C,0.941
P60484-177Y/D,10-87952154T>G,0.942
P60484-177Y/S,10-87952155A>C,0.888
P60484-177Y/C,10-87952155A>G,0.97
P60484-177Y/F,10-87952155A>T,0.852
P60484-178Y/N,10-87952157T>A,0.925
P60484-178Y/H,10-87952157T>C,0.934
P60484-178Y/D,10-87952157T>G,0.958
P60484-178Y/S,10-87952158A>C,0.954
P60484-178Y/C,10-87952158A>G,0.943
P60484-178Y/F,10-87952158A>T,0.805
P60484-179S/R,10-87952160A>C,0.7
P60484-179S/G,10-87952160A>G,0.482
P60484-179S/C,10-87952160A>T,0.763
P60484-179S/N,10-87952161G>A,0.413
P60484-179S/T,10-87952161G>C,0.495
P60484-179S/I,10-87952161G>T,0.658
P60484-179S/R,10-87952162C>A,0.618
P60484-179S/R,10-87952162C>G,0.62
P60484-180Y/N,10-87952163T>A,0.464
P60484-180Y/H,10-87952163T>C,0.368
P60484-180Y/D,10-87952163T>G,0.48
P60484-180Y/S,10-87952164A>C,0.434
P60484-180Y/C,10-87952164A>G,0.686
P60484-180Y/F,10-87952164A>T,0.36
P60484-181L/M,10-87952166C>A,0.745
P60484-181L/V,10-87952166C>G,0.721
P60484-181L/Q,10-87952167T>A,0.964
P60484-181L/P,10-87952167T>C,0.984
P60484-181L/R,10-87952167T>G,0.958
P60484-182L/I,10-87952169T>A,0.666
P60484-182L/V,10-87952169T>G,0.682
P60484-182L/S,10-87952170T>C,0.972
P60484-182L/F,10-87952171A>C,0.831
P60484-182L/F,10-87952171A>T,0.841
P60484-183K/Q,10-87952172A>C,0.401
P60484-183K/E,10-87952172A>G,0.589
P60484-183K/T,10-87952173A>C,0.653
P60484-183K/R,10-87952173A>G,0.397
P60484-183K/M,10-87952173A>T,0.649
P60484-183K/N,10-87952174G>C,0.467
P60484-183K/N,10-87952174G>T,0.473
P60484-184N/H,10-87952175A>C,0.385
P60484-184N/D,10-87952175A>G,0.427
P60484-184N/Y,10-87952175A>T,0.55
P60484-184N/T,10-87952176A>C,0.448
P60484-184N/S,10-87952176A>G,0.358
P60484-184N/I,10-87952176A>T,0.578
P60484-184N/K,10-87952177T>A,0.412
P60484-184N/K,10-87952177T>G,0.412
P60484-185H/N,10-87952178C>A,0.372
P60484-185H/D,10-87952178C>G,0.435
P60484-185H/Y,10-87952178C>T,0.455
P60484-185H/P,10-87952179A>C,0.51
P60484-185H/R,10-87952179A>G,0.369
P60484-185H/L,10-87952179A>T,0.436
P60484-185H/Q,10-87952180T>A,0.336
P60484-185H/Q,10-87952180T>G,0.335
P60484-186L/M,10-87952181C>A,0.546
P60484-186L/V,10-87952181C>G,0.562
P60484-186L/Q,10-87952182T>A,0.794
P60484-186L/P,10-87952182T>C,0.844
P60484-186L/R,10-87952182T>G,0.748
P60484-187D/N,10-87952184G>A,0.393
P60484-187D/H,10-87952184G>C,0.405
P60484-187D/Y,10-87952184G>T,0.566
P60484-187D/A,10-87952185A>C,0.335
P60484-187D/G,10-87952185A>G,0.339
P60484-187D/V,10-87952185A>T,0.473
P60484-187D/E,10-87952186T>A,0.221
P60484-187D/E,10-87952186T>G,0.223
P60484-188Y/N,10-87952187T>A,0.815
P60484-188Y/H,10-87952187T>C,0.92
P60484-188Y/D,10-87952187T>G,0.896
P60484-188Y/S,10-87952188A>C,0.871
P60484-188Y/C,10-87952188A>G,0.855
P60484-188Y/F,10-87952188A>T,0.735
P60484-189R/G,10-87952190A>G,0.354
P60484-189R/K,10-87952191G>A,0.345
P60484-189R/T,10-87952191G>C,0.402
P60484-189R/I,10-87952191G>T,0.412
P60484-189R/S,10-87952192A>C,0.322
P60484-189R/S,10-87952192A>T,0.322
P60484-190P/T,10-87952193C>A,0.773
P60484-190P/A,10-87952193C>G,0.702
P60484-190P/S,10-87952193C>T,0.706
P60484-190P/Q,10-87952194C>A,0.639
P60484-190P/R,10-87952194C>G,0.81
P60484-190P/L,10-87952194C>T,0.834
P60484-191V/M,10-87952196G>A,0.538
P60484-191V/L,10-87952196G>C,0.564
P60484-191V/L,10-87952196G>T,0.566
P60484-191V/E,10-87952197T>A,0.654
P60484-191V/A,10-87952197T>C,0.465
P60484-191V/G,10-87952197T>G,0.688
P60484-192A/T,10-87952199G>A,0.369
P60484-192A/P,10-87952199G>C,0.302
P60484-192A/S,10-87952199G>T,0.401
P60484-192A/E,10-87952200C>A,0.583
P60484-192A/G,10-87952200C>G,0.532
P60484-192A/V,10-87952200C>T,0.467
P60484-193L/M,10-87952202C>A,0.637
P60484-193L/V,10-87952202C>G,0.663
P60484-193L/Q,10-87952203T>A,0.927
P60484-193L/P,10-87952203T>C,0.966
P60484-193L/R,10-87952203T>G,0.953
P60484-194L/M,10-87952205T>A,0.559
P60484-194L/V,10-87952205T>G,0.623
P60484-194L/S,10-87952206T>C,0.848
P60484-194L/W,10-87952206T>G,0.806
P60484-194L/F,10-87952207G>C,0.509
P60484-194L/F,10-87952207G>T,0.509
P60484-195F/I,10-87952208T>A,0.543
P60484-195F/L,10-87952208T>C,0.402
P60484-195F/V,10-87952208T>G,0.674
P60484-195F/Y,10-87952209T>A,0.617
P60484-195F/S,10-87952209T>C,0.889
P60484-195F/C,10-87952209T>G,0.858
P60484-195F/L,10-87952210T>A,0.344
P60484-195F/L,10-87952210T>G,0.342
P60484-196H/N,10-87952211C>A,0.469
P60484-196H/D,10-87952211C>G,0.75
P60484-196H/Y,10-87952211C>T,0.771
P60484-196H/P,10-87952212A>C,0.855
P60484-196H/R,10-87952212A>G,0.631
P60484-196H/L,10-87952212A>T,0.903
P60484-196H/Q,10-87952213C>A,0.471
P60484-196H/Q,10-87952213C>G,0.471
P60484-197K/Q,10-87952214A>C,0.604
P60484-197K/E,10-87952214A>G,0.658
P60484-197K/T,10-87952215A>C,0.602
P60484-197K/R,10-87952215A>G,0.562
P60484-197K/M,10-87952215A>T,0.8
P60484-197K/N,10-87952216G>C,0.468
P60484-197K/N,10-87952216G>T,0.467
P60484-198M/L,10-87952217A>C,0.302
P60484-198M/V,10-87952217A>G,0.346
P60484-198M/L,10-87952217A>T,0.302
P60484-198M/K,10-87952218T>A,0.838
P60484-198M/T,10-87952218T>C,0.63
P60484-198M/R,10-87952218T>G,0.837
P60484-198M/I,10-87952219G>A,0.339
P60484-198M/I,10-87952219G>C,0.339
P60484-198M/I,10-87952219G>T,0.339
P60484-199M/L,10-87952220A>C,0.216
P60484-199M/V,10-87952220A>G,0.26
P60484-199M/L,10-87952220A>T,0.216
P60484-199M/K,10-87952221T>A,0.326
P60484-199M/T,10-87952221T>C,0.241
P60484-199M/R,10-87952221T>G,0.334
P60484-199M/I,10-87952222G>A,0.239
P60484-199M/I,10-87952222G>C,0.239
P60484-199M/I,10-87952222G>T,0.239
P60484-200F/I,10-87952223T>A,0.421
P60484-200F/L,10-87952223T>C,0.38
P60484-200F/V,10-87952223T>G,0.61
P60484-200F/Y,10-87952224T>A,0.694
P60484-200F/S,10-87952224T>C,0.857
P60484-200F/C,10-87952224T>G,0.824
P60484-200F/L,10-87952225T>A,0.327
P60484-200F/L,10-87952225T>G,0.327
P60484-201E/K,10-87952226G>A,0.613
P60484-201E/Q,10-87952226G>C,0.371
P60484-201E/A,10-87952227A>C,0.656
P60484-201E/G,10-87952227A>G,0.754
P60484-201E/V,10-87952227A>T,0.748
P60484-201E/D,10-87952228A>C,0.334
P60484-201E/D,10-87952228A>T,0.337
P60484-202T/P,10-87952229A>C,0.717
P60484-202T/A,10-87952229A>G,0.712
P60484-202T/S,10-87952229A>T,0.66
P60484-202T/N,10-87952230C>A,0.633
P60484-202T/S,10-87952230C>G,0.666
P60484-202T/I,10-87952230C>T,0.885
P60484-203I/L,10-87952232A>C,0.237
P60484-203I/V,10-87952232A>G,0.211
P60484-203I/F,10-87952232A>T,0.47
P60484-203I/N,10-87952233T>A,0.704
P60484-203I/T,10-87952233T>C,0.611
P60484-203I/S,10-87952233T>G,0.702
P60484-203I/M,10-87952234T>G,0.39
P60484-204P/T,10-87952235C>A,0.923
P60484-204P/A,10-87952235C>G,0.881
P60484-204P/S,10-87952235C>T,0.918
P60484-204P/Q,10-87952236C>A,0.924
P60484-204P/R,10-87952236C>G,0.71
P60484-204P/L,10-87952236C>T,0.901
P60484-205M/L,10-87952238A>C,0.407
P60484-205M/V,10-87952238A>G,0.542
P60484-205M/L,10-87952238A>T,0.407
P60484-205M/K,10-87952239T>A,0.576
P60484-205M/T,10-87952239T>C,0.644
P60484-205M/R,10-87952239T>G,0.653
P60484-205M/I,10-87952240G>A,0.462
P60484-205M/I,10-87952240G>C,0.462
P60484-205M/I,10-87952240G>T,0.463
P60484-206F/I,10-87952241T>A,0.722
P60484-206F/L,10-87952241T>C,0.69
P60484-206F/V,10-87952241T>G,0.814
P60484-206F/Y,10-87952242T>A,0.674
P60484-206F/S,10-87952242T>C,0.827
P60484-206F/C,10-87952242T>G,0.88
P60484-206F/L,10-87952243C>A,0.561
P60484-206F/L,10-87952243C>G,0.561
P60484-207S/R,10-87952244A>C,0.512
P60484-207S/G,10-87952244A>G,0.422
P60484-207S/C,10-87952244A>T,0.743
P60484-207S/N,10-87952245G>A,0.422
P60484-207S/T,10-87952245G>C,0.276
P60484-207S/I,10-87952245G>T,0.753
P60484-207S/R,10-87952246T>A,0.491
P60484-207S/R,10-87952246T>G,0.491
P60484-208G/S,10-87952247G>A,0.392
P60484-208G/R,10-87952247G>C,0.662
P60484-208G/C,10-87952247G>T,0.649
P60484-208G/D,10-87952248G>A,0.705
P60484-208G/A,10-87952248G>C,0.644
P60484-208G/V,10-87952248G>T,0.733
P60484-209G/R,10-87952250G>A,0.683
P60484-209G/R,10-87952250G>C,0.712
P60484-209G/E,10-87952251G>A,0.775
P60484-209G/A,10-87952251G>C,0.575
P60484-209G/V,10-87952251G>T,0.792
P60484-210T/P,10-87952253A>C,0.802
P60484-210T/A,10-87952253A>G,0.643
P60484-210T/S,10-87952253A>T,0.327
P60484-210T/N,10-87952254C>A,0.512
P60484-210T/S,10-87952254C>G,0.346
P60484-210T/I,10-87952254C>T,0.69
P60484-211C/S,10-87952256T>A,0.934
P60484-211C/R,10-87952256T>C,0.91
P60484-211C/G,10-87952256T>G,0.919
P60484-211C/Y,10-87952257G>A,0.92
P60484-211C/S,10-87952257G>C,0.885
P60484-211C/F,10-87952257G>T,0.918
P60484-211C/W,10-87952258C>G,0.856
P60484-212N/H,10-87952259A>C,0.467
P60484-212N/D,10-87952259A>G,0.26
P60484-212N/Y,10-87952259A>T,0.675
P60484-212N/T,10-87957853A>C,0.326
P60484-212N/S,10-87957853A>G,0.309
P60484-212N/I,10-87957853A>T,0.544
P60484-212N/K,10-87957854T>A,0.388
P60484-212N/K,10-87957854T>G,0.388
P60484-213P/T,10-87957855C>A,0.88
P60484-213P/A,10-87957855C>G,0.658
P60484-213P/S,10-87957855C>T,0.849
P60484-213P/H,10-87957856C>A,0.856
P60484-213P/R,10-87957856C>G,0.868
P60484-213P/L,10-87957856C>T,0.819
P60484-214Q/K,10-87957858C>A,0.587
P60484-214Q/E,10-87957858C>G,0.499
P60484-214Q/P,10-87957859A>C,0.779
P60484-214Q/R,10-87957859A>G,0.623
P60484-214Q/L,10-87957859A>T,0.566
P60484-214Q/H,10-87957860G>C,0.42
P60484-214Q/H,10-87957860G>T,0.42
P60484-215F/I,10-87957861T>A,0.75
P60484-215F/L,10-87957861T>C,0.766
P60484-215F/V,10-87957861T>G,0.834
P60484-215F/Y,10-87957862T>A,0.663
P60484-215F/S,10-87957862T>C,0.918
P60484-215F/C,10-87957862T>G,0.895
P60484-215F/L,10-87957863T>A,0.725
P60484-215F/L,10-87957863T>G,0.742
P60484-216V/M,10-87957864G>A,0.549
P60484-216V/L,10-87957864G>C,0.359
P60484-216V/L,10-87957864G>T,0.359
P60484-216V/E,10-87957865T>A,0.81
P60484-216V/A,10-87957865T>C,0.555
P60484-216V/G,10-87957865T>G,0.803
P60484-217V/I,10-87957867G>A,0.265
P60484-217V/L,10-87957867G>C,0.69
P60484-217V/F,10-87957867G>T,0.838
P60484-217V/D,10-87957868T>A,0.925
P60484-217V/A,10-87957868T>C,0.828
P60484-217V/G,10-87957868T>G,0.913
P60484-218C/S,10-87957870T>A,0.29
P60484-218C/R,10-87957870T>C,0.357
P60484-218C/G,10-87957870T>G,0.201
P60484-218C/Y,10-87957871G>A,0.343
P60484-218C/S,10-87957871G>C,0.297
P60484-218C/F,10-87957871G>T,0.276
P60484-218C/W,10-87957872C>G,0.277
P60484-219Q/K,10-87957873C>A,0.743
P60484-219Q/E,10-87957873C>G,0.602
P60484-219Q/P,10-87957874A>C,0.902
P60484-219Q/R,10-87957874A>G,0.798
P60484-219Q/L,10-87957874A>T,0.819
P60484-219Q/H,10-87957875G>C,0.647
P60484-219Q/H,10-87957875G>T,0.647
P60484-220L/I,10-87957876C>A,0.399
P60484-220L/V,10-87957876C>G,0.456
P60484-220L/Q,10-87957877T>A,0.521
P60484-220L/P,10-87957877T>C,0.81
P60484-220L/R,10-87957877T>G,0.676
P60484-221K/Q,10-87957879A>C,0.621
P60484-221K/E,10-87957879A>G,0.72
P60484-221K/T,10-87957880A>C,0.616
P60484-221K/R,10-87957880A>G,0.555
P60484-221K/M,10-87957880A>T,0.798
P60484-221K/N,10-87957881G>C,0.325
P60484-221K/N,10-87957881G>T,0.452
P60484-222V/M,10-87957882G>A,0.507
P60484-222V/L,10-87957882G>C,0.593
P60484-222V/L,10-87957882G>T,0.593
P60484-222V/E,10-87957883T>A,0.666
P60484-222V/A,10-87957883T>C,0.592
P60484-222V/G,10-87957883T>G,0.699
P60484-223K/Q,10-87957885A>C,0.735
P60484-223K/E,10-87957885A>G,0.663
P60484-223K/T,10-87957886A>C,0.822
P60484-223K/R,10-87957886A>G,0.596
P60484-223K/M,10-87957886A>T,0.833
P60484-223K/N,10-87957887G>C,0.701
P60484-223K/N,10-87957887G>T,0.701
P60484-224I/L,10-87957888A>C,0.417
P60484-224I/V,10-87957888A>G,0.421
P60484-224I/L,10-87957888A>T,0.417
P60484-224I/K,10-87957889T>A,0.928
P60484-224I/T,10-87957889T>C,0.88
P60484-224I/R,10-87957889T>G,0.923
P60484-224I/M,10-87957890A>G,0.638
P60484-225Y/N,10-87957891T>A,0.557
P60484-225Y/H,10-87957891T>C,0.285
P60484-225Y/D,10-87957891T>G,0.615
P60484-225Y/S,10-87957892A>C,0.465
P60484-225Y/C,10-87957892A>G,0.557
P60484-225Y/F,10-87957892A>T,0.253
P60484-226S/T,10-87957894T>A,0.285
P60484-226S/P,10-87957894T>C,0.588
P60484-226S/A,10-87957894T>G,0.298
P60484-226S/Y,10-87957895C>A,0.656
P60484-226S/C,10-87957895C>G,0.627
P60484-226S/F,10-87957895C>T,0.612
P60484-227S/T,10-87957897T>A,0.655
P60484-227S/P,10-87957897T>C,0.916
P60484-227S/A,10-87957897T>G,0.606
P60484-227S/Y,10-87957898C>A,0.73
P60484-227S/C,10-87957898C>G,0.731
P60484-227S/F,10-87957898C>T,0.836
P60484-228N/H,10-87957900A>C,0.344
P60484-228N/D,10-87957900A>G,0.264
P60484-228N/Y,10-87957900A>T,0.363
P60484-228N/T,10-87957901A>C,0.165
P60484-228N/S,10-87957901A>G,0.166
P60484-228N/I,10-87957901A>T,0.315
P60484-228N/K,10-87957902T>A,0.132
P60484-228N/K,10-87957902T>G,0.132
P60484-229S/T,10-87957903T>A,0.167
P60484-229S/P,10-87957903T>C,0.19
P60484-229S/A,10-87957903T>G,0.177
P60484-229S/L,10-87957904C>T,0.349
P60484-230G/R,10-87957906G>A,0.377
P60484-230G/R,10-87957906G>C,0.363
P60484-230G/E,10-87957907G>A,0.338
P60484-230G/A,10-87957907G>C,0.259
P60484-230G/V,10-87957907G>T,0.365
P60484-231P/T,10-87957909C>A,0.303
P60484-231P/A,10-87957909C>G,0.264
P60484-231P/S,10-87957909C>T,0.282
P60484-231P/H,10-87957910C>A,0.301
P60484-231P/R,10-87957910C>G,0.321
P60484-231P/L,10-87957910C>T,0.251
P60484-232T/P,10-87957912A>C,0.415
P60484-232T/A,10-87957912A>G,0.181
P60484-232T/S,10-87957912A>T,0.173
P60484-232T/K,10-87957913C>A,0.331
P60484-232T/R,10-87957913C>G,0.495
P60484-232T/I,10-87957913C>T,0.239
P60484-233R/G,10-87957915C>G,0.596
P60484-233R/Q,10-87957916G>A,0.527
P60484-233R/P,10-87957916G>C,0.747
P60484-233R/L,10-87957916G>T,0.631
P60484-234R/G,10-87957918C>G,0.634
P60484-234R/W,10-87957918C>T,0.648
P60484-234R/Q,10-87957919G>A,0.697
P60484-234R/P,10-87957919G>C,0.814
P60484-234R/L,10-87957919G>T,0.79
P60484-235E/K,10-87957921G>A,0.469
P60484-235E/Q,10-87957921G>C,0.409
P60484-235E/A,10-87957922A>C,0.324
P60484-235E/G,10-87957922A>G,0.386
P60484-235E/V,10-87957922A>T,0.478
P60484-235E/D,10-87957923A>C,0.288
P60484-235E/D,10-87957923A>T,0.288
P60484-236D/N,10-87957924G>A,0.348
P60484-236D/H,10-87957924G>C,0.531
P60484-236D/Y,10-87957924G>T,0.746
P60484-236D/A,10-87957925A>C,0.418
P60484-236D/G,10-87957925A>G,0.438
P60484-236D/V,10-87957925A>T,0.601
P60484-236D/E,10-87957926C>A,0.254
P60484-236D/E,10-87957926C>G,0.254
P60484-237K/Q,10-87957927A>C,0.589
P60484-237K/E,10-87957927A>G,0.591
P60484-237K/T,10-87957928A>C,0.655
P60484-237K/R,10-87957928A>G,0.501
P60484-237K/M,10-87957928A>T,0.703
P60484-237K/N,10-87957929G>C,0.32
P60484-237K/N,10-87957929G>T,0.388
P60484-238F/I,10-87957930T>A,0.151
P60484-238F/L,10-87957930T>C,0.206
P60484-238F/V,10-87957930T>G,0.194
P60484-238F/Y,10-87957931T>A,0.18
P60484-238F/S,10-87957931T>C,0.214
P60484-238F/C,10-87957931T>G,0.437
P60484-238F/L,10-87957932C>A,0.203
P60484-238F/L,10-87957932C>G,0.204
P60484-239M/L,10-87957933A>C,0.389
P60484-239M/V,10-87957933A>G,0.421
P60484-239M/L,10-87957933A>T,0.389
P60484-239M/K,10-87957934T>A,0.912
P60484-239M/T,10-87957934T>C,0.719
P60484-239M/R,10-87957934T>G,0.9
P60484-239M/I,10-87957935G>A,0.383
P60484-239M/I,10-87957935G>C,0.383
P60484-239M/I,10-87957935G>T,0.387
P60484-240Y/N,10-87957936T>A,0.297
P60484-240Y/H,10-87957936T>C,0.295
P60484-240Y/D,10-87957936T>G,0.411
P60484-240Y/S,10-87957937A>C,0.371
P60484-240Y/C,10-87957937A>G,0.546
P60484-240Y/F,10-87957937A>T,0.202
P60484-241F/I,10-87957939T>A,0.509
P60484-241F/L,10-87957939T>C,0.522
P60484-241F/V,10-87957939T>G,0.514
P60484-241F/Y,10-87957940T>A,0.702
P60484-241F/S,10-87957940T>C,0.858
P60484-241F/C,10-87957940T>G,0.636
P60484-241F/L,10-87957941T>A,0.549
P60484-241F/L,10-87957941T>G,0.549
P60484-242E/K,10-87957942G>A,0.455
P60484-242E/Q,10-87957942G>C,0.438
P60484-242E/A,10-87957943A>C,0.436
P60484-242E/G,10-87957943A>G,0.628
P60484-242E/V,10-87957943A>T,0.48
P60484-242E/D,10-87957944G>C,0.252
P60484-242E/D,10-87957944G>T,0.265
P60484-243F/I,10-87957945T>A,0.512
P60484-243F/L,10-87957945T>C,0.481
P60484-243F/V,10-87957945T>G,0.538
P60484-243F/Y,10-87957946T>A,0.448
P60484-243F/S,10-87957946T>C,0.83
P60484-243F/C,10-87957946T>G,0.817
P60484-243F/L,10-87957947C>A,0.384
P60484-243F/L,10-87957947C>G,0.432
P60484-244P/T,10-87957948C>A,0.675
P60484-244P/A,10-87957948C>G,0.773
P60484-244P/S,10-87957948C>T,0.695
P60484-244P/H,10-87957949C>A,0.789
P60484-244P/R,10-87957949C>G,0.851
P60484-244P/L,10-87957949C>T,0.819
P60484-245Q/K,10-87957951C>A,0.643
P60484-245Q/E,10-87957951C>G,0.566
P60484-245Q/P,10-87957952A>C,0.576
P60484-245Q/R,10-87957952A>G,0.737
P60484-245Q/L,10-87957952A>T,0.592
P60484-245Q/H,10-87957953G>C,0.604
P60484-245Q/H,10-87957953G>T,0.642
P60484-246P/T,10-87957954C>A,0.842
P60484-246P/A,10-87957954C>G,0.761
P60484-246P/S,10-87957954C>T,0.681
P60484-246P/Q,10-87957955C>A,0.742
P60484-246P/R,10-87957955C>G,0.815
P60484-246P/L,10-87957955C>T,0.824
P60484-247L/I,10-87957957T>A,0.551
P60484-247L/V,10-87957957T>G,0.616
P60484-247L/S,10-87957958T>C,0.918
P60484-247L/F,10-87957959A>C,0.714
P60484-247L/F,10-87957959A>T,0.707
P60484-248P/T,10-87957960C>A,0.876
P60484-248P/A,10-87957960C>G,0.732
P60484-248P/S,10-87957960C>T,0.734
P60484-248P/H,10-87957961C>A,0.814
P60484-248P/R,10-87957961C>G,0.926
P60484-248P/L,10-87957961C>T,0.832
P60484-249V/M,10-87957963G>A,0.679
P60484-249V/L,10-87957963G>C,0.461
P60484-249V/L,10-87957963G>T,0.461
P60484-249V/E,10-87957964T>A,0.96
P60484-249V/A,10-87957964T>C,0.852
P60484-249V/G,10-87957964T>G,0.96
P60484-250C/S,10-87957966T>A,0.908
P60484-250C/R,10-87957966T>C,0.952
P60484-250C/G,10-87957966T>G,0.931
P60484-250C/Y,10-87957967G>A,0.848
P60484-250C/S,10-87957967G>C,0.822
P60484-250C/F,10-87957967G>T,0.911
P60484-250C/W,10-87957968T>G,0.72
P60484-251G/S,10-87957969G>A,0.973
P60484-251G/R,10-87957969G>C,0.979
P60484-251G/C,10-87957969G>T,0.977
P60484-251G/D,10-87957970G>A,0.953
P60484-251G/A,10-87957970G>C,0.977
P60484-251G/V,10-87957970G>T,0.968
P60484-252D/N,10-87957972G>A,0.933
P60484-252D/H,10-87957972G>C,0.978
P60484-252D/Y,10-87957972G>T,0.973
P60484-252D/A,10-87957973A>C,0.963
P60484-252D/G,10-87957973A>G,0.971
P60484-252D/V,10-87957973A>T,0.962
P60484-252D/E,10-87957974T>A,0.855
P60484-252D/E,10-87957974T>G,0.883
P60484-253I/L,10-87957975A>C,0.791
P60484-253I/V,10-87957975A>G,0.505
P60484-253I/F,10-87957975A>T,0.907
P60484-253I/N,10-87957976T>A,0.92
P60484-253I/T,10-87957976T>C,0.951
P60484-253I/S,10-87957976T>G,0.976
P60484-253I/M,10-87957977C>G,0.715
P60484-254K/Q,10-87957978A>C,0.858
P60484-254K/E,10-87957978A>G,0.86
P60484-254K/T,10-87957979A>C,0.93
P60484-254K/R,10-87957979A>G,0.754
P60484-254K/I,10-87957979A>T,0.915
P60484-254K/N,10-87957980A>C,0.765
P60484-254K/N,10-87957980A>T,0.796
P60484-255V/I,10-87957981G>A,0.297
P60484-255V/L,10-87957981G>C,0.655
P60484-255V/L,10-87957981G>T,0.655
P60484-255V/E,10-87957982T>A,0.954
P60484-255V/A,10-87957982T>C,0.831
P60484-255V/G,10-87957982T>G,0.948
P60484-256E/K,10-87957984G>A,0.861
P60484-256E/Q,10-87957984G>C,0.774
P60484-256E/A,10-87957985A>C,0.913
P60484-256E/G,10-87957985A>G,0.906
P60484-256E/V,10-87957985A>T,0.831
P60484-256E/D,10-87957986G>C,0.565
P60484-256E/D,10-87957986G>T,0.565
P60484-257F/I,10-87957987T>A,0.821
P60484-257F/L,10-87957987T>C,0.89
P60484-257F/V,10-87957987T>G,0.9
P60484-257F/Y,10-87957988T>A,0.791
P60484-257F/S,10-87957988T>C,0.943
P60484-257F/C,10-87957988T>G,0.932
P60484-257F/L,10-87957989C>A,0.631
P60484-257F/L,10-87957989C>G,0.627
P60484-258F/I,10-87957990T>A,0.774
P60484-258F/L,10-87957990T>C,0.81
P60484-258F/V,10-87957990T>G,0.92
P60484-258F/Y,10-87957991T>A,0.525
P60484-258F/S,10-87957991T>C,0.913
P60484-258F/C,10-87957991T>G,0.919
P60484-258F/L,10-87957992C>A,0.658
P60484-258F/L,10-87957992C>G,0.658
P60484-259H/N,10-87957993C>A,0.407
P60484-259H/D,10-87957993C>G,0.705
P60484-259H/Y,10-87957993C>T,0.787
P60484-259H/P,10-87957994A>C,0.913
P60484-259H/R,10-87957994A>G,0.888
P60484-259H/L,10-87957994A>T,0.858
P60484-259H/Q,10-87957995C>A,0.742
P60484-259H/Q,10-87957995C>G,0.71
P60484-260K/Q,10-87957996A>C,0.737
P60484-260K/E,10-87957996A>G,0.853
P60484-260K/T,10-87957997A>C,0.788
P60484-260K/R,10-87957997A>G,0.706
P60484-260K/I,10-87957997A>T,0.776
P60484-260K/N,10-87957998A>C,0.548
P60484-260K/N,10-87957998A>T,0.548
P60484-261Q/K,10-87957999C>A,0.455
P60484-261Q/E,10-87957999C>G,0.346
P60484-261Q/P,10-87958000A>C,0.471
P60484-261Q/R,10-87958000A>G,0.63
P60484-261Q/L,10-87958000A>T,0.552
P60484-261Q/H,10-87958001G>C,0.499
P60484-261Q/H,10-87958001G>T,0.499
P60484-262N/H,10-87958002A>C,0.555
P60484-262N/D,10-87958002A>G,0.38
P60484-262N/Y,10-87958002A>T,0.74
P60484-262N/T,10-87958003A>C,0.434
P60484-262N/S,10-87958003A>G,0.232
P60484-262N/I,10-87958003A>T,0.795
P60484-262N/K,10-87958004C>A,0.31
P60484-262N/K,10-87958004C>G,0.316
P60484-263K/Q,10-87958005A>C,0.521
P60484-263K/E,10-87958005A>G,0.724
P60484-263K/T,10-87958006A>C,0.558
P60484-263K/R,10-87958006A>G,0.497
P60484-263K/M,10-87958006A>T,0.56
P60484-263K/N,10-87958007G>C,0.517
P60484-263K/N,10-87958007G>T,0.517
P60484-264M/L,10-87958008A>C,0.303
P60484-264M/V,10-87958008A>G,0.21
P60484-264M/L,10-87958008A>T,0.304
P60484-264M/K,10-87958009T>A,0.612
P60484-264M/T,10-87958009T>C,0.601
P60484-264M/R,10-87958009T>G,0.624
P60484-264M/I,10-87958010G>A,0.3
P60484-264M/I,10-87958010G>C,0.3
P60484-264M/I,10-87958010G>T,0.3
P60484-265L/I,10-87958011C>A,0.217
P60484-265L/V,10-87958011C>G,0.206
P60484-265L/Q,10-87958012T>A,0.352
P60484-265L/P,10-87958012T>C,0.504
P60484-265L/R,10-87958012T>G,0.366
P60484-266K/Q,10-87958014A>C,0.647
P60484-266K/E,10-87958014A>G,0.768
P60484-266K/T,10-87958015A>C,0.722
P60484-266K/R,10-87958015A>G,0.323
P60484-266K/I,10-87958015A>T,0.754
P60484-266K/N,10-87958016A>C,0.557
P60484-266K/N,10-87958016A>T,0.557
P60484-267K/Q,10-87958017A>C,0.461
P60484-267K/E,10-87958017A>G,0.765
P60484-267K/T,10-87958018A>C,0.8
P60484-267K/R,10-87958018A>G,0.381
P60484-267K/M,10-87958018A>T,0.787
P60484-267K/N,10-87958019G>C,0.615
P60484-267K/N,10-87958019G>T,0.62
P60484-268D/N,10-87960894G>A,0.477
P60484-268D/H,10-87960894G>C,0.701
P60484-268D/Y,10-87960894G>T,0.755
P60484-268D/A,10-87960895A>C,0.692
P60484-268D/G,10-87960895A>G,0.638
P60484-268D/V,10-87960895A>T,0.772
P60484-268D/E,10-87960896C>A,0.234
P60484-268D/E,10-87960896C>G,0.223
P60484-269K/Q,10-87960897A>C,0.686
P60484-269K/E,10-87960897A>G,0.709
P60484-269K/T,10-87960898A>C,0.819
P60484-269K/R,10-87960898A>G,0.687
P60484-269K/I,10-87960898A>T,0.776
P60484-269K/N,10-87960899A>C,0.688
P60484-269K/N,10-87960899A>T,0.686
P60484-270M/L,10-87960900A>C,0.62
P60484-270M/V,10-87960900A>G,0.711
P60484-270M/L,10-87960900A>T,0.62
P60484-270M/K,10-87960901T>A,0.953
P60484-270M/T,10-87960901T>C,0.962
P60484-270M/R,10-87960901T>G,0.946
P60484-270M/I,10-87960902G>A,0.79
P60484-270M/I,10-87960902G>C,0.79
P60484-270M/I,10-87960902G>T,0.791
P60484-271F/I,10-87960903T>A,0.963
P60484-271F/L,10-87960903T>C,0.951
P60484-271F/V,10-87960903T>G,0.967
P60484-271F/Y,10-87960904T>A,0.925
P60484-271F/S,10-87960904T>C,0.968
P60484-271F/C,10-87960904T>G,0.874
P60484-271F/L,10-87960905T>A,0.887
P60484-271F/L,10-87960905T>G,0.879
P60484-272H/N,10-87960906C>A,0.682
P60484-272H/D,10-87960906C>G,0.925
P60484-272H/Y,10-87960906C>T,0.871
P60484-272H/P,10-87960907A>C,0.93
P60484-272H/R,10-87960907A>G,0.904
P60484-272H/L,10-87960907A>T,0.937
P60484-272H/Q,10-87960908C>A,0.703
P60484-272H/Q,10-87960908C>G,0.703
P60484-273F/I,10-87960909T>A,0.881
P60484-273F/L,10-87960909T>C,0.888
P60484-273F/V,10-87960909T>G,0.932
P60484-273F/Y,10-87960910T>A,0.796
P60484-273F/S,10-87960910T>C,0.958
P60484-273F/C,10-87960910T>G,0.943
P60484-273F/L,10-87960911T>A,0.71
P60484-273F/L,10-87960911T>G,0.713
P60484-274W/R,10-87960912T>A,0.885
P60484-274W/R,10-87960912T>C,0.886
P60484-274W/G,10-87960912T>G,0.82
P60484-274W/S,10-87960913G>C,0.822
P60484-274W/L,10-87960913G>T,0.877
P60484-274W/C,10-87960914G>C,0.885
P60484-274W/C,10-87960914G>T,0.859
P60484-275V/I,10-87960915G>A,0.302
P60484-275V/L,10-87960915G>C,0.416
P60484-275V/L,10-87960915G>T,0.416
P60484-275V/E,10-87960916T>A,0.849
P60484-275V/A,10-87960916T>C,0.647
P60484-275V/G,10-87960916T>G,0.931
P60484-276N/H,10-87960918A>C,0.792
P60484-276N/D,10-87960918A>G,0.892
P60484-276N/Y,10-87960918A>T,0.937
P60484-276N/T,10-87960919A>C,0.901
P60484-276N/S,10-87960919A>G,0.887
P60484-276N/I,10-87960919A>T,0.867
P60484-276N/K,10-87960920T>A,0.798
P60484-276N/K,10-87960920T>G,0.798
P60484-277T/P,10-87960921A>C,0.982
P60484-277T/A,10-87960921A>G,0.972
P60484-277T/S,10-87960921A>T,0.931
P60484-277T/K,10-87960922C>A,0.98
P60484-277T/R,10-87960922C>G,0.975
P60484-277T/I,10-87960922C>T,0.988
P60484-278F/I,10-87960924T>A,0.884
P60484-278F/L,10-87960924T>C,0.918
P60484-278F/V,10-87960924T>G,0.926
P60484-278F/Y,10-87960925T>A,0.724
P60484-278F/S,10-87960925T>C,0.852
P60484-278F/C,10-87960925T>G,0.941
P60484-278F/L,10-87960926C>A,0.747
P60484-278F/L,10-87960926C>G,0.747
P60484-279F/I,10-87960927T>A,0.939
P60484-279F/L,10-87960927T>C,0.928
P60484-279F/V,10-87960927T>G,0.933
P60484-279F/Y,10-87960928T>A,0.894
P60484-279F/S,10-87960928T>C,0.952
P60484-279F/C,10-87960928T>G,0.952
P60484-279F/L,10-87960929C>A,0.867
P60484-279F/L,10-87960929C>G,0.84
P60484-280I/L,10-87960930A>C,0.716
P60484-280I/V,10-87960930A>G,0.365
P60484-280I/L,10-87960930A>T,0.715
P60484-280I/K,10-87960931T>A,0.939
P60484-280I/T,10-87960931T>C,0.883
P60484-280I/R,10-87960931T>G,0.947
P60484-280I/M,10-87960932A>G,0.757
P60484-281P/T,10-87960933C>A,0.573
P60484-281P/A,10-87960933C>G,0.608
P60484-281P/S,10-87960933C>T,0.584
P60484-281P/Q,10-87960934C>A,0.534
P60484-281P/R,10-87960934C>G,0.672
P60484-281P/L,10-87960934C>T,0.707
P60484-282G/R,10-87960936G>A,0.724
P60484-282G/R,10-87960936G>C,0.724
P60484-282G/E,10-87960937G>A,0.723
P60484-282G/A,10-87960937G>C,0.497
P60484-282G/V,10-87960937G>T,0.81
P60484-283P/T,10-87960939C>A,0.406
P60484-283P/A,10-87960939C>G,0.278
P60484-283P/S,10-87960939C>T,0.266
P60484-283P/Q,10-87960940C>A,0.451
P60484-283P/R,10-87960940C>G,0.288
P60484-283P/L,10-87960940C>T,0.308
P60484-284E/K,10-87960942G>A,0.552
P60484-284E/Q,10-87960942G>C,0.449
P60484-284E/A,10-87960943A>C,0.455
P60484-284E/G,10-87960943A>G,0.468
P60484-284E/V,10-87960943A>T,0.608
P60484-284E/D,10-87960944G>C,0.281
P60484-284E/D,10-87960944G>T,0.282
P60484-285E/K,10-87960945G>A,0.706
P60484-285E/Q,10-87960945G>C,0.588
P60484-285E/A,10-87960946A>C,0.715
P60484-285E/G,10-87960946A>G,0.586
P60484-285E/V,10-87960946A>T,0.711
P60484-285E/D,10-87960947A>C,0.572
P60484-285E/D,10-87960947A>T,0.572
P60484-286T/P,10-87960948A>C,0.287
P60484-286T/A,10-87960948A>G,0.18
P60484-286T/S,10-87960948A>T,0.151
P60484-286T/N,10-87960949C>A,0.168
P60484-286T/S,10-87960949C>G,0.148
P60484-286T/I,10-87960949C>T,0.179
P60484-287S/T,10-87960951T>A,0.146
P60484-287S/P,10-87960951T>C,0.359
P60484-287S/A,10-87960951T>G,0.145
P60484-287S/L,10-87960952C>T,0.357
P60484-288E/K,10-87960954G>A,0.33
P60484-288E/Q,10-87960954G>C,0.328
P60484-288E/A,10-87960955A>C,0.279
P60484-288E/G,10-87960955A>G,0.516
P60484-288E/V,10-87960955A>T,0.339
P60484-288E/D,10-87960956A>C,0.241
P60484-288E/D,10-87960956A>T,0.235
P60484-289K/Q,10-87960957A>C,0.431
P60484-289K/E,10-87960957A>G,0.518
P60484-289K/T,10-87960958A>C,0.617
P60484-289K/R,10-87960958A>G,0.325
P60484-289K/I,10-87960958A>T,0.725
P60484-289K/N,10-87960959A>C,0.397
P60484-289K/N,10-87960959A>T,0.38
P60484-290V/I,10-87960960G>A,0.308
P60484-290V/L,10-87960960G>C,0.242
P60484-290V/L,10-87960960G>T,0.24
P60484-290V/E,10-87960961T>A,0.483
P60484-290V/A,10-87960961T>C,0.366
P60484-290V/G,10-87960961T>G,0.481
P60484-291E/K,10-87960963G>A,0.75
P60484-291E/Q,10-87960963G>C,0.588
P60484-291E/A,10-87960964A>C,0.749
P60484-291E/G,10-87960964A>G,0.735
P60484-291E/V,10-87960964A>T,0.826
P60484-291E/D,10-87960965A>C,0.511
P60484-291E/D,10-87960965A>T,0.511
P60484-292N/H,10-87960966A>C,0.745
P60484-292N/D,10-87960966A>G,0.752
P60484-292N/Y,10-87960966A>T,0.889
P60484-292N/T,10-87960967A>C,0.73
P60484-292N/S,10-87960967A>G,0.686
P60484-292N/I,10-87960967A>T,0.861
P60484-292N/K,10-87960968T>A,0.685
P60484-292N/K,10-87960968T>G,0.688
P60484-293G/R,10-87960969G>A,0.894
P60484-293G/R,10-87960969G>C,0.877
P60484-293G/E,10-87960970G>A,0.906
P60484-293G/A,10-87960970G>C,0.867
P60484-293G/V,10-87960970G>T,0.896
P60484-294S/R,10-87960972A>C,0.366
P60484-294S/G,10-87960972A>G,0.216
P60484-294S/C,10-87960972A>T,0.552
P60484-294S/N,10-87960973G>A,0.319
P60484-294S/T,10-87960973G>C,0.244
P60484-294S/I,10-87960973G>T,0.463
P60484-294S/R,10-87960974T>A,0.365
P60484-294S/R,10-87960974T>G,0.365
P60484-295L/I,10-87960975C>A,0.265
P60484-295L/V,10-87960975C>G,0.232
P60484-295L/Q,10-87960976T>A,0.493
P60484-295L/P,10-87960976T>C,0.542
P60484-295L/R,10-87960976T>G,0.482
P60484-296C/S,10-87960978T>A,0.236
P60484-296C/R,10-87960978T>C,0.334
P60484-296C/G,10-87960978T>G,0.203
P60484-296C/Y,10-87960979G>A,0.284
P60484-296C/S,10-87960979G>C,0.237
P60484-296C/F,10-87960979G>T,0.269
P60484-296C/W,10-87960980T>G,0.595
P60484-297D/N,10-87960981G>A,0.317
P60484-297D/H,10-87960981G>C,0.467
P60484-297D/Y,10-87960981G>T,0.619
P60484-297D/A,10-87960982A>C,0.235
P60484-297D/G,10-87960982A>G,0.346
P60484-297D/V,10-87960982A>T,0.386
P60484-297D/E,10-87960983T>A,0.21
P60484-297D/E,10-87960983T>G,0.207
P60484-298Q/K,10-87960984C>A,0.259
P60484-298Q/E,10-87960984C>G,0.229
P60484-298Q/P,10-87960985A>C,0.345
P60484-298Q/R,10-87960985A>G,0.204
P60484-298Q/L,10-87960985A>T,0.253
P60484-298Q/H,10-87960986A>C,0.297
P60484-298Q/H,10-87960986A>T,0.294
P60484-299E/K,10-87960987G>A,0.538
P60484-299E/Q,10-87960987G>C,0.429
P60484-299E/A,10-87960988A>C,0.478
P60484-299E/G,10-87960988A>G,0.515
P60484-299E/V,10-87960988A>T,0.65
P60484-299E/D,10-87960989A>C,0.317
P60484-299E/D,10-87960989A>T,0.314
P60484-300I/L,10-87960990A>C,0.214
P60484-300I/V,10-87960990A>G,0.173
P60484-300I/F,10-87960990A>T,0.238
P60484-300I/N,10-87960991T>A,0.291
P60484-300I/T,10-87960991T>C,0.277
P60484-300I/S,10-87960991T>G,0.239
P60484-300I/M,10-87960992C>G,0.284
P60484-301D/N,10-87960993G>A,0.334
P60484-301D/H,10-87960993G>C,0.596
P60484-301D/Y,10-87960993G>T,0.667
P60484-301D/A,10-87960994A>C,0.296
P60484-301D/G,10-87960994A>G,0.277
P60484-301D/V,10-87960994A>T,0.437
P60484-301D/E,10-87960995T>A,0.255
P60484-301D/E,10-87960995T>G,0.261
P60484-302S/R,10-87960996A>C,0.223
P60484-302S/G,10-87960996A>G,0.262
P60484-302S/C,10-87960996A>T,0.333
P60484-302S/N,10-87960997G>A,0.361
P60484-302S/T,10-87960997G>C,0.272
P60484-302S/I,10-87960997G>T,0.328
P60484-302S/R,10-87960998C>A,0.23
P60484-302S/R,10-87960998C>G,0.231
P60484-303I/L,10-87960999A>C,0.223
P60484-303I/V,10-87960999A>G,0.255
P60484-303I/F,10-87960999A>T,0.366
P60484-303I/N,10-87961000T>A,0.399
P60484-303I/T,10-87961000T>C,0.474
P60484-303I/S,10-87961000T>G,0.49
P60484-303I/M,10-87961001T>G,0.223
P60484-304C/S,10-87961002T>A,0.211
P60484-304C/R,10-87961002T>C,0.264
P60484-304C/G,10-87961002T>G,0.237
P60484-304C/Y,10-87961003G>A,0.244
P60484-304C/S,10-87961003G>C,0.229
P60484-304C/F,10-87961003G>T,0.259
P60484-304C/W,10-87961004C>G,0.384
P60484-305S/R,10-87961005A>C,0.447
P60484-305S/G,10-87961005A>G,0.214
P60484-305S/C,10-87961005A>T,0.617
P60484-305S/N,10-87961006G>A,0.264
P60484-305S/T,10-87961006G>C,0.217
P60484-305S/I,10-87961006G>T,0.537
P60484-305S/R,10-87961007T>A,0.49
P60484-305S/R,10-87961007T>G,0.487
P60484-306I/L,10-87961008A>C,0.225
P60484-306I/V,10-87961008A>G,0.221
P60484-306I/L,10-87961008A>T,0.227
P60484-306I/K,10-87961009T>A,0.354
P60484-306I/T,10-87961009T>C,0.274
P60484-306I/R,10-87961009T>G,0.384
P60484-306I/M,10-87961010A>G,0.198
P60484-307E/K,10-87961011G>A,0.6
P60484-307E/Q,10-87961011G>C,0.516
P60484-307E/A,10-87961012A>C,0.601
P60484-307E/G,10-87961012A>G,0.603
P60484-307E/V,10-87961012A>T,0.632
P60484-307E/D,10-87961013G>C,0.504
P60484-307E/D,10-87961013G>T,0.504
P60484-308R/S,10-87961014C>A,0.272
P60484-308R/G,10-87961014C>G,0.455
P60484-308R/C,10-87961014C>T,0.31
P60484-308R/H,10-87961015G>A,0.339
P60484-308R/P,10-87961015G>C,0.647
P60484-308R/L,10-87961015G>T,0.501
P60484-309A/T,10-87961017G>A,0.188
P60484-309A/P,10-87961017G>C,0.216
P60484-309A/S,10-87961017G>T,0.222
P60484-309A/E,10-87961018C>A,0.23
P60484-309A/G,10-87961018C>G,0.223
P60484-309A/V,10-87961018C>T,0.269
P60484-310D/N,10-87961020G>A,0.355
P60484-310D/H,10-87961020G>C,0.595
P60484-310D/Y,10-87961020G>T,0.739
P60484-310D/A,10-87961021A>C,0.367
P60484-310D/G,10-87961021A>G,0.361
P60484-310D/V,10-87961021A>T,0.615
P60484-310D/E,10-87961022T>A,0.285
P60484-310D/E,10-87961022T>G,0.283
P60484-311N/H,10-87961023A>C,0.481
P60484-311N/D,10-87961023A>G,0.247
P60484-311N/Y,10-87961023A>T,0.599
P60484-311N/T,10-87961024A>C,0.396
P60484-311N/S,10-87961024A>G,0.245
P60484-311N/I,10-87961024A>T,0.563
P60484-311N/K,10-87961025T>A,0.285
P60484-311N/K,10-87961025T>G,0.283
P60484-312D/N,10-87961026G>A,0.47
P60484-312D/H,10-87961026G>C,0.856
P60484-312D/Y,10-87961026G>T,0.884
P60484-312D/A,10-87961027A>C,0.77
P60484-312D/G,10-87961027A>G,0.673
P60484-312D/V,10-87961027A>T,0.873
P60484-312D/E,10-87961028C>A,0.43
P60484-312D/E,10-87961028C>G,0.43
P60484-313K/Q,10-87961029A>C,0.61
P60484-313K/E,10-87961029A>G,0.569
P60484-313K/T,10-87961030A>C,0.473
P60484-313K/R,10-87961030A>G,0.293
P60484-313K/M,10-87961030A>T,0.685
P60484-313K/N,10-87961031G>C,0.364
P60484-313K/N,10-87961031G>T,0.364
P60484-314E/K,10-87961032G>A,0.433
P60484-314E/Q,10-87961032G>C,0.374
P60484-314E/A,10-87961033A>C,0.433
P60484-314E/G,10-87961033A>G,0.393
P60484-314E/V,10-87961033A>T,0.527
P60484-314E/D,10-87961034A>C,0.269
P60484-314E/D,10-87961034A>T,0.269
P60484-315Y/N,10-87961035T>A,0.677
P60484-315Y/H,10-87961035T>C,0.645
P60484-315Y/D,10-87961035T>G,0.732
P60484-315Y/S,10-87961036A>C,0.583
P60484-315Y/C,10-87961036A>G,0.707
P60484-315Y/F,10-87961036A>T,0.362
P60484-316L/I,10-87961038C>A,0.483
P60484-316L/V,10-87961038C>G,0.565
P60484-316L/Q,10-87961039T>A,0.702
P60484-316L/P,10-87961039T>C,0.77
P60484-316L/R,10-87961039T>G,0.771
P60484-317V/I,10-87961041G>A,0.27
P60484-317V/L,10-87961041G>C,0.268
P60484-317V/L,10-87961041G>T,0.268
P60484-317V/E,10-87961042T>A,0.532
P60484-317V/A,10-87961042T>C,0.355
P60484-317V/G,10-87961042T>G,0.615
P60484-318L/I,10-87961044C>A,0.678
P60484-318L/V,10-87961044C>G,0.646
P60484-318L/F,10-87961044C>T,0.72
P60484-318L/H,10-87961045T>A,0.884
P60484-318L/P,10-87961045T>C,0.934
P60484-318L/R,10-87961045T>G,0.938
P60484-319T/P,10-87961047A>C,0.625
P60484-319T/A,10-87961047A>G,0.476
P60484-319T/S,10-87961047A>T,0.54
P60484-319T/N,10-87961048C>A,0.675
P60484-319T/S,10-87961048C>G,0.466
P60484-319T/I,10-87961048C>T,0.745
P60484-320L/I,10-87961050T>A,0.558
P60484-320L/V,10-87961050T>G,0.596
P60484-320L/S,10-87961051T>C,0.913
P60484-320L/F,10-87961052A>C,0.562
P60484-320L/F,10-87961052A>T,0.562
P60484-321T/P,10-87961053A>C,0.442
P60484-321T/A,10-87961053A>G,0.267
P60484-321T/S,10-87961053A>T,0.238
P60484-321T/K,10-87961054C>A,0.27
P60484-321T/R,10-87961054C>G,0.277
P60484-321T/I,10-87961054C>T,0.417
P60484-322K/Q,10-87961056A>C,0.72
P60484-322K/E,10-87961056A>G,0.877
P60484-322K/T,10-87961057A>C,0.827
P60484-322K/R,10-87961057A>G,0.639
P60484-322K/I,10-87961057A>T,0.808
P60484-322K/N,10-87961058A>C,0.698
P60484-322K/N,10-87961058A>T,0.698
P60484-323N/H,10-87961059A>C,0.502
P60484-323N/D,10-87961059A>G,0.245
P60484-323N/Y,10-87961059A>T,0.628
P60484-323N/T,10-87961060A>C,0.203
P60484-323N/S,10-87961060A>G,0.253
P60484-323N/I,10-87961060A>T,0.551
P60484-323N/K,10-87961061T>A,0.398
P60484-323N/K,10-87961061T>G,0.376
P60484-324D/N,10-87961062G>A,0.547
P60484-324D/H,10-87961062G>C,0.804
P60484-324D/Y,10-87961062G>T,0.819
P60484-324D/A,10-87961063A>C,0.809
P60484-324D/G,10-87961063A>G,0.744
P60484-324D/V,10-87961063A>T,0.819
P60484-324D/E,10-87961064T>A,0.31
P60484-324D/E,10-87961064T>G,0.316
P60484-325L/I,10-87961065C>A,0.385
P60484-325L/V,10-87961065C>G,0.503
P60484-325L/F,10-87961065C>T,0.732
P60484-325L/H,10-87961066T>A,0.901
P60484-325L/P,10-87961066T>C,0.922
P60484-325L/R,10-87961066T>G,0.824
P60484-326D/N,10-87961068G>A,0.917
P60484-326D/H,10-87961068G>C,0.931
P60484-326D/Y,10-87961068G>T,0.935
P60484-326D/A,10-87961069A>C,0.923
P60484-326D/G,10-87961069A>G,0.947
P60484-326D/V,10-87961069A>T,0.946
P60484-326D/E,10-87961070C>A,0.884
P60484-326D/E,10-87961070C>G,0.85
P60484-327K/Q,10-87961071A>C,0.648
P60484-327K/E,10-87961071A>G,0.711
P60484-327K/T,10-87961072A>C,0.796
P60484-327K/R,10-87961072A>G,0.524
P60484-327K/I,10-87961072A>T,0.787
P60484-327K/N,10-87961073A>C,0.581
P60484-327K/N,10-87961073A>T,0.579
P60484-328A/T,10-87961074G>A,0.706
P60484-328A/P,10-87961074G>C,0.762
P60484-328A/S,10-87961074G>T,0.563
P60484-328A/E,10-87961075C>A,0.807
P60484-328A/G,10-87961075C>G,0.657
P60484-328A/V,10-87961075C>T,0.686
P60484-329N/H,10-87961077A>C,0.519
P60484-329N/D,10-87961077A>G,0.768
P60484-329N/Y,10-87961077A>T,0.784
P60484-329N/T,10-87961078A>C,0.768
P60484-329N/S,10-87961078A>G,0.65
P60484-329N/I,10-87961078A>T,0.783
P60484-329N/K,10-87961079T>A,0.662
P60484-329N/K,10-87961079T>G,0.662
P60484-330K/Q,10-87961080A>C,0.815
P60484-330K/E,10-87961080A>G,0.889
P60484-330K/T,10-87961081A>C,0.817
P60484-330K/R,10-87961081A>G,0.729
P60484-330K/I,10-87961081A>T,0.798
P60484-330K/N,10-87961082A>C,0.76
P60484-330K/N,10-87961082A>T,0.72
P60484-331D/N,10-87961083G>A,0.656
P60484-331D/H,10-87961083G>C,0.793
P60484-331D/Y,10-87961083G>T,0.821
P60484-331D/A,10-87961084A>C,0.82
P60484-331D/G,10-87961084A>G,0.802
P60484-331D/V,10-87961084A>T,0.87
P60484-331D/E,10-87961085C>A,0.622
P60484-331D/E,10-87961085C>G,0.632
P60484-332K/Q,10-87961086A>C,0.755
P60484-332K/E,10-87961086A>G,0.8
P60484-332K/T,10-87961087A>C,0.821
P60484-332K/R,10-87961087A>G,0.669
P60484-332K/I,10-87961087A>T,0.815
P60484-332K/N,10-87961088A>C,0.591
P60484-332K/N,10-87961088A>T,0.591
P60484-333A/T,10-87961089G>A,0.396
P60484-333A/P,10-87961089G>C,0.712
P60484-333A/S,10-87961089G>T,0.418
P60484-333A/D,10-87961090C>A,0.603
P60484-333A/G,10-87961090C>G,0.645
P60484-333A/V,10-87961090C>T,0.691
P60484-334N/H,10-87961092A>C,0.504
P60484-334N/D,10-87961092A>G,0.711
P60484-334N/Y,10-87961092A>T,0.766
P60484-334N/T,10-87961093A>C,0.713
P60484-334N/S,10-87961093A>G,0.69
P60484-334N/I,10-87961093A>T,0.754
P60484-334N/K,10-87961094C>A,0.529
P60484-334N/K,10-87961094C>G,0.563
P60484-335R/G,10-87961095C>G,0.641
P60484-335R/Q,10-87961096G>A,0.591
P60484-335R/P,10-87961096G>C,0.731
P60484-335R/L,10-87961096G>T,0.791
P60484-336Y/N,10-87961098T>A,0.503
P60484-336Y/H,10-87961098T>C,0.466
P60484-336Y/D,10-87961098T>G,0.686
P60484-336Y/S,10-87961099A>C,0.461
P60484-336Y/C,10-87961099A>G,0.708
P60484-336Y/F,10-87961099A>T,0.296
P60484-337F/I,10-87961101T>A,0.844
P60484-337F/L,10-87961101T>C,0.821
P60484-337F/V,10-87961101T>G,0.88
P60484-337F/Y,10-87961102T>A,0.669
P60484-337F/S,10-87961102T>C,0.952
P60484-337F/C,10-87961102T>G,0.905
P60484-337F/L,10-87961103T>A,0.724
P60484-337F/L,10-87961103T>G,0.724
P60484-338S/T,10-87961104T>A,0.654
P60484-338S/P,10-87961104T>C,0.724
P60484-338S/A,10-87961104T>G,0.677
P60484-338S/Y,10-87961105C>A,0.787
P60484-338S/C,10-87961105C>G,0.733
P60484-338S/F,10-87961105C>T,0.844
P60484-339P/T,10-87961107C>A,0.769
P60484-339P/A,10-87961107C>G,0.69
P60484-339P/S,10-87961107C>T,0.656
P60484-339P/Q,10-87961108C>A,0.737
P60484-339P/R,10-87961108C>G,0.784
P60484-339P/L,10-87961108C>T,0.843
P60484-340N/H,10-87961110A>C,0.769
P60484-340N/D,10-87961110A>G,0.481
P60484-340N/Y,10-87961110A>T,0.878
P60484-340N/T,10-87961111A>C,0.783
P60484-340N/S,10-87961111A>G,0.595
P60484-340N/I,10-87961111A>T,0.773
P60484-340N/K,10-87961112T>A,0.598
P60484-340N/K,10-87961112T>G,0.598
P60484-341F/I,10-87961113T>A,0.855
P60484-341F/L,10-87961113T>C,0.887
P60484-341F/V,10-87961113T>G,0.909
P60484-341F/Y,10-87961114T>A,0.853
P60484-341F/S,10-87961114T>C,0.945
P60484-341F/C,10-87961114T>G,0.932
P60484-341F/L,10-87961115T>A,0.819
P60484-341F/L,10-87961115T>G,0.819
P60484-342K/Q,10-87961116A>C,0.694
P60484-342K/E,10-87961116A>G,0.831
P60484-342K/T,10-87961117A>C,0.855
P60484-342K/R,10-87961117A>G,0.556
P60484-342K/M,10-87961117A>T,0.848
P60484-342K/N,10-87961118G>C,0.612
P60484-342K/N,10-87961118G>T,0.615
P60484-343V/M,10-87965287G>A,0.793
P60484-343V/L,10-87965287G>C,0.773
P60484-343V/L,10-87965287G>T,0.773
P60484-343V/E,10-87965288T>A,0.92
P60484-343V/A,10-87965288T>C,0.822
P60484-343V/G,10-87965288T>G,0.892
P60484-344K/Q,10-87965290A>C,0.558
P60484-344K/E,10-87965290A>G,0.467
P60484-344K/T,10-87965291A>C,0.523
P60484-344K/R,10-87965291A>G,0.249
P60484-344K/M,10-87965291A>T,0.658
P60484-344K/N,10-87965292G>C,0.287
P60484-344K/N,10-87965292G>T,0.28
P60484-345L/M,10-87965293C>A,0.341
P60484-345L/V,10-87965293C>G,0.625
P60484-345L/Q,10-87965294T>A,0.944
P60484-345L/P,10-87965294T>C,0.877
P60484-345L/R,10-87965294T>G,0.959
P60484-346Y/N,10-87965296T>A,0.368
P60484-346Y/H,10-87965296T>C,0.432
P60484-346Y/D,10-87965296T>G,0.446
P60484-346Y/S,10-87965297A>C,0.388
P60484-346Y/C,10-87965297A>G,0.359
P60484-346Y/F,10-87965297A>T,0.24
P60484-347F/I,10-87965299T>A,0.872
P60484-347F/L,10-87965299T>C,0.925
P60484-347F/V,10-87965299T>G,0.94
P60484-347F/Y,10-87965300T>A,0.853
P60484-347F/S,10-87965300T>C,0.953
P60484-347F/C,10-87965300T>G,0.947
P60484-347F/L,10-87965301C>A,0.831
P60484-347F/L,10-87965301C>G,0.831
P60484-348T/P,10-87965302A>C,0.748
P60484-348T/A,10-87965302A>G,0.402
P60484-348T/S,10-87965302A>T,0.266
P60484-348T/K,10-87965303C>A,0.585
P60484-348T/R,10-87965303C>G,0.728
P60484-348T/I,10-87965303C>T,0.58
P60484-349K/Q,10-87965305A>C,0.433
P60484-349K/E,10-87965305A>G,0.695
P60484-349K/T,10-87965306A>C,0.602
P60484-349K/R,10-87965306A>G,0.488
P60484-349K/I,10-87965306A>T,0.75
P60484-349K/N,10-87965307A>C,0.629
P60484-349K/N,10-87965307A>T,0.577
P60484-350T/P,10-87965308A>C,0.627
P60484-350T/A,10-87965308A>G,0.583
P60484-350T/S,10-87965308A>T,0.615
P60484-350T/K,10-87965309C>A,0.652
P60484-350T/R,10-87965309C>G,0.57
P60484-350T/I,10-87965309C>T,0.571
P60484-351V/I,10-87965311G>A,0.459
P60484-351V/L,10-87965311G>C,0.466
P60484-351V/L,10-87965311G>T,0.466
P60484-351V/E,10-87965312T>A,0.578
P60484-351V/A,10-87965312T>C,0.554
P60484-351V/G,10-87965312T>G,0.561
P60484-352E/K,10-87965314G>A,0.526
P60484-352E/Q,10-87965314G>C,0.484
P60484-352E/A,10-87965315A>C,0.439
P60484-352E/G,10-87965315A>G,0.53
P60484-352E/V,10-87965315A>T,0.648
P60484-352E/D,10-87965316G>C,0.436
P60484-352E/D,10-87965316G>T,0.432
P60484-353E/K,10-87965317G>A,0.433
P60484-353E/Q,10-87965317G>C,0.394
P60484-353E/A,10-87965318A>C,0.451
P60484-353E/G,10-87965318A>G,0.498
P60484-353E/V,10-87965318A>T,0.522
P60484-353E/D,10-87965319G>C,0.385
P60484-353E/D,10-87965319G>T,0.383
P60484-354P/T,10-87965320C>A,0.382
P60484-354P/A,10-87965320C>G,0.25
P60484-354P/S,10-87965320C>T,0.219
P60484-354P/Q,10-87965321C>A,0.497
P60484-354P/R,10-87965321C>G,0.462
P60484-354P/L,10-87965321C>T,0.402
P60484-355S/T,10-87965323T>A,0.279
P60484-355S/P,10-87965323T>C,0.444
P60484-355S/A,10-87965323T>G,0.303
P60484-355S/L,10-87965324C>T,0.346
P60484-356N/H,10-87965326A>C,0.304
P60484-356N/D,10-87965326A>G,0.383
P60484-356N/Y,10-87965326A>T,0.475
P60484-356N/T,10-87965327A>C,0.277
P60484-356N/S,10-87965327A>G,0.303
P60484-356N/I,10-87965327A>T,0.46
P60484-356N/K,10-87965328T>A,0.373
P60484-356N/K,10-87965328T>G,0.373
P60484-357P/T,10-87965329C>A,0.322
P60484-357P/A,10-87965329C>G,0.267
P60484-357P/S,10-87965329C>T,0.295
P60484-357P/Q,10-87965330C>A,0.431
P60484-357P/R,10-87965330C>G,0.433
P60484-357P/L,10-87965330C>T,0.368
P60484-358E/K,10-87965332G>A,0.44
P60484-358E/Q,10-87965332G>C,0.408
P60484-358E/A,10-87965333A>C,0.459
P60484-358E/G,10-87965333A>G,0.454
P60484-358E/V,10-87965333A>T,0.54
P60484-358E/D,10-87965334G>C,0.319
P60484-358E/D,10-87965334G>T,0.325
P60484-359A/T,10-87965335G>A,0.411
P60484-359A/P,10-87965335G>C,0.433
P60484-359A/S,10-87965335G>T,0.429
P60484-359A/D,10-87965336C>A,0.519
P60484-359A/G,10-87965336C>G,0.431
P60484-359A/V,10-87965336C>T,0.45
P60484-360S/R,10-87965338A>C,0.489
P60484-360S/G,10-87965338A>G,0.441
P60484-360S/C,10-87965338A>T,0.484
P60484-360S/N,10-87965339G>A,0.426
P60484-360S/T,10-87965339G>C,0.422
P60484-360S/I,10-87965339G>T,0.5
P60484-360S/R,10-87965340C>A,0.426
P60484-360S/R,10-87965340C>G,0.426
P60484-361S/R,10-87965341A>C,0.437
P60484-361S/G,10-87965341A>G,0.38
P60484-361S/C,10-87965341A>T,0.398
P60484-361S/N,10-87965342G>A,0.426
P60484-361S/T,10-87965342G>C,0.333
P60484-361S/I,10-87965342G>T,0.438
P60484-361S/R,10-87965343T>A,0.396
P60484-361S/R,10-87965343T>G,0.396
P60484-362S/T,10-87965344T>A,0.274
P60484-362S/P,10-87965344T>C,0.365
P60484-362S/A,10-87965344T>G,0.35
P60484-362S/L,10-87965345C>T,0.457
P60484-363T/P,10-87965347A>C,0.334
P60484-363T/A,10-87965347A>G,0.343
P60484-363T/S,10-87965347A>T,0.278
P60484-363T/N,10-87965348C>A,0.424
P60484-363T/S,10-87965348C>G,0.3
P60484-363T/I,10-87965348C>T,0.464
P60484-364S/T,10-87965350T>A,0.414
P60484-364S/P,10-87965350T>C,0.365
P60484-364S/A,10-87965350T>G,0.396
P60484-364S/Y,10-87965351C>A,0.498
P60484-364S/C,10-87965351C>G,0.434
P60484-364S/F,10-87965351C>T,0.502
P60484-365V/I,10-87965353G>A,0.441
P60484-365V/L,10-87965353G>C,0.361
P60484-365V/L,10-87965353G>T,0.36
P60484-365V/E,10-87965354T>A,0.422
P60484-365V/A,10-87965354T>C,0.442
P60484-365V/G,10-87965354T>G,0.287
P60484-366T/P,10-87965356A>C,0.494
P60484-366T/A,10-87965356A>G,0.355
P60484-366T/S,10-87965356A>T,0.409
P60484-366T/K,10-87965357C>A,0.488
P60484-366T/R,10-87965357C>G,0.471
P60484-366T/I,10-87965357C>T,0.493
P60484-367P/T,10-87965359C>A,0.525
P60484-367P/A,10-87965359C>G,0.409
P60484-367P/S,10-87965359C>T,0.391
P60484-367P/Q,10-87965360C>A,0.505
P60484-367P/R,10-87965360C>G,0.545
P60484-367P/L,10-87965360C>T,0.551
P60484-368D/N,10-87965362G>A,0.441
P60484-368D/H,10-87965362G>C,0.516
P60484-368D/Y,10-87965362G>T,0.607
P60484-368D/A,10-87965363A>C,0.599
P60484-368D/G,10-87965363A>G,0.423
P60484-368D/V,10-87965363A>T,0.661
P60484-368D/E,10-87965364T>A,0.502
P60484-368D/E,10-87965364T>G,0.502
P60484-369V/I,10-87965365G>A,0.416
P60484-369V/L,10-87965365G>C,0.418
P60484-369V/F,10-87965365G>T,0.491
P60484-369V/D,10-87965366T>A,0.509
P60484-369V/A,10-87965366T>C,0.355
P60484-369V/G,10-87965366T>G,0.397
P60484-370S/R,10-87965368A>C,0.545
P60484-370S/G,10-87965368A>G,0.339
P60484-370S/C,10-87965368A>T,0.525
P60484-370S/N,10-87965369G>A,0.396
P60484-370S/T,10-87965369G>C,0.406
P60484-370S/I,10-87965369G>T,0.533
P60484-370S/R,10-87965370T>A,0.545
P60484-370S/R,10-87965370T>G,0.545
P60484-371D/N,10-87965371G>A,0.407
P60484-371D/H,10-87965371G>C,0.483
P60484-371D/Y,10-87965371G>T,0.581
P60484-371D/A,10-87965372A>C,0.478
P60484-371D/G,10-87965372A>G,0.526
P60484-371D/V,10-87965372A>T,0.625
P60484-371D/E,10-87965373C>A,0.393
P60484-371D/E,10-87965373C>G,0.387
P60484-372N/H,10-87965374A>C,0.471
P60484-372N/D,10-87965374A>G,0.417
P60484-372N/Y,10-87965374A>T,0.526
P60484-372N/T,10-87965375A>C,0.418
P60484-372N/S,10-87965375A>G,0.374
P60484-372N/I,10-87965375A>T,0.536
P60484-372N/K,10-87965376T>A,0.428
P60484-372N/K,10-87965376T>G,0.428
P60484-373E/K,10-87965377G>A,0.55
P60484-373E/Q,10-87965377G>C,0.424
P60484-373E/A,10-87965378A>C,0.505
P60484-373E/G,10-87965378A>G,0.501
P60484-373E/V,10-87965378A>T,0.518
P60484-373E/D,10-87965379A>C,0.45
P60484-373E/D,10-87965379A>T,0.447
P60484-374P/T,10-87965380C>A,0.473
P60484-374P/A,10-87965380C>G,0.469
P60484-374P/S,10-87965380C>T,0.461
P60484-374P/H,10-87965381C>A,0.467
P60484-374P/R,10-87965381C>G,0.52
P60484-374P/L,10-87965381C>T,0.488
P60484-375D/N,10-87965383G>A,0.442
P60484-375D/H,10-87965383G>C,0.525
P60484-375D/Y,10-87965383G>T,0.629
P60484-375D/A,10-87965384A>C,0.552
P60484-375D/G,10-87965384A>G,0.572
P60484-375D/V,10-87965384A>T,0.679
P60484-375D/E,10-87965385T>A,0.508
P60484-375D/E,10-87965385T>G,0.508
P60484-376H/N,10-87965386C>A,0.451
P60484-376H/D,10-87965386C>G,0.585
P60484-376H/Y,10-87965386C>T,0.577
P60484-376H/P,10-87965387A>C,0.668
P60484-376H/R,10-87965387A>G,0.671
P60484-376H/L,10-87965387A>T,0.688
P60484-376H/Q,10-87965388T>A,0.637
P60484-376H/Q,10-87965388T>G,0.637
P60484-377Y/N,10-87965389T>A,0.524
P60484-377Y/H,10-87965389T>C,0.475
P60484-377Y/D,10-87965389T>G,0.569
P60484-377Y/S,10-87965390A>C,0.535
P60484-377Y/C,10-87965390A>G,0.508
P60484-377Y/F,10-87965390A>T,0.459
P60484-378R/G,10-87965392A>G,0.518
P60484-378R/K,10-87965393G>A,0.411
P60484-378R/T,10-87965393G>C,0.473
P60484-378R/I,10-87965393G>T,0.615
P60484-378R/S,10-87965394A>C,0.523
P60484-378R/S,10-87965394A>T,0.52
P60484-379Y/N,10-87965395T>A,0.549
P60484-379Y/H,10-87965395T>C,0.485
P60484-379Y/D,10-87965395T>G,0.538
P60484-379Y/S,10-87965396A>C,0.526
P60484-379Y/C,10-87965396A>G,0.539
P60484-379Y/F,10-87965396A>T,0.472
P60484-380S/T,10-87965398T>A,0.434
P60484-380S/P,10-87965398T>C,0.475
P60484-380S/A,10-87965398T>G,0.437
P60484-380S/Y,10-87965399C>A,0.508
P60484-380S/C,10-87965399C>G,0.441
P60484-380S/F,10-87965399C>T,0.505
P60484-381D/N,10-87965401G>A,0.43
P60484-381D/H,10-87965401G>C,0.585
P60484-381D/Y,10-87965401G>T,0.663
P60484-381D/A,10-87965402A>C,0.65
P60484-381D/G,10-87965402A>G,0.655
P60484-381D/V,10-87965402A>T,0.727
P60484-381D/E,10-87965403C>A,0.422
P60484-381D/E,10-87965403C>G,0.429
P60484-382T/P,10-87965404A>C,0.49
P60484-382T/A,10-87965404A>G,0.442
P60484-382T/S,10-87965404A>T,0.433
P60484-382T/N,10-87965405C>A,0.415
P60484-382T/S,10-87965405C>G,0.397
P60484-382T/I,10-87965405C>T,0.476
P60484-383T/P,10-87965407A>C,0.52
P60484-383T/A,10-87965407A>G,0.464
P60484-383T/S,10-87965407A>T,0.424
P60484-383T/N,10-87965408C>A,0.417
P60484-383T/S,10-87965408C>G,0.388
P60484-383T/I,10-87965408C>T,0.486
P60484-384D/N,10-87965410G>A,0.443
P60484-384D/H,10-87965410G>C,0.54
P60484-384D/Y,10-87965410G>T,0.632
P60484-384D/A,10-87965411A>C,0.573
P60484-384D/G,10-87965411A>G,0.607
P60484-384D/V,10-87965411A>T,0.686
P60484-384D/E,10-87965412C>A,0.435
P60484-384D/E,10-87965412C>G,0.427
P60484-385S/T,10-87965413T>A,0.404
P60484-385S/P,10-87965413T>C,0.433
P60484-385S/A,10-87965413T>G,0.425
P60484-385S/Y,10-87965414C>A,0.509
P60484-385S/C,10-87965414C>G,0.466
P60484-385S/F,10-87965414C>T,0.51
P60484-386D/N,10-87965416G>A,0.408
P60484-386D/H,10-87965416G>C,0.545
P60484-386D/Y,10-87965416G>T,0.571
P60484-386D/A,10-87965417A>C,0.477
P60484-386D/G,10-87965417A>G,0.591
P60484-386D/V,10-87965417A>T,0.624
P60484-386D/E,10-87965418T>A,0.393
P60484-386D/E,10-87965418T>G,0.388
P60484-387P/T,10-87965419C>A,0.389
P60484-387P/A,10-87965419C>G,0.412
P60484-387P/S,10-87965419C>T,0.414
P60484-387P/Q,10-87965420C>A,0.441
P60484-387P/R,10-87965420C>G,0.5
P60484-387P/L,10-87965420C>T,0.478
P60484-388E/K,10-87965422G>A,0.499
P60484-388E/Q,10-87965422G>C,0.422
P60484-388E/A,10-87965423A>C,0.465
P60484-388E/G,10-87965423A>G,0.463
P60484-388E/V,10-87965423A>T,0.555
P60484-388E/D,10-87965424G>C,0.395
P60484-388E/D,10-87965424G>T,0.395
P60484-389N/H,10-87965425A>C,0.465
P60484-389N/D,10-87965425A>G,0.433
P60484-389N/Y,10-87965425A>T,0.561
P60484-389N/T,10-87965426A>C,0.463
P60484-389N/S,10-87965426A>G,0.418
P60484-389N/I,10-87965426A>T,0.544
P60484-389N/K,10-87965427T>A,0.48
P60484-389N/K,10-87965427T>G,0.509
P60484-390E/K,10-87965428G>A,0.521
P60484-390E/Q,10-87965428G>C,0.397
P60484-390E/A,10-87965429A>C,0.481
P60484-390E/G,10-87965429A>G,0.509
P60484-390E/V,10-87965429A>T,0.495
P60484-390E/D,10-87965430A>C,0.42
P60484-390E/D,10-87965430A>T,0.419
P60484-391P/T,10-87965431C>A,0.41
P60484-391P/A,10-87965431C>G,0.361
P60484-391P/S,10-87965431C>T,0.374
P60484-391P/H,10-87965432C>A,0.42
P60484-391P/R,10-87965432C>G,0.46
P60484-391P/L,10-87965432C>T,0.396
P60484-392F/I,10-87965434T>A,0.299
P60484-392F/L,10-87965434T>C,0.348
P60484-392F/V,10-87965434T>G,0.428
P60484-392F/Y,10-87965435T>A,0.299
P60484-392F/S,10-87965435T>C,0.463
P60484-392F/C,10-87965435T>G,0.529
P60484-392F/L,10-87965436T>A,0.417
P60484-392F/L,10-87965436T>G,0.417
P60484-393D/N,10-87965437G>A,0.408
P60484-393D/H,10-87965437G>C,0.556
P60484-393D/Y,10-87965437G>T,0.625
P60484-393D/A,10-87965438A>C,0.54
P60484-393D/G,10-87965438A>G,0.533
P60484-393D/V,10-87965438A>T,0.664
P60484-393D/E,10-87965439T>A,0.311
P60484-393D/E,10-87965439T>G,0.307
P60484-394E/K,10-87965440G>A,0.449
P60484-394E/Q,10-87965440G>C,0.412
P60484-394E/A,10-87965441A>C,0.479
P60484-394E/G,10-87965441A>G,0.479
P60484-394E/V,10-87965441A>T,0.553
P60484-394E/D,10-87965442A>C,0.313
P60484-394E/D,10-87965442A>T,0.31
P60484-395D/N,10-87965443G>A,0.391
P60484-395D/H,10-87965443G>C,0.446
P60484-395D/Y,10-87965443G>T,0.456
P60484-395D/A,10-87965444A>C,0.367
P60484-395D/G,10-87965444A>G,0.381
P60484-395D/V,10-87965444A>T,0.419
P60484-395D/E,10-87965445T>A,0.31
P60484-395D/E,10-87965445T>G,0.31
P60484-396Q/K,10-87965446C>A,0.399
P60484-396Q/E,10-87965446C>G,0.39
P60484-396Q/P,10-87965447A>C,0.435
P60484-396Q/R,10-87965447A>G,0.406
P60484-396Q/L,10-87965447A>T,0.433
P60484-396Q/H,10-87965448G>C,0.342
P60484-396Q/H,10-87965448G>T,0.342
P60484-397H/N,10-87965449C>A,0.392
P60484-397H/D,10-87965449C>G,0.479
P60484-397H/Y,10-87965449C>T,0.417
P60484-397H/P,10-87965450A>C,0.566
P60484-397H/R,10-87965450A>G,0.446
P60484-397H/L,10-87965450A>T,0.434
P60484-397H/Q,10-87965451T>A,0.503
P60484-397H/Q,10-87965451T>G,0.503
P60484-398T/P,10-87965452A>C,0.447
P60484-398T/A,10-87965452A>G,0.305
P60484-398T/S,10-87965452A>T,0.322
P60484-398T/K,10-87965453C>A,0.382
P60484-398T/R,10-87965453C>G,0.414
P60484-398T/I,10-87965453C>T,0.369
P60484-399Q/K,10-87965455C>A,0.386
P60484-399Q/E,10-87965455C>G,0.393
P60484-399Q/P,10-87965456A>C,0.459
P60484-399Q/R,10-87965456A>G,0.369
P60484-399Q/L,10-87965456A>T,0.476
P60484-399Q/H,10-87965457A>C,0.471
P60484-399Q/H,10-87965457A>T,0.471
P60484-400I/L,10-87965458A>C,0.4
P60484-400I/V,10-87965458A>G,0.358
P60484-400I/F,10-87965458A>T,0.462
P60484-400I/N,10-87965459T>A,0.605
P60484-400I/T,10-87965459T>C,0.471
P60484-400I/S,10-87965459T>G,0.535
P60484-400I/M,10-87965460T>G,0.551
P60484-401T/P,10-87965461A>C,0.485
P60484-401T/A,10-87965461A>G,0.458
P60484-401T/S,10-87965461A>T,0.402
P60484-401T/K,10-87965462C>A,0.55
P60484-401T/R,10-87965462C>G,0.491
P60484-401T/I,10-87965462C>T,0.504
P60484-402K/Q,10-87965464A>C,0.457
P60484-402K/E,10-87965464A>G,0.512
P60484-402K/T,10-87965465A>C,0.528
P60484-402K/R,10-87965465A>G,0.437
P60484-402K/I,10-87965465A>T,0.711
P60484-402K/N,10-87965466A>C,0.264
P60484-402K/N,10-87965466A>T,0.264
