variant_info,PHACTboost,PHACT,AlphaMissense,EVE,CPT-1,prot_vars
1,0.934831602730211,0.000156375076763464,0.3982,0.230165874408512,NA,O00329-524Y/S
1,0.711023038654009,0.000787984548972521,0.1108,NA,0.204474422816895,O00571-369T/S
-1,0.35658974078574,0.000104075010848,0.1056,0.115453239475828,NA,O00744-301P/S
1,0.414012602637815,0.00048155102794994,0.3251,NA,NA,O00764-75N/K
1,0.388263023502117,0.000771645757661688,0.0695,NA,0.0346293513209543,O14686-1476S/C
1,0.0448061997337849,0.00116358519525111,0.152,NA,0.117389866248834,O14686-2647D/N
1,0.677536424935878,0.000651101429542281,0.173,NA,NA,O14746-1040A/T
1,0.441590587442774,0.000304013871287246,0.1283,0.583916885775123,NA,O14746-938R/W
-1,0.172678661332477,0.00035557752544193,0.1717,NA,0.176238567451146,O14841-459R/C
-1,0.028649290456419,0.00100078062653567,0.0864,NA,0.0845540511279348,O14976-1265K/R
1,0.114109546238823,0.000393853648063041,0.161,0.344776236179425,NA,O15020-1453D/V
1,0.119081307772613,0.00154520283920674,0.1892,0.119037881479591,NA,O15118-978R/S
1,0.239951248673598,0.000410713853400264,0.141,NA,0.377285901987579,O15230-513G/E
1,0.607063539989627,0.000692414944101455,0.0741,0.154275428085454,NA,O15266-112Q/P
1,0.998007585608898,0.00022377810947685,0.9256,0.513848944907529,NA,O15305-162R/P
1,0.457305090407465,0.000612038519823322,0.3561,0.186959626340945,NA,O15305-195H/R
-1,0.260147155526859,0.000131971721851064,0.3158,NA,0.39493173942662,O15393-160V/M
1,0.437788610083056,0.000125134617743117,0.277,0.213532472458,0.156633476768403,O15528-112P/L
1,0.999984402709199,0,0.4836,NA,NA,O43291-1M/I
-1,0.00573618004147026,0.000200933752985928,0.1655,NA,NA,O43424-68T/M
1,0.853216798006096,0.00016713016372535,0.4521,0.413151138489505,0.222935367834178,O43497-161I/F
1,0.999999679631741,0,0.2891,NA,NA,O43511-1M/R
1,0.997384611854228,1.62555863239482e-05,0.6988,0.144488236702696,NA,O43526-256G/V
1,0.481524639601853,0.000286745315211477,0.3381,0.618786985234846,0.493863108028985,O43918-18I/M
-1,0.249187620600104,0.000101271962184963,0.1129,NA,0.156256800244128,O60303-1426E/K
1,0.913629910152786,0.000198579500537723,0.1794,0.51527188967744,NA,O60500-806A/T
1,0.0866129603696636,0.000441423236893729,0.0646,NA,0.0980375643418941,O60524-926P/L
-1,0.0387521391628474,0.000171400979065582,0.1029,0.183887070270106,NA,O60568-629T/M
-1,0.230509437105776,0.000342719742999306,0.106,NA,0.125174736510959,O60716-915R/K
1,0.998782646860379,5.55494607122675e-07,0.9637,0.737909245749459,NA,O60741-397I/M
1,0.999998091392087,0,0.0804,NA,0.245965717501334,O60762-1M/V
-1,0.0212373417743602,0.0024094170378041,0.1953,0.236525469808562,0.132777913511909,O60885-1097R/H
-1,0.345669889402642,0.00015999714590558,0.1081,0.115316687135006,NA,O75051-46R/H
1,0.283618922104314,0.000710181686074338,0.4715,0.146736834154775,NA,O75197-70F/Y
1,0.880011534580128,0.000143376579919517,0.2101,0.357597563517898,NA,O75197-395R/W
1,0.897659086590338,0.000139457874610739,0.7452,0.675781031565028,NA,O75445-2347V/E
1,0.0772270739857114,0.000818185149674028,0.1844,NA,NA,O75445-192N/T
1,0.620186581127226,0.000155267989322195,0.1103,0.715154905851342,NA,O75445-2356N/S
1,0.990392645952654,1.11131053977061e-05,0.8163,NA,NA,O75445-391S/R
-1,0.0527846506784289,0.0010871779459777,0.0675,0.18965025807407,0.187184518376417,O75477-291I/V
1,0.999993810194632,0,0.262,NA,NA,O75489-1M/I
1,0.945986548195107,0.000118336516856855,0.1805,0.701982533120359,NA,O76024-629R/W
1,0.93987911065134,0.000207207487957661,0.1971,0.520171822629187,NA,O76082-38S/C
1,0.708366373595586,0.000369608799844219,0.1004,0.19373850636909,0.133378070028894,O76090-11N/S
1,0.99799925378542,9.70661147727573e-06,0.6266,0.68378372255623,0.546906488281981,O76090-234L/V
1,0.999992999069537,0,0.3177,NA,NA,O95363-1M/I
-1,0.197068698998078,0.0001852745802904,0.1074,0.269337361511468,NA,O95425-668S/L
1,0.999971360555271,0,0.0684,NA,0.288828483799835,O95528-1M/V
1,0.999997166648798,0,0.2533,NA,0.531920176882675,O95571-1M/K
-1,0.00622502725064852,0.00041240902541749,0.101,NA,0.115979709708988,O95644-751C/G
1,0.537973178354042,0.000232802593654186,0.1947,0.481214056066488,NA,O95721-40D/Y
-1,0.483515039287093,8.93146301260907e-05,0.4686,0.590638923382323,0.294187344465174,O95786-580D/E
1,0.999441743977363,9.96008667002338e-05,0.5019,0.311474855830759,NA,P00439-145D/E
1,0.800811113663318,0.00177561713072704,0.1559,0.0834233159819616,NA,P00439-104A/V
1,0.986120244397523,0.000294179983250816,0.2951,0.239484268616483,NA,P00441-91D/V
1,0.999150049412045,0.000171938001227772,0.5441,0.127665375785009,NA,P00441-112C/Y
1,0.858560702677387,0.000252725604750802,0.0906,0.4565144334591,0.0882054796865243,P00451-1764Q/R
1,0.99777148918153,3.35905200613931e-05,0.2199,0.739872505450096,0.343432080228165,P00451-644L/V
-1,0.422831214690456,0.000653556252595518,0.1427,0.15680472823743,0.272842902972453,P00505-222R/H
-1,0.0843440932994388,0.00267415168511117,0.1131,NA,0.173761590465627,P00505-2A/S
1,0.00483261392658356,0.00049642865603358,0.1036,0.344899215997369,NA,P00734-357E/G
1,0.9875369607158,0.000214746940467339,0.4983,0.170614953655567,0.201598440671283,P00740-294R/L
1,0.901097727951706,0.000380569236419089,0.1435,0.138016346700663,0.0867068229306973,P00740-380A/T
1,0.989469377602658,0.000156331055333126,0.1188,NA,0.0983958682755514,P00740-342T/A
1,0.999994216103461,0,0.0907,NA,0.396532862057669,P00813-1M/V
1,0.211650542342646,0.000125671477842623,0.1851,0.87714998609114,0.486475588215373,P01024-161R/W
1,0.995151299991649,9.71513769316207e-05,0.1228,0.372146655763354,NA,P01130-350R/G
1,0.212763271965615,2.55801474130301e-05,0.1504,0.32855522022517,NA,P01148-31R/H
1,0.68664018758802,0.000606015198775659,0.1604,0.645185184777448,NA,P01241-85P/L
1,0.520908121422043,0.000147994015859692,0.7876,0.328025563580907,NA,P01308-98S/I
1,0.99996700658098,0,0.9672,0.947073749922583,0.755823642390597,P02462-420G/R
-1,0.217072238770906,0.000239488477925039,0.1762,0.321759525636662,NA,P02538-335A/T
1,0.861157520510421,0.000173638397746416,0.7712,0.819885818557502,0.615420462954413,P02647-197R/P
1,0.347182938396252,6.87304603798672e-06,0.1932,0.612069981257638,0.0817013854915828,P02649-183G/A
1,0.913250746987584,5.94061904965873e-05,0.4659,0.302543593210848,NA,P02766-54R/T
1,0.976660432918053,0.000388335618192429,0.2622,0.148470728263067,NA,P02766-55K/E
1,0.990964725836036,0.000325576142733651,0.1118,0.153678203644193,NA,P02766-79T/A
1,0.00887905058399076,0.000785586035624654,0.2425,NA,0.179305987322491,P02771-608G/R
1,0.928940182550797,0.000777391994960108,0.4509,0.232856863108005,NA,P04062-310S/N
1,0.990677691263947,6.98230556139094e-05,0.9535,0.358510904740893,NA,P04264-178S/P
1,0.991320273319769,0.000324262038723186,0.3216,0.14455813991613,NA,P04275-2663R/C
1,0.465291893680625,0.000356171171338573,0.5485,0.253428915977631,NA,P04275-1421N/K
1,0.703111341368413,0.000278705556475448,0.3717,0.371550309213663,NA,P05106-27G/R
1,0.418055662407132,7.30553469671883e-05,0.1367,0.181776135431751,NA,P05129-140R/Q
1,0.99309577413883,6.85419657980048e-05,0.8641,0.504710465544457,NA,P05155-460S/P
1,0.999998797359415,0,0.0676,NA,NA,P05186-1M/V
1,0.974855229331048,0.000101877962600404,0.2089,0.204422261533017,NA,P05186-414L/M
1,0.855975777989124,0.00044349496841973,0.6923,NA,NA,P05186-493N/K
1,0.592325584263637,0.000449681355168166,0.3766,0.0752074948529507,NA,P05186-275L/F
1,0.712793175779881,0.000285864493375707,0.1094,0.352392412724988,NA,P05186-367S/T
1,0.179211505465092,0.00120158449951254,0.0769,NA,NA,P05186-424V/A
1,0.901518781996664,0.000176339902717074,0.6601,0.253448721103137,NA,P06213-238E/K
1,0.992397568979649,0.000366709989303518,0.0918,NA,0.255382144568147,P06280-19L/P
1,0.99999932214998,0,0.135,NA,0.283933012810446,P06280-1M/I
1,0.921116664419377,0.00042012574791016,0.2472,0.328064539450014,NA,P06400-220L/V
1,0.999994719231513,6.50855705369117e-09,0.2014,NA,NA,P07225-1M/L
1,0.323615110852008,0.000300278271796568,0.077,0.393634594588678,0.295983240748269,P07333-741D/N
1,0.982373376871873,3.63199086540741e-06,0.8368,0.698253112383089,NA,P07359-20C/G
1,0.917624539380625,0.000244091861141942,0.5797,NA,0.334064383527825,P07741-54H/D
1,0.999996362511364,0,0.3474,NA,0.516412018922306,P07741-1M/T
1,0.999995538568411,0,0.088,NA,0.484994196016824,P07741-1M/V
-1,0.133233681259095,0.00133636907630063,0.0896,NA,0.136574026045755,P07858-53S/G
-1,0.271146620671976,0.000385038099243626,0.153,NA,0.362382624280182,P07858-26L/V
1,0.999999722504985,5.02227149087445e-08,0.1693,NA,NA,P07902-1M/R
1,0.999458777693006,3.3738356531838e-07,0.9666,NA,NA,P07911-63C/W
1,0.395208185034994,0.000237498412384477,0.1252,0.210593126711924,NA,P07949-77R/C
1,0.999997857622599,0,0.0812,NA,0.393252538064916,P08246-1M/V
1,0.975034103006972,0.000102491148793612,0.651,0.510002094127045,0.457426878709465,P08246-101V/M
1,0.921192850803126,0.000113211260005033,0.9431,0.587395655974982,0.348080849310156,P08246-53H/Q
1,0.991165339769418,5.18365983337002e-05,0.8321,0.611911299339202,0.403607208738564,P08246-154M/R
1,0.766172530965658,9.23947207932269e-05,0.8156,0.240334165477295,NA,P08514-160S/R
1,0.0020136087895966,0.0013468602504986,0.3886,NA,0.131222611757714,P08684-301I/T
1,0.932781413179771,9.23481668469973e-05,0.1902,NA,0.304160190236797,P08709-96R/G
-1,0.866786288667531,0.000100110054249407,0.2684,NA,NA,P08779-41R/C
1,0.889637482394892,0.00037716193649618,0.454,0.835171027328756,NA,P08F94-2665L/P
1,0.542242341196578,0.000510229189550589,0.2905,0.892900721046249,NA,P08F94-2957I/M
1,0.958802811197538,0.000286611859186577,0.1736,0.822791323339505,NA,P08F94-2840R/G
1,0.988798693222682,0.000126764287768736,0.568,0.783906755993868,NA,P08F94-2827L/P
1,0.995057912971503,3.54611943939241e-06,0.7922,0.87960612475813,NA,P08F94-1431C/F
1,0.121759631370636,0.00120948895030009,0.0685,NA,NA,P09884-397D/N
1,0.999995198657176,0,0.0811,NA,NA,P10253-1M/L
1,0.999998413602023,0,0.1033,NA,NA,P10253-1M/T
1,0.999995793667382,0,0.1643,NA,NA,P10253-1M/I
1,0.143180076056898,0.00032876832932257,0.1238,0.101521779290235,0.176338461637949,P10275-355E/Q
1,0.999997486472905,0,0.3957,NA,0.305253389262817,P10589-1M/L
1,0.00646752812467482,0.000583269018953546,0.1702,0.206590452959532,NA,P10745-1017M/K
1,0.949359776336782,0.000543672136733173,0.5775,0.343253484008865,NA,P10746-212S/P
1,0.96444786543781,3.74996799573309e-06,0.9752,0.586638734162907,NA,P11055-834F/S
1,0.999989841628274,0,0.1091,NA,NA,P11166-1M/L
1,0.999999643082738,1.14291339883429e-07,0.12,NA,0.334199878328937,P11310-1M/L
1,0.589876012351891,0.00180916486518295,0.1638,0.121690568780572,0.13926725082589,P11310-78I/V
1,0.412979542373657,0.00183971627670445,0.1233,0.194382370172716,NA,P11413-355I/V
1,0.944861078378951,0.000316165089988,0.3291,0.211033561485572,NA,P11413-155H/D
1,0.870149213853486,0.0010602435641019,0.0922,0.0733062313980978,NA,P11413-63E/K
1,0.281931195685247,0.00187485425947838,0.1252,NA,NA,P11413-3E/K
-1,0.887310484133419,0.000145541411112432,0.1165,NA,NA,P11586-769L/F
-1,0.466318536183094,5.23826062019008e-05,0.4375,NA,0.423155713487921,P12035-375R/G
1,0.814471798130044,0.000149119306735208,0.3337,0.576520569728189,0.362080217298381,P12110-96Y/C
1,0.999966878368591,0,0.1586,NA,NA,P12271-1M/L
1,0.489136574758877,0.00023967741869429,0.8499,NA,0.133205133874816,P12755-28S/T
1,0.999994830777662,0,0.1273,NA,0.359784872018848,P12830-1M/L
1,0.999753865384278,1.472151191447e-05,0.9863,0.604840200599282,NA,P12883-797A/P
1,0.999990402027394,0,0.1475,NA,NA,P13224-1M/L
1,0.999993330335365,0,0.2827,NA,NA,P13224-1M/T
1,0.729936353693957,0.000107748969237073,0.6068,0.350374051954043,NA,P13224-158L/R
1,0.981627438749393,9.08528375405947e-05,0.3476,0.433009631145782,0.247019597494274,P13569-223A/V
1,0.993566240504865,2.31391579898499e-05,0.3311,0.1513762551286,0.196728386222263,P13637-127A/V
1,0.999982888767936,0,0.3028,NA,NA,P13805-1M/V
1,0.0872379810143334,0.00156783455602632,0.0808,0.0607452709279497,NA,P14136-386N/S
1,0.573268332585144,4.35538085774215e-06,0.4674,0.259658626083596,NA,P14136-236K/E
1,0.989583407358727,0.000111948137427741,0.4087,0.894125051328458,NA,P14222-410R/P
1,0.960293520578942,9.73073783810027e-05,0.4246,0.882147895790733,NA,P14222-317G/R
1,0.999996485088167,0,0.3565,NA,NA,P14222-1M/T
1,0.999994558286078,0,0.1469,NA,NA,P14222-1M/V
1,0.872366633045333,0.000176524845378141,0.1393,0.824368672959443,NA,P14222-410R/W
1,0.999995701732868,0,0.5546,NA,NA,P14222-1M/I
1,0.998801468963752,3.00842238076341e-05,0.8521,0.760742719402859,NA,P14679-44S/R
1,0.540022307832679,0.000234596327055689,0.1555,0.135370362586335,NA,P14679-355A/G
1,0.99826335140807,0.000100473296460612,0.2677,0.594401880628,NA,P14679-379G/V
1,0.807643956679101,0.000384802785946066,0.1743,0.259873234780273,NA,P14679-406P/A
1,0.978043392566752,7.77245750758766e-05,0.0954,NA,NA,P14867-28Q/H
1,0.994815118137648,1.96245027230507e-06,0.7383,NA,0.582088436283968,P15538-384R/G
1,0.978432061569235,4.07684440005848e-05,0.6783,NA,0.464980856028438,P15538-332R/G
1,0.995027057860727,1.30156359946977e-05,0.8065,NA,0.578146891534262,P15538-384R/L
1,0.993768991541834,8.67946058896733e-05,0.931,NA,0.643834473023952,P15538-384R/P
1,0.793600724233364,0.000206092819929134,0.4011,NA,0.427067005538579,P15538-306A/T
1,0.96108579176826,2.01903519928874e-06,0.3474,NA,0.329073144803828,P15538-42P/A
1,0.984751095591825,1.48486726626026e-06,0.5154,NA,0.367884873355274,P15538-42P/T
1,0.615713618509548,0.000177786894377436,0.187,0.127081872931177,NA,P16112-756G/R
1,0.00442159955386843,0.000164004817820484,0.2208,0.142316435493634,0.135899671003624,P16157-1027S/R
-1,0.995667843020539,0,0.8101,NA,0.323045402445197,P17066-198L/F
1,0.924086244926799,8.5115325585176e-05,0.7408,0.666505563707261,0.487032721629682,P17405-411E/D
1,0.176307917279296,0.000659806619750728,0.1327,0.24747349415562,0.260997019392186,P17405-595L/V
1,0.991114531996241,0.000168617138009327,0.712,0.638145919070588,0.339713062517006,P17813-437R/P
1,0.234101714024361,0.00032291153280894,0.0751,NA,0.0972565099565671,P20585-1044G/S
1,0.123555842408988,0.000244458528259871,0.257,NA,0.35455491017587,P20711-23G/V
-1,0.00240288081878275,0.00239268720375416,0.1268,NA,0.213396922328946,P20810-537A/V
1,0.999994483731211,0,0.1856,NA,0.398960573340762,P20908-1M/V
1,0.999998997517852,0,0.4046,NA,0.450080034877999,P20908-1M/R
1,0.947690924310998,0.000466589350542965,0.2499,0.288274434790432,NA,P21549-156G/A
1,0.888038666925916,7.7572537101797e-05,0.9173,0.190538443612976,NA,P21810-147K/N
1,0.998268719526855,8.41218284226061e-06,0.545,0.260029786553958,NA,P21817-2676R/Q
1,0.999998398384166,0,0.1027,NA,NA,P21953-1M/V
1,0.999993125515956,0,0.1268,NA,NA,P22304-1M/T
1,0.344699872576095,0.000620284886458857,0.1403,NA,0.154776196244667,P22314-554P/S
1,0.997175088665184,6.63354170460278e-05,0.9875,0.939880318901584,NA,P22735-480I/F
1,0.0287677070640863,0.00113029575164197,0.0532,NA,0.122876617926098,P23416-396P/T
1,0.458985826573738,0.000182160762782158,0.1749,0.28506356474343,NA,P24386-314G/R
1,0.999831953221169,1.08243729579556e-06,0.9992,0.797109968034385,NA,P25189-101W/C
1,0.736327549536946,0.000198052405561337,0.8481,0.272922045986851,NA,P26640-1115T/R
1,0.356114496547142,0.000440772986501013,0.2088,0.179290096073667,0.168463795964118,P29400-76Q/H
1,0.999998469226064,0,0.4107,NA,0.648647532932727,P30084-1M/I
1,0.999999210196784,0,0.3632,NA,0.557989590332711,P30084-1M/T
1,0.999998755066434,0,0.1154,NA,0.546241263240713,P30084-1M/V
1,0.731691268613879,0.000660425200034354,0.1955,0.389068666806667,0.247718413441755,P30084-238A/V
1,0.993998476315164,0.000280601587485545,0.9321,NA,NA,P30613-75L/P
-1,0.0187289691798724,0.000495622548306953,0.2257,0.101345845084929,0.0683219029370308,P31415-140Y/F
-1,0.17893293844638,0.001768522105538,0.0887,0.800827236385372,NA,P31629-1242Y/C
1,0.782628103308547,0.000195975536317869,0.4087,NA,NA,P32004-1076T/P
1,0.994861817443822,0.000154874716660767,0.8973,0.340602519920503,0.696910601673223,P33897-420H/P
1,0.999997049128442,0,0.161,NA,NA,P34059-1M/L
1,0.999996588188592,0,0.0992,NA,NA,P34059-1M/V
1,0.991968713754061,0.000115914337236689,0.6775,0.299267003733144,NA,P35498-1394T/I
-1,0.74194197902445,1.69888752449374e-06,0.9267,NA,0.660674026089174,P36980-72C/Y
1,0.127802382765173,0.00125802424362021,0.509,0.674825110055506,0.313547732460523,P38398-1688V/F
-1,0.0798708790497479,0.00309915222901628,0.0762,NA,NA,P40424-21G/S
1,0.0874208812780835,0.000680579225717583,0.0877,NA,NA,P40855-54S/L
1,0.701147437386022,0.000121970347432225,0.8629,NA,0.544873636700563,P40879-393G/W
1,0.414035209752935,0.000253161500935469,0.2887,0.161653441982279,NA,P42262-766A/T
1,0.102838111597764,0.00102009998213609,0.1105,0.0774669750890682,0.115508301549278,P43004-230I/T
1,0.676766184437748,0.000133156492666337,0.9982,0.663399685580943,NA,P46937-86M/T
1,0.999994760731106,0,0.2419,NA,NA,P46976-1M/I
1,0.849165157528278,0.000388373512849953,0.1291,0.0739397333481068,NA,P48048-110P/L
-1,0.111084182978019,0.000644687465566086,0.4554,0.371983065438994,NA,P48668-182R/Q
1,0.999996257335274,0,0.286,NA,NA,P48728-1M/T
1,0.999999344593459,0,0.2117,NA,NA,P48728-1M/K
-1,0.0271153075871473,0.000255953929275151,0.0677,NA,0.0834176199339582,P48736-522N/S
-1,0.0442447651009944,0.000241610100681044,0.155,0.280398391691185,NA,P50281-273D/N
1,0.0211756145776095,0.00184021674233723,0.1807,0.111439103661364,NA,P50440-87C/R
-1,0.858100234818652,0.000343482611854307,0.205,NA,0.383854539262212,P50995-191R/Q
-1,0.111901906986177,0.000336468642912672,0.1146,0.279269109255118,NA,P51178-257R/H
1,0.0261187075974766,1.23220470733017e-05,0.0924,NA,NA,P51532-1273H/R
1,0.999981952325788,0,0.1264,NA,0.575724285318549,P51659-1M/L
1,0.999998269240705,0,0.12,NA,NA,P51688-1M/R
1,0.578431993236032,0.000298111444306183,0.1061,0.28610122827502,0.193132175313421,P51690-285R/K
1,0.646847722054644,0.000227469623665451,0.6421,0.150629570531333,NA,P51787-567I/F
1,0.0856379127764703,0.000114589155730143,0.4775,NA,0.363868465616905,P51816-1068S/W
1,0.991861030056478,5.20843770009609e-05,0.8206,0.881313688527105,0.669723654717639,P53420-478G/E
1,0.99996991154242,0,0.1077,NA,0.410174217282706,P54760-1M/V
1,0.999996582717746,8.22747313214851e-07,0.3591,NA,0.459350315538542,P54802-1M/I
1,0.0620503011491122,0.000553951265709649,0.6627,0.255026482121303,0.34086772893424,P54802-127N/K
1,0.923065993480888,0.000203993963325147,0.6937,NA,NA,P55017-24T/I
1,0.382414899248959,0.000391860492428626,0.2055,NA,0.0811560532134484,P55160-371M/V
1,0.999996735053182,0,0.1356,NA,NA,P56693-1M/V
1,0.999981118094361,2.50966827135342e-08,0.0929,NA,NA,P57727-1M/V
1,0.999833330444784,0,0.9832,0.276662917178446,0.511237465181856,P60709-28R/Q
1,0.999999010128109,0,0.7765,NA,NA,P61764-1M/R
1,0.999980293258623,0,0.1183,NA,NA,P61960-1M/V
1,0.883825823125996,0.0022683537907584,0.536,NA,NA,P61978-370D/G
1,0.999988409192163,0,0.0821,NA,NA,P63027-1M/V
1,0.899844595597781,0.00013022514838473,0.9551,0.463978959515263,NA,P69905-33M/I
1,0.995824844994672,0.000120402548764437,0.6258,0.492206725244352,0.473428690448509,P78363-1748G/E
1,0.962401623651462,0.000136604806489306,0.0988,0.337930921821991,0.153876136793818,P78363-413N/Y
1,0.826278675430275,0.000412686937659386,0.134,NA,0.140913489400925,P78363-2263R/Q
1,0.999840266510522,9.30694843315886e-05,0.5294,0.446770613277491,0.327541624715166,P78363-617Q/P
1,0.943222593490477,0.000248110979218911,0.6913,0.399020582727698,0.310582256229304,P78363-153I/T
1,0.99199648658812,0.000134139330312099,0.484,0.337326630471485,0.194744213968809,P78363-1897Q/H
-1,0.0121962425292744,0.000471213048872372,0.164,NA,0.190664553537624,P78386-189D/N
1,0.103654083338147,0.00068675901716265,0.0724,0.169809016835954,NA,P78504-972P/A
1,0.992764954263187,0.000105673610725968,0.916,0.287042703203349,NA,P78562-413A/P
1,0.993750438285059,0.000175842765319798,0.4769,0.806679709173318,0.629938827442833,P82279-937A/P
1,0.99939558994219,1.06194395003358e-10,0.9661,NA,0.806621285914035,P82279-195C/W
1,0.998101897582828,2.37943257579577e-05,0.5235,0.844866513584252,0.61725795167053,P82279-702Y/C
1,0.953907533719908,0.000164493914837704,0.4548,0.713800643235027,0.413154389916889,P82279-880N/K
1,0.962654995201576,3.56331145156692e-05,0.3236,0.800103318292925,0.575132983882693,P82279-898N/K
1,0.960142226158235,0.000119955160244832,0.5511,0.675333374780842,0.341648569207629,P82279-611S/P
-1,0.388154639243954,0.00128499608196745,0.2618,NA,NA,P86791-410M/L
1,0.92089758687232,0.000200374355599805,0.5165,0.541763707375045,NA,P98161-3886R/P
1,0.86995851166016,0.00034790449347168,0.4494,NA,0.185762452703405,Q01082-2244A/D
1,0.999997604006691,0,0.4695,NA,NA,Q01831-1M/R
1,0.999992241811015,0,0.6856,NA,NA,Q01831-1M/T
1,0.999997231997176,0,0.6001,NA,NA,Q01831-1M/K
-1,0.239152076638113,0.000136419057897857,0.0595,NA,0.162635153037035,Q01973-518T/M
1,0.859149748583808,0.00103406322865157,0.0912,0.0968716710203812,0.135883087935597,Q02388-1957R/Q
1,0.294489433866746,0.000602165158687146,0.1005,0.116277957774198,0.057820123062576,Q02388-1924Q/R
1,0.986171597884764,0.000236681041588968,0.1894,0.523575115675839,0.209245306883843,Q02388-2063R/G
1,0.995465092950446,0,0.6103,0.831216136597017,NA,Q02643-161R/W
1,0.999969978012289,0,0.1105,NA,NA,Q02846-1M/V
1,0.999995982038035,0,0.0792,NA,NA,Q03393-1M/V
1,0.86395576954639,0.000488403300575066,0.19,0.0845779773716851,NA,Q03393-129K/E
-1,0.0813896028149014,0.000438103995628185,0.1003,NA,0.100230449853642,Q03519-313R/H
1,0.996733473997041,4.51496143176053e-05,0.8893,0.638506109166385,NA,Q04446-615A/P
1,0.983883671575436,0.000203161975476804,0.7772,0.0897794473711442,NA,Q05586-483K/Q
1,0.981627022663524,0.000262489287117408,0.9127,0.122903061349446,NA,Q05586-794R/G
1,0.999991089694815,0,0.223,NA,0.476418534862544,Q07001-1M/T
1,0.983530184481254,0.00016453424085905,0.8905,0.218621180738953,0.362329461478147,Q09428-111G/E
1,0.443968836338943,0.000106131507486693,0.092,0.162907622269688,0.14847033399556,Q09472-2220P/L
-1,0.346470449010133,0.000256012540861046,0.0893,0.132205906405639,NA,Q10471-554V/M
1,0.481818085938953,0.000451628131506604,0.1813,0.192767132486799,NA,Q12756-27I/V
1,0.93984358850665,0.000110425351395761,0.3772,NA,NA,Q12809-78A/T
1,0.118635831540104,0.000489647346423648,0.0881,NA,0.117096426234843,Q12873-99P/Q
-1,0.117342181948231,0.000584180681480587,0.104,NA,0.19576230041075,Q13099-205S/G
1,0.651983624763456,0.000166598446896847,0.352,0.483821726522265,0.342505759572121,Q13144-156I/M
1,0.553152082792668,0.000186401414902364,0.1351,0.548186062643882,NA,Q13415-73E/K
-1,0.0954107738277888,0.00223030946780843,0.0733,NA,0.0774826054939501,Q13423-63K/R
1,0.999988897982607,0,0.2335,NA,0.482141421164774,Q13510-1M/I
1,0.999576218523132,0,0.9935,NA,0.538158731694434,Q13554-147K/N
1,0.32770376128028,1.96065442125371e-05,0.2405,0.871293167211035,NA,Q13563-325R/Q
1,0.999977522569506,0,0.188,NA,NA,Q13608-1M/V
1,0.854783994869069,0.00026386959116337,0.9945,0.774860080890936,0.743018264484684,Q13698-1242R/G
1,0.425449395517639,0.000466951762122877,0.6252,0.126180425864488,NA,Q13702-45V/L
1,0.216439522136227,0.000239281178991361,0.1416,0.242679459818526,0.241167272875081,Q14004-1070S/F
1,0.631838612142323,0.000545742051112332,0.2053,0.0685893427372646,0.138087606661229,Q14204-2745T/K
1,0.999852474381822,8.53647662619247e-05,0.9893,NA,0.225027456895974,Q14204-666E/D
1,0.999996238201642,0,0.4165,NA,NA,Q14353-1M/T
1,0.542665630760343,0.00020610985310005,0.6646,0.172873623704964,NA,Q14721-590S/N
-1,0.0222343023825904,0.000883421923144764,0.07,0.130353697473923,0.154760381214279,Q14839-1648S/L
1,0.726569188049786,3.30236704182376e-07,NA,NA,NA,Q15170-90C/Y
1,0.999665931423091,3.41504174656125e-06,0.9411,0.280146743514901,NA,Q16281-419S/P
1,0.999433875710447,1.07508669110769e-06,0.996,0.784549279538372,NA,Q16518-135N/K
1,0.41177771333444,0.000394361677303877,0.15,0.124873044751254,NA,Q16586-32V/A
1,0.0371275280099559,0.000192390353979491,0.0786,NA,0.170901226462654,Q16665-692S/C
-1,0.00324207710466805,0.00171913815714482,0.1157,NA,0.0489284126686986,Q2KHM9-566P/L
-1,0.49592144704433,0.000242970407957145,0.528,0.212316331174352,NA,Q3SY84-90G/R
1,0.999970440982493,2.24295636016245e-10,0.6213,NA,NA,Q3T906-1M/T
-1,0.0832358799392816,0.000883327433073045,0.0932,NA,0.0699460382516423,Q3V6T2-1189K/R
1,0.999987053508206,0,0.2729,NA,0.367808346995468,Q49MI3-1M/I
1,0.999997331759423,0,0.2416,NA,0.347650731301077,Q49MI3-1M/K
-1,0.0551218688825414,0.00053041356696886,0.0915,0.891455648718991,0.293408307695368,Q4AC94-1832R/G
-1,0.483118793840493,0.000208875025084607,0.139,0.506534326742261,0.253304545358734,Q4AC94-1777A/E
-1,0.137040310286608,0.000390818015544673,0.1389,0.70758008541235,0.230149624786514,Q4AC94-240H/D
1,0.0467895313762234,0.000701311089489271,0.5639,0.191582272271276,NA,Q4J6C6-698K/N
-1,0.765976486687156,0.000143181714567753,0.1227,NA,0.120608798037229,Q53EZ4-378H/L
1,0.239276971565732,0.000290581057571791,0.2581,0.754446444341337,NA,Q5HYA8-694T/N
1,0.645586512775946,0.000906375334127667,0.081,0.614768742831255,NA,Q5HYA8-696L/V
-1,0.0532393475113434,0.000549965878492181,0.085,NA,0.0798475366790189,Q5JRX3-963V/I
1,0.313657145892689,0.000217655343965109,0.1175,0.226019143975383,NA,Q5JTZ9-580R/W
1,0.623670419417178,0.00019014066675823,0.3131,0.203252050113235,NA,Q5JUK3-982T/S
1,0.999985907828625,0,0.526,NA,NA,Q5T160-1M/T
1,0.999997152814346,0,0.6317,NA,NA,Q5T160-1M/K
1,0.191558686404376,0.000321494389774053,0.8855,0.656295175385121,0.455320449362717,Q5T1H1-2188I/T
1,0.518110952302389,6.46601837042276e-09,0.2495,0.644083416539413,0.194912014359306,Q5T1H1-2443E/A
-1,0.0338552776766109,0.00072346345580587,0.1403,NA,0.153258327585203,Q5TAP6-319R/H
-1,0.0715538284878827,0.000642166360979991,0.0946,NA,NA,Q5TAT6-151A/T
1,0.00192585840010157,0.00249797805602326,0.1238,NA,0.0699021696431583,Q5VU43-1226R/C
1,0.0061523743164104,0.00138750868551608,0.4787,NA,0.0628293837994847,Q5VU43-1478I/V
1,0.266040929117631,0.0006241850905248,0.0831,NA,0.119528164922077,Q68CP9-1169G/S
1,0.0104502118666003,0.00071549894042174,0.1071,0.141110555449516,NA,Q68CZ1-550Q/R
-1,0.0319699273804899,0.00864723888664369,0.7807,0.467601955450714,NA,Q6ICL3-245D/E
-1,0.119842087500936,0.00668604656240881,0.1264,0.376126286516383,NA,Q6ICL3-210E/K
-1,0.958510739000244,3.15736573767423e-05,0.6054,NA,NA,Q6IWH7-435V/E
-1,0.245772761095885,0.000163896206010385,0.1499,NA,NA,Q6IWH7-759A/T
1,0.928958046617965,0.000152602538009247,0.8365,0.50974459420831,NA,Q6NVY1-259F/L
1,0.989486264749749,0,0.7224,0.944972865802433,NA,Q6NW34-145L/F
1,0.999965123723891,0,0.1426,NA,0.551420967670818,Q6PD74-1M/V
-1,0.703313707277586,0,0.1155,0.92843435857571,NA,Q6PEY2-156R/W
1,0.978170245644307,4.52442884774307e-05,0.6915,0.478703021502458,NA,Q6VVB1-146D/E
-1,0.0929735243388263,0.000546742919959956,0.1864,NA,0.164861254541546,Q6WRI0-124T/I
-1,0.449052766611134,8.44293733413851e-05,0.2278,NA,NA,Q6XZB0-364G/E
-1,0.53678154701848,7.22219879983136e-05,0.0971,NA,0.152726046724998,Q6ZMH5-374S/T
1,0.0627878057779864,0.000416482792756288,0.8435,0.177148580376054,NA,Q6ZRS2-1980M/I
1,0.692295567515581,0.000350260598828096,0.0644,NA,NA,Q71F56-761H/N
1,0.999995637830924,0,0.4488,NA,NA,Q71F56-1M/L
1,0.999998915498525,0,0.114,NA,0.276735507709102,Q7L5A8-1M/V
-1,0.269221760697287,0.000784141775393,0.1453,0.217159910296938,0.139033148786319,Q7Z2Z2-991A/T
-1,0.00411947177740537,0.000146784274308101,0.1826,NA,0.172298445287542,Q7Z3T1-122R/W
-1,0.00273723762474542,7.32029040788832e-11,0.2248,NA,0.481120573011666,Q7Z3T1-169C/S
-1,0.305393301275017,0.000320169899639841,0.1772,0.305089062550286,NA,Q7Z3Z0-267R/H
1,0.99999732897041,0,0.1312,NA,0.148626504299019,Q7Z449-1M/L
1,0.456019354898849,7.40528756777699e-05,0.1854,0.560714902165588,NA,Q7Z494-1253L/V
1,0.0514040559138541,0.000184137348267277,0.1633,NA,0.260351104543659,Q7Z4Q2-240P/L
-1,0.0343322068885227,0.000537195304493239,0.204,NA,0.155003615548112,Q86VF7-884R/C
1,0.964933656433363,9.45067850876141e-05,0.3068,0.386379573099501,NA,Q86XE5-220L/F
1,0.999153692431589,1.37539542176676e-05,0.4989,0.111301483114829,NA,Q86XK2-138R/G
1,0.998998220805121,9.46485903056272e-05,0.0898,0.0863185408629582,NA,Q86XK2-135K/R
1,0.999994510344574,0,0.5822,NA,0.53073524755891,Q8IUX7-1M/K
-1,0.927963913871436,9.10831519534217e-05,0.5707,0.615311732554212,NA,Q8IVG5-522A/V
-1,0.438326602137573,0.00066614652018418,0.0755,0.193378615516444,NA,Q8IVS8-170L/V
1,0.794877292090456,0.000171545598540778,0.6492,NA,NA,Q8IVV2-772I/F
-1,0.659797509969012,0.000140611250489328,0.2069,0.521045648586028,NA,Q8IWX7-367R/C
-1,0.398679864901284,9.25885942793766e-05,0.2092,0.603196520094561,NA,Q8IYG6-128L/V
-1,0.503864735430175,0.000223668004446347,0.0892,NA,0.187513450145734,Q8IYI6-672A/G
1,0.991261525420928,0.000104236871081241,0.5518,0.239869648734175,NA,Q8IZF0-322I/M
-1,0.55605737749868,0.000182697337740437,0.4244,NA,0.337826948079493,Q8IZJ3-322V/M
-1,0.220811366543532,0.000280083324901954,0.2028,0.452692802488373,NA,Q8IZQ8-647Q/H
1,0.96686506769155,9.14546850154329e-05,0.4048,0.829171391610205,NA,Q8N119-119V/G
-1,0.00750598480789827,0.000601376990123452,0.0753,NA,0.0697979770811467,Q8N264-417P/A
-1,0.0777407471602652,0.00019815230396145,0.0906,NA,NA,Q8N2C7-529A/S
-1,0.0523887823170583,0.0022839681386181,0.3331,NA,NA,Q8N2C7-669S/T
-1,0.830237882839247,0.000149496277717836,0.6542,0.0898396124408581,NA,Q8N2C7-1984V/L
-1,0.912893072830404,9.32612246761235e-06,0.1516,NA,0.110564729019895,Q8N441-424R/L
1,0.999993193822999,0,0.0806,NA,0.529997357681686,Q8N766-1M/V
1,0.999999180837924,0,0.1822,NA,0.474354386708105,Q8N766-1M/R
1,0.730170649453849,0.000184500038343424,0.2702,NA,0.20572159278671,Q8N8W4-60A/T
-1,0.027889720078492,0.000606462685915655,0.1867,NA,0.342931898590914,Q8NCN5-375V/L
1,0.708352690997691,0.00076051086798748,0.1483,0.159555857057026,0.140543131234836,Q8NFJ9-277R/K
-1,0.371728013204776,0.000426781704436351,0.0917,0.213741081456458,NA,Q8NFM7-566P/S
1,0.9999916384635,0,0.1028,NA,NA,Q8NHS3-1M/V
-1,0.0265835044765522,0.000126050879151019,0.2914,NA,0.163030451480488,Q8TCU3-330L/F
1,0.667001084662404,2.97112493397598e-05,0.1496,NA,0.0944029719165315,Q8TD43-376I/T
1,0.975366754939951,0.000109489222367882,0.3375,NA,0.125968137720489,Q8TDI0-1419I/M
-1,0.143262643611706,5.09503657631513e-05,0.2043,0.660817093969512,NA,Q8TDX9-1278P/Q
-1,0.00778659158213703,0.000437183272101276,0.0907,0.241656239823775,NA,Q8TEA7-425T/M
-1,0.0112668917183593,0.000396626216328936,0.0614,0.0878339411703158,NA,Q8TEA7-145D/N
-1,0.359955553500741,0.000432123732423046,0.1523,0.405680761315279,NA,Q8WWT9-303G/A
1,0.933250592784467,0,0.9679,0.583599431487366,0.417461010060481,Q8WWZ3-190D/E
-1,0.00485082188324446,0.00196488150102079,0.094,0.195368609876152,NA,Q8WXW3-630I/V
1,0.999935601364005,0,0.2713,NA,0.397225566954961,Q8WXX7-1M/L
1,0.0874367960372992,0,0.4174,NA,0.111092950960177,Q8WZ42-7004E/K
1,0.495955292409323,0.000283505429129128,0.5492,0.608773846075753,0.289491722708932,Q8WZ55-33V/L
1,0.999999532297856,0,0.3965,NA,0.351115552126384,Q92560-1M/L
1,0.930087511960827,0.000343276172014114,0.8452,NA,0.18015001149402,Q92600-292R/W
1,0.999728668563313,8.54333351371883e-07,0.9894,0.750044278325621,NA,Q92736-2168H/Q
-1,0.0248801442654446,0.000405399994630633,0.1266,NA,0.0705759660698074,Q92823-545P/A
1,0.970948844581758,0.000391359228113012,0.2171,0.687688626309744,NA,Q92947-268G/V
1,0.936674415248947,0.000259082600645036,0.196,0.612729313916572,NA,Q92947-404A/G
1,0.960612723814583,0.000358454290542014,0.2295,NA,NA,Q92947-53P/S
-1,0.550038308671647,0.00106864906872387,0.0722,NA,0.0913893652463216,Q969P5-56N/S
-1,0.0662713464526449,0.000481964858484956,0.1787,0.156209624741801,0.157846268544151,Q96AJ1-68A/S
1,0.100720716479622,0.00012792205364331,0.0774,0.121962806529949,NA,Q96AY3-36P/T
1,0.0400682891685707,0.00017402708012092,0.6864,NA,0.0972448077931249,Q96D09-788S/I
1,0.999996057254094,0,0.0889,NA,NA,Q96EY8-1M/L
-1,0.495929834780957,9.27431533259098e-05,0.2941,NA,0.561411791493004,Q96FC9-347A/D
1,0.999941748267939,0,0.2596,NA,NA,Q96FT9-1M/L
-1,0.00160540119156856,0.00117135463668817,0.0392,0.0298519613682846,0.00138412668916532,Q96HY7-272Y/D
-1,0.000189634833657175,0.000598326559823051,0.022,0.0306490303457063,0.000914972624747712,Q96HY7-607I/M
1,0.236587236762326,3.033781005311e-05,0.59,NA,0.372300599690509,Q96IR7-251H/Q
1,0.0285866441899787,0.00109722480477343,0.1248,0.30131467903727,NA,Q96JI7-815R/K
1,0.996811661598344,0.000117160070313857,0.5728,NA,0.117074790665924,Q96JM2-1747S/F
1,0.999999472657628,0,0.3874,NA,0.430917392729698,Q96L58-1M/K
1,0.378555508684617,0.000812240652036915,0.101,NA,0.134938759364075,Q96LB3-179Q/E
1,0.0179742095832771,2.58751110638314e-08,0.1501,NA,0.149524850170628,Q96M86-304R/Q
-1,0.0362619751860127,0.00119519271347752,0.1158,NA,0.100677486951411,Q96NH3-1232E/A
-1,0.02570250138179,0.000266319978211476,0.1098,NA,0.128008743188335,Q96NU1-78H/Y
-1,0.173208486222734,0.000112616225145875,0.2036,0.396984390115119,NA,Q96NY8-146L/M
-1,0.218685277369594,0.000139522570286226,0.101,NA,NA,Q96NY8-104P/T
1,0.634211793385824,0.000117396128919722,0.1218,0.310462845936892,NA,Q96PV0-1051G/C
1,0.964363868948763,5.1144122160428e-05,0.0701,0.447847008395561,NA,Q96PV0-1066P/S
1,0.999996988500958,3.30704516987653e-08,0.3209,NA,NA,Q96RQ3-1M/T
-1,0.151044818857231,0.000602780355433525,0.1063,NA,0.066522388656115,Q96RT1-914K/R
-1,0.23505597402175,0.00327207532497462,0.1055,NA,0.0764558016620078,Q96S38-319P/L
-1,0.277630470766171,0.000246654639628007,0.3795,0.383093514089719,NA,Q96S44-123R/Q
1,0.999656556659958,1.71051846255693e-05,0.9513,0.376764558468559,NA,Q99250-273N/K
1,0.995990169053294,0,0.3003,0.373972356716325,0.578905483790815,Q99502-513L/M
-1,0.244427288733534,0.00045277390874918,0.1382,NA,0.302348736722183,Q99575-994L/V
1,0.420877699332576,5.76914854437214e-05,0.1082,NA,0.163285750897854,Q99607-187T/N
1,0.999983701997673,0,0.2184,NA,NA,Q99959-1M/L
1,0.797005459640733,9.30526772237606e-05,0.3343,NA,0.400690732386784,Q99972-499I/F
-1,0.28772847189202,0.000362504437251233,0.6217,NA,0.223366148438253,Q9BQI3-392W/R
-1,0.0389740503073967,0.00031708948506263,0.096,NA,0.206851830869905,Q9BVQ7-252R/Q
1,0.994955786323644,0,0.9447,0.684538868066742,NA,Q9BX84-252D/E
-1,0.58164165537622,0.000136397712242374,0.2221,NA,0.128575508757013,Q9BXT6-182R/C
-1,0.214221178415168,0.000277976688394359,0.2094,0.509562104693471,NA,Q9C000-354G/D
-1,0.0205346826550346,0.00015176043542489,0.1463,NA,0.153220655370982,Q9C0G6-1331R/H
1,0.999989193091085,0,0.3411,NA,NA,Q9GZT5-1M/I
1,0.999999488126476,1.59477318409902e-06,0.0704,NA,NA,Q9GZZ9-1M/V
-1,0.680352746986663,9.8846554562572e-05,0.1164,0.096047681046958,NA,Q9H1B5-56D/N
1,0.900368113500126,3.27766237971389e-05,0.9517,NA,0.524399353317063,Q9H222-437N/K
1,0.0385975246843729,0.000324950515381562,0.104,0.264420337662133,0.159893768618098,Q9H251-2685A/S
-1,0.571209196320458,8.02178623683998e-05,0.0719,NA,0.108496019388115,Q9H4I2-310N/S
-1,0.990099516929966,2.43149054368768e-05,0.707,NA,0.429082613028122,Q9H790-151L/P
1,0.196857330080511,0.000411840983098194,0.4175,NA,0.228558965172628,Q9H845-15R/C
1,0.0733768493491831,0.00371368440918845,0.0992,0.129919891165314,NA,Q9H9S5-478I/V
1,0.999209519622637,9.70138085280874e-05,0.3922,0.659730689759645,NA,Q9HAB3-52S/P
-1,0.0103554345137199,0.00017653680259118,0.1577,NA,0.372887886524748,Q9HB55-340P/A
-1,0.60540518039303,4.30070663409369e-05,0.1365,NA,0.160781143965493,Q9HCU4-2881R/C
-1,0.450927262203665,1.84765842178516e-05,0.1216,NA,0.17983884804391,Q9NPA1-53A/T
1,0.363026655510117,0.000505685204581968,0.4491,0.230161547112185,NA,Q9NPF4-53I/F
-1,0.059854134528039,0.000911081768413043,0.088,0.108082830750318,NA,Q9NQ48-246D/N
1,0.999991924528826,0,0.2845,NA,0.452236979844026,Q9NQT5-1M/T
1,0.999998350423395,0,0.2458,NA,0.423314783088987,Q9NQT5-1M/R
-1,0.0216763298284514,0.00097564029867515,0.0663,NA,0.130243111219693,Q9NRH3-413M/V
1,0.570765624363013,0.000100153653242755,0.2701,NA,NA,Q9NRR6-456N/T
-1,0.00859221669033031,0.000242007712693113,0.104,NA,0.154910018250392,Q9NS15-438A/V
-1,0.740539520841554,0.000120476559196728,0.2273,0.724270116092225,0.411781279420249,Q9NTQ9-103R/C
1,0.99998324125863,0,0.5242,NA,NA,Q9NUX5-1M/T
1,0.999989011287944,0,0.355,NA,NA,Q9NW38-1M/I
1,0.999998364692633,0,0.3318,NA,NA,Q9NW38-1M/R
1,0.999990485700774,0,0.6812,NA,NA,Q9NWF4-1M/I
1,0.730299949564026,0.000163420813944117,0.2795,0.156235512072352,NA,Q9NWS8-287I/F
-1,0.381368669203053,0.000263010385897122,0.173,NA,0.0906879690397882,Q9NYL2-784K/T
-1,0.00763698796185033,0.000448793535275698,0.1135,NA,0.118218875239692,Q9NZM3-1534A/T
-1,0.255749699164951,0.000193432562498373,0.1198,0.235268349984753,NA,Q9NZU0-378Q/H
1,0.632618478404291,0.00133992749652368,0.5024,NA,0.252025883072747,Q9NZW4-18V/G
1,0.398845694196866,0.000590930756556386,0.0792,0.127629270573511,0.129377809597337,Q9P2D1-699S/G
1,0.977228486618421,8.43883089510449e-05,0.3583,0.102460492646527,NA,Q9UBP0-290K/N
1,0.876930800559939,0.000170732504441486,0.2464,0.137795595033691,NA,Q9UBP0-349L/F
-1,0.229135237388951,7.84265060055725e-05,0.2237,0.501126641375858,0.237066336416293,Q9UFH2-1914V/M
-1,0.039678235001522,0.00045746352746662,0.082,0.462005746620564,0.160253547143649,Q9UFH2-1547P/T
-1,0.211735340193322,0.000476844528268487,0.1786,0.253839587552603,0.264834071869552,Q9UFH2-1157G/R
-1,0.104831492530015,0.000394515719580042,0.0828,NA,0.178866428134911,Q9UGP5-438R/W
1,0.999980795888183,0,0.0621,NA,0.351664529284403,Q9UI09-1M/V
1,0.568102420473827,0.000279006101330691,0.3403,0.343242502429512,NA,Q9UKA2-566I/V
1,0.993495691703441,8.65585990296736e-05,0.9387,0.721878202330765,NA,Q9UKA2-450C/W
1,0.918884310005693,0.000279747624801738,0.549,NA,NA,Q9UKN7-236Y/C
1,0.294731451935015,0.000194237833095549,0.6405,0.297983757534488,NA,Q9UMN6-1017A/V
1,0.999991692823183,0,0.4094,NA,NA,Q9UMX9-1M/I
1,0.00919967756692594,0.00119764092273359,0.0824,0.132208551940452,0.0809452081664535,Q9UPM9-114R/Q
1,0.930248447240451,9.67915038939291e-05,0.2234,0.195519292238121,NA,Q9UPW6-234V/M
1,0.285999425671596,0.000392712562333713,0.1344,0.111969103216622,NA,Q9UQE7-682V/I
1,0.497885184484662,0.000191013117480331,0.1683,0.110096658529096,NA,Q9UQR1-638P/Q
-1,0.183369112292611,0.00128889035427425,0.1154,NA,0.239604716116794,Q9Y297-543A/S
1,0.725137696495571,0.000373636308138786,0.1426,0.16790327306498,NA,Q9Y2I8-260D/N
-1,0.878425023873708,6.15572796927049e-05,0.2485,0.339119257837507,NA,Q9Y399-179A/V
1,0.949919127786048,0.000273411394464978,0.7279,0.761658942924514,NA,Q9Y4A5-1031I/M
1,0.257347653599118,0.000658581731992462,0.2587,0.295794344845681,NA,Q9Y5N6-22R/K
1,0.830703042742451,0.000133683100452203,0.2137,NA,NA,Q9Y5X4-188P/R
1,0.974737853644427,8.04024439368769e-05,0.5361,0.649577530878738,NA,Q9Y5X4-309R/G
-1,0.0480997140160913,0.000811779089684248,0.1049,NA,0.0732849451298344,Q9Y5X9-298T/S
-1,0.0836530057360733,0.000643434411242787,0.1258,NA,0.0872931103040809,Q9Y618-1699A/T
-1,0.0890983102689184,0.000356065305414699,0.0819,NA,0.125716056331744,Q9HAP2-414D/N
-1,0.00878489491049728,2.51961582371257e-09,0.5201,NA,0.187101895662287,P31358-10T/N
-1,0.377840820055912,0.00022759369277837,0.1412,NA,0.255785301457463,Q9H7F4-42A/G
-1,0.326487278656455,0.000274620991470848,0.4006,NA,0.313682824324637,O60287-798L/P
-1,0.0219677236834086,2.21545076085537e-09,0.3864,NA,0.154227665314286,M0QZD8-849P/S
-1,0.0183656357445676,0.000508344426339832,0.1571,NA,0.0787020977467462,Q147U7-71M/T
-1,0.011129299353689,0.000409337589990862,0.1044,NA,0.262189620690934,Q9NRR5-501P/H
-1,0.470722975887038,0.000779357704883715,0.5602,NA,0.127776864574181,Q6ZMG9-6A/T
-1,0.416904940561294,7.94721337910209e-05,0.4425,NA,0.217929998530017,Q9C0B2-1069G/R
-1,0.273478578532121,0.000117866440781622,0.4676,NA,0.227964069106604,P60827-238Y/S
-1,0.329058428270902,0.000179456312653085,0.1084,NA,0.327454269251626,Q9Y2G4-122Q/E
-1,0.390965421616439,0.00020954030183276,0.0938,NA,0.225547090456366,Q99571-242S/G
-1,0.168880295566256,0.000205747940568811,0.0899,NA,0.109869567496677,Q8IWJ2-1280H/Y
-1,0.00872770696829755,0.000176258457156791,0.0833,NA,0.135880542811491,Q9BV44-459R/Q
-1,0.244439650491296,0.000872468646902803,0.1045,NA,0.22114424856854,Q9UGR2-444G/S
-1,0.00395135613861746,0.00269533218341661,0.0776,NA,0.148417801095164,O00148-142V/I
-1,0.823426809529005,0.000258383165190851,0.2579,NA,0.220255806506251,Q8IZU2-417T/S
-1,0.0184970941206222,0.00138563263318169,0.1696,NA,0.102884835549652,Q5T0Z8-260S/A
-1,0.0753897053720876,0.000349478668055941,0.2493,NA,0.132613644714889,Q66K14-948T/I
-1,0.0221617914916637,0.000534732391711345,0.0929,NA,0.172093805994438,Q96ER3-426S/G
-1,0.182346989384593,9.63584098531001e-05,0.3279,NA,0.209277764371676,Q9H6Y2-210S/F
-1,0.0826620604116965,0.00041434435318964,0.0986,NA,0.0603861107913219,Q5T124-165E/G
-1,0.131652279097014,5.16165170653009e-06,0.139,NA,0.211517197326976,Q8WXS8-937L/M
-1,0.828570318351504,3.8535977615926e-05,0.5523,NA,0.450705785119697,P12645-67Y/N
-1,0.437874776067322,0.000371933683519157,0.0643,NA,0.0861869557147124,Q9NSY0-397L/P
-1,0.00898777777543609,0,0.5037,NA,0.393047254685176,Q3LI64-48G/V
-1,0.377515170761892,0.00010240529175608,0.1078,NA,0.082334167904803,Q8N8Z6-714L/F
-1,0.045907577099116,1.7309273919343e-05,0.2262,NA,0.122082916314985,Q86WI3-142E/V
-1,0.00929397474905682,0.00186895355789181,0.0872,NA,0.0898349348184053,Q5VYJ5-1277I/V
-1,0.0168541344797364,0.000492900033046579,0.1282,NA,0.128336484448836,P14415-124Q/L
-1,0.960949041081648,0.000158014540793154,0.1075,NA,0.170114820768065,Q86YB8-129D/V
-1,0.0279619188831369,0.00015068453568622,0.07,NA,0.0460588674306134,Q5VZ89-793S/C
-1,0.0397834822975788,0.00066144960585193,0.1026,NA,0.121258994455119,Q14802-40G/S
-1,0.1030915430242,7.31784428237208e-05,0.3517,NA,0.0843027459846549,Q2KJY2-579L/V
-1,0.0228556452992349,0.000450956106248986,0.1113,NA,0.186380003252389,Q9Y6Y8-638D/H
-1,0.352754472124938,7.39549343189887e-06,0.404,NA,0.365603909095763,Q8NGE0-279Y/H
-1,0.298953817840087,0.000382321625707259,0.0986,NA,0.302604621709208,Q14849-117R/Q
-1,0.133037152193468,0.000251856359633374,0.1494,NA,0.124052843781174,O15090-412P/H
-1,0.287315210593622,9.49747655916178e-05,0.2181,NA,0.167900359517964,Q6P9F0-141T/M
-1,0.0768772221559687,0.000269301448784611,0.2878,NA,0.135983945313404,P32926-771S/F
-1,0.0363997275442207,0.000657631923817259,0.0774,NA,0.0792647481935331,Q96PD2-723D/N
-1,0.0196345614449681,0.000730962898949986,0.1127,NA,0.191493739619961,Q9NXL6-363T/I
-1,0.164346954281501,0.000356338542149132,0.1125,NA,0.345421902801973,Q16798-418A/T
-1,0.913368773402185,1.23746184182811e-10,0.1743,NA,0.4813222246698,Q6NUM6-389H/R
-1,0.100311260187574,0.000510535801849911,0.1107,0.399090948274577,NA,P08922-167R/Q
-1,0.0142593410214745,0.00117923091218237,0.1067,NA,0.0885435801868217,O43861-732M/L
-1,0.11980633701274,0.00120434428757051,0.1136,0.167916707047141,NA,Q9GZV5-74P/Q
-1,0.00644473908860886,0.000224151650948597,0.1041,NA,0.128576811317902,Q9Y2K3-454R/Q
-1,0.0293801038889618,0.000665573323137633,0.0979,NA,0.115624210706995,Q9HCH5-306I/V
-1,0.32486019750098,5.21751532636623e-05,0.1217,NA,0.0808649300195874,Q8IWI9-1270C/R
-1,0.0383333164647961,9.78206808894441e-06,0.1328,NA,0.401459731411037,A6PVI3-126G/S
-1,0.179188225019841,0.000448702145992484,0.1273,NA,0.170597697518907,Q96GX9-20D/N
-1,0.00971568482862589,0.000130401030539668,0.1395,NA,0.162965892459022,P42694-74V/M
-1,0.00604213400656444,0.000442918941030429,0.1046,NA,0.193049893227804,Q13332-991A/V
-1,0.167779600645381,0.00017881691007806,0.1095,NA,0.570176184334018,Q9H009-174T/R
-1,0.0364664873454007,1.32956119199678e-05,0.1306,NA,0.0781742434776588,A0A1B0GVV1-53R/Q
-1,0.0408780920452746,8.08157805140213e-06,0.4674,NA,0.335824974378109,Q5VT03-541L/H
-1,0.135104144471149,0.000465375239574884,0.1246,NA,0.273581299418905,Q6QHC5-57A/T
-1,0.299311544335861,2.20214008568183e-05,0.1391,NA,0.135876622273821,Q86V20-244S/G
-1,0.00442064540518078,0.000633754124922323,0.1798,NA,0.0486381774553543,P38570-892Q/H
-1,0.0837886779420189,0.000237088236780293,0.1037,NA,0.266683844012912,Q6P4H8-75T/M
-1,0.143428465468306,8.83280076640997e-05,0.1236,NA,0.0856838059384655,Q496H8-89E/A
-1,0.00225832185726632,5.05938279814006e-05,0.2979,NA,0.327426840240867,Q96RD2-105F/Y
-1,0.00914550311535554,0.000374102130512445,0.1269,NA,0.145200174142917,Q6PF05-195K/T
-1,0.554722879922691,9.4229122607952e-05,0.1729,NA,0.101909272041769,O94919-446G/V
-1,0.0148505960333006,0.000575717236404264,0.1411,NA,0.431049451591736,Q6ZWJ8-731G/E
-1,0.305846461107831,0.000479084356762387,0.3841,NA,0.132946120374444,Q8TBY9-870V/L
-1,0.00504482139469564,0.000206180116855237,0.2096,NA,0.0864239333137178,Q53H47-126D/G
-1,0.0115403599087099,0.000119062199074612,0.1979,NA,0.311173935529591,P0DPD7-170R/W
-1,0.913008896186381,3.50597083850164e-05,0.4648,NA,0.442349022571401,Q587I9-124A/E
-1,0.0724416778331115,0.0024143296830941,0.0792,NA,0.138148460341607,P62917-98I/V
-1,0.0890463601312417,8.74866100697046e-06,0.1236,NA,0.161854424187027,Q6ISU1-106V/I
-1,0.465012828549014,0.00018616590478284,0.0832,NA,0.205987714365308,O95881-80T/M
-1,0.0411743678378985,0.000601985364471501,0.2007,NA,0.0622335800775058,Q8IYK2-156R/L
-1,0.790610496519092,0.000141919017017231,0.2123,NA,NA,Q8IV35-53K/E
-1,0.347280819124722,0.000143423865254534,0.4068,NA,0.43886864716848,Q3KQU3-433R/W
-1,0.283983656569369,0.000568490356463764,0.0963,NA,0.102883292573296,Q969V3-214E/D
-1,0.0335616369519406,0.0005393192307481,0.2457,NA,0.23255793478007,Q8WU76-512L/S
-1,0.025402501577097,0.00121975626032632,0.568,NA,NA,Q9UDX4-364R/C
-1,0.0475814068380189,0.000159560242447682,0.4137,NA,0.518834280152974,Q9Y5I3-549V/M
-1,0.598818524683916,1.65205781930306e-08,0.2835,NA,0.461451077692933,P0DN25-205C/F
-1,0.740990655711132,0.000861756570267832,0.0866,NA,0.0897553256752024,Q9UJX5-465R/Q
-1,0.0151513114522517,0.000138869323817729,0.1227,NA,0.128175944031991,Q9BYD9-117Q/L
-1,0.00721789347213772,0.00049904056995645,0.9624,NA,0.155290410806086,Q9BZ29-18R/W
-1,0.0237705123665353,0.00019972876414712,0.1604,NA,0.282581407001479,O75155-476P/L
-1,0.794033622141466,7.53542203602216e-05,0.3299,NA,0.323950216576841,P16444-104V/M
-1,0.00192789388676579,0.00028450947111163,0.2354,NA,0.430932204337124,Q8NGJ1-102F/S
-1,0.337353977979352,2.82806194733666e-05,0.522,NA,0.344210664011958,Q9H3Y6-301V/L
-1,0.0201439437377069,0.00152135658448741,0.3066,0.60710126722057,NA,Q15109-82G/S
-1,0.0152911503680293,0.00019420367998065,0.0631,NA,0.202149962253853,O15516-208S/C
-1,0.0173224194470689,6.89883377953038e-05,0.0893,NA,0.351247044115993,Q6V1P9-1660S/L
-1,0.00656478295731811,7.39915279924713e-06,0.1642,NA,0.388690326876521,Q9BYR3-5C/F
-1,0.00400833016143207,0.000395420652445404,0.1354,NA,0.37599548157386,A5D8V6-8T/N
-1,0.0167114963035521,0.00157577318965479,0.8847,NA,0.119234889886509,Q96N06-129T/I
-1,0.227640574988264,0.000645828699207135,0.1005,NA,0.112404608888571,Q96FJ0-204E/K
-1,0.0157629266761491,0.00025463796583805,0.1814,NA,0.322991519192081,Q86V87-684L/F
-1,0.113211502961792,0.000321374012890119,0.1803,NA,0.0778402561222963,Q9NWH7-478C/Y
-1,0.213373437440117,0.000125860022258209,0.1299,NA,0.139075416564128,Q9Y661-419R/L
-1,0.315831105104921,6.22891314096748e-05,0.1406,NA,0.28421489240876,P0CAP1-277A/V
-1,0.00225211624791428,0.000493229845410849,0.0854,NA,0.109752114100874,O95050-219E/G
-1,0.106371128154609,6.01750677502511e-08,0.173,NA,0.570727629676309,Q2VPA4-475C/Y
-1,0.106299413674649,0.000626432893200993,0.0932,NA,0.117353767669479,P32856-54K/R
-1,0.095185888649046,0.000168687129115116,0.0808,NA,0.103809135542588,P56945-491R/H
-1,0.0787327387967202,1.77917528198069e-06,0.1274,NA,0.0872006923121289,Q674R7-141R/W
-1,0.110005769757612,0.000107244230481699,0.2024,NA,0.448275936286308,Q8N8V2-86P/H
-1,0.0600657107160686,0.000880334946652612,0.1548,NA,0.126389468620639,B0I1T2-49V/M
-1,0.320481288358477,2.22659084092851e-05,0.6331,NA,0.420315770528702,A8MXQ7-248G/R
-1,0.197774946718039,2.51756975185826e-05,0.1442,NA,0.165200540516383,Q86VI1-242R/G
-1,0.335861851629445,0.000113226616786691,0.2709,NA,0.292791740022008,Q4VNC0-344K/E
-1,0.014838199892264,0.000474597710982099,0.6015,NA,0.158120276741025,Q8IWA6-398G/D
-1,0.0053889717666005,0.000271206187020122,0.1482,NA,0.108847706901439,Q8IUA7-1306K/T
-1,0.517870401869025,8.82609303202398e-06,0.5058,NA,0.472441934198079,P54855-330A/V
-1,0.106497121577373,0.00020975567826744,0.1434,NA,0.0955047592624588,Q15678-857G/D
-1,0.034283571792911,0.000909993239247051,0.0797,NA,0.161818592658472,Q9UJA9-171I/V
-1,0.399787218014178,8.94228314762601e-05,0.1815,NA,0.35127300881039,Q9NQE7-104S/I
-1,0.96817898891206,0.000146715628037411,0.5798,NA,0.464132864561068,Q8N7P3-177L/P
-1,0.198973953145001,0.00100778050719357,0.0994,NA,0.0957993930292304,Q9Y490-1227S/L
-1,0.413150983517121,7.97779591970088e-05,0.1979,NA,0.308144394908676,Q8TCD5-68P/L
-1,0.387761976798043,0.000145298288779164,0.1962,NA,0.169405214583749,O14939-929L/R
-1,0.116018520278573,0.000200226100916788,0.2393,NA,0.171053064024721,P98196-915A/T
-1,0.12306289582969,0.000199120051194949,0.0917,NA,0.198616723891531,Q96JN8-214P/H
-1,0.0219288750088759,0.000164957837145159,0.1189,NA,0.289843654336901,Q6MZZ7-596I/T
-1,0.299329991836107,0.000474117303296167,0.4649,NA,0.150263325133787,Q9P286-335R/P
-1,0.00628730561401755,0.00060438497821918,0.1424,NA,0.0474319115105726,Q12888-1026V/A
-1,0.00477699833440193,0.000804406182801859,0.4003,NA,0.120634108048376,Q96KJ4-228G/R
-1,0.0394470323859513,0.000191893236488668,0.32,NA,0.102795153220652,Q9Y5E2-689V/L
-1,0.0426539454881802,8.35337161297493e-05,0.122,NA,0.174676977508183,Q6V1P9-1606A/T
-1,0.247743256728233,0.000142840112375888,0.2501,NA,0.158125448332569,A2A2Y4-485D/Y
-1,0.28399213089302,1.84844414425389e-05,0.4847,NA,0.351326156071629,P35125-162Y/H
-1,0.0188794991063525,9.78175055011751e-05,0.1284,NA,0.175348818839295,Q9UBD6-202R/C
-1,0.00893829257438241,0.000500041683921418,0.1419,NA,0.116628545018584,Q9ULE4-887E/Q
-1,0.00356213221179398,3.71690204389061e-05,0.3993,NA,0.105137040438165,Q13291-333P/T
-1,0.0335362231734764,0.000173301209627617,0.3464,NA,0.233272038442678,Q02386-303P/R
-1,0.0320901985102844,0.000147877894045018,0.1476,NA,0.100930140999811,A0PJW8-81A/V
-1,0.370815036190674,2.20174330457352e-05,0.8972,NA,0.351497515167528,Q7Z3Z3-375P/S
-1,0.131640121019825,0.000311982239417941,0.1781,NA,0.290218147505834,Q4G0M1-294R/C
-1,0.282833915713202,0.000251029039583027,0.1803,NA,0.130332236810296,Q96SB8-464R/G
-1,0.28548331286552,0.000126266391794806,0.1286,NA,0.168827380298436,Q96JK9-1064P/H
-1,0.0254156914904514,0.000366296150699081,0.1429,NA,0.103189882303327,Q9H987-508P/H
-1,0.089067508585041,0.000483557654688918,0.2135,NA,0.121678349257336,Q9UPZ6-841R/H
-1,0.650568466294873,8.62426262960838e-05,0.3787,NA,0.130028508544028,O95359-2730G/R
-1,0.300125189667754,7.93933720621603e-05,0.119,NA,0.29010997471725,O95154-309P/L
-1,0.0122998044440656,0.000393350688075629,0.2151,NA,0.075877404615133,Q8NEN9-11A/V
-1,0.537625878282638,1.06090840417555e-06,0.1471,NA,0.183909200499688,Q6PEY0-43V/M
-1,0.00276977430854634,5.65640986255224e-06,0.2665,NA,0.245190113072961,Q8NH73-105F/S
-1,0.107202412866845,0.00025328212561161,0.4663,NA,0.368772033917776,Q63ZE4-516P/L
-1,0.00864430734488497,0.000195726107312572,0.1024,NA,0.314381139959489,Q14CN4-405R/W
-1,0.962590570690905,8.35469960551885e-05,0.6093,NA,0.121497770484616,A2RU48-49C/R
-1,0.281019480651844,0.000515546241124317,0.0885,NA,0.253024554209344,Q9NTK5-254Y/C
-1,0.564286509095441,0.000347718250636088,0.4614,NA,0.318810619617538,Q8TDV0-40P/L
-1,0.669201001632332,0.000134620658837708,0.2568,NA,0.148711581579184,Q9H792-792S/I
-1,0.483006755985401,0.000141805078930884,0.2951,NA,0.371164313365174,Q9UNX4-210A/V
-1,0.979569703380038,6.91655040648311e-05,0.168,NA,0.651503327665158,P0C5J1-96L/P
-1,0.0212928858917121,0.000296885511283198,0.1358,NA,0.125654137033046,Q658N2-408V/I
-1,0.0074882679105425,0.000427184992160137,0.2499,NA,0.151019634882765,Q8N2E2-1176V/L
-1,0.837248204200437,3.08197062411103e-05,0.1288,NA,0.255370388148805,Q8TD08-221T/K
-1,0.00370224966492351,0.0026491878573553,NA,NA,0.227275655467644,P23467-127S/G
-1,0.537334999857415,1.03068677042235e-05,0.236,NA,0.157466226816703,Q5VY43-802S/C
-1,0.092992555348717,0.0001522307405609,0.1636,NA,0.0565299344712559,O94823-1148I/V
-1,0.0997008286960202,0.000210264965869082,0.2705,NA,0.330314941268705,Q8N4W6-163A/T
-1,0.00275376243129749,0.000201572782647365,0.2503,NA,0.120078404337652,P56180-363K/N
-1,0.0160487885274929,0.000928304871434144,0.1181,NA,0.0588812559358187,Q5W0Q7-384P/S
-1,0.04041814563319,0.000398604804542906,0.0908,NA,0.133699248297854,Q13009-109T/I
-1,0.0180241416759986,0.000244632509471113,0.2024,NA,0.14235546093063,P58180-290R/K
-1,0.0943737409365772,3.84069761966067e-05,0.2109,NA,0.333241308507961,Q9BRR9-50R/G
-1,0.0255980069554788,0.000197982834743534,0.5672,NA,0.336670171288381,Q5SZD4-104Q/K
-1,0.126108575882401,0.000130845780092092,0.1182,NA,0.180724662666657,Q6HA08-159R/H
-1,1.13696135117474e-05,0.000730104498361564,0.0705,NA,NA,Q5SRD1-43C/S
-1,0.00467468202763619,0.000609303065564501,0.0785,NA,0.0436674828711097,Q9NPR2-809S/N
-1,0.00592730981095949,0.000953409839631993,0.1109,NA,NA,Q9Y2K5-948R/H
-1,0.258576973090086,0.000259859200294785,0.1742,NA,0.319577146842576,O14579-117T/I
-1,0.00323284062743201,0.000296070354172957,0.0636,NA,0.0979091611271242,P98153-442G/S
-1,0.00220110948228344,0.000965123996852407,0.0881,NA,0.0511715190482415,Q9Y3M8-250K/R
-1,0.323720823891577,0.000132891941186467,0.2289,NA,0.159915559401119,Q96H86-52R/Q
-1,0.779656080391663,0.000583892868580219,0.1042,NA,NA,Q96J01-193D/N
-1,0.115690973213535,0.000185954055903686,0.0818,NA,0.0595774592860104,Q6P0Q8-1197K/R
-1,0.646259415713697,0,0.2571,NA,0.348396167630816,A0A1W2PRP0-112G/S
-1,0.125368255730297,0.000554213273273838,0.1335,0.296096723886617,NA,Q96LW4-168R/Q
-1,0.0285129992155212,5.94729204666477e-10,0.4517,NA,0.137963208665214,Q6UWT4-4S/L
-1,0.850968673489088,8.76896436565549e-05,0.3014,NA,0.35503041077589,Q8NGK6-284L/P
-1,0.000309176069865597,0.000339176539446385,0.1244,NA,0.118829371241111,Q6A162-153T/M
-1,0.101567695539939,0.000818724567150741,0.4065,NA,0.146945898636687,Q9Y6G9-147M/T
-1,0.216047465171848,5.25016061967308e-05,0.1626,NA,0.477880972047096,P20742-1003T/M
-1,0.0378519278377139,0.000470117545478605,0.1061,NA,0.172531292155379,Q9Y2L9-162L/V
-1,0.0191558856793678,0.000525781468982427,0.0912,NA,0.143253963755097,A8MPS7-263A/T
-1,0.287836128098081,0.00029925052469554,0.2246,NA,0.121135508090073,A6NKB5-845A/V
-1,0.0552267661374274,0.000610918065094238,0.0884,NA,0.188376782409093,Q9C026-338V/I
-1,0.836304104353107,9.08139427659578e-05,0.1435,NA,0.164358691594697,Q86WB0-416R/Q
-1,0.133197258062307,0.000238816514268919,0.2781,NA,0.178375768019498,Q6DT37-1048A/T
-1,0.0153075272937353,0.000332349794495363,0.1662,NA,0.131081648078928,Q9UPX6-258N/H
-1,0.596335318022166,0.000239619050477307,0.1321,NA,0.0988092088371207,Q6N043-914G/V
-1,0.129847167570977,0.000119978154038153,0.1781,NA,0.250240942340297,P19801-332S/F
-1,0.211931018929401,0.000577370622290755,0.0957,NA,0.182565121786058,Q9H201-170R/H
-1,0.320214257451451,0.000190074493269409,0.1624,NA,0.151425706655024,Q9HB75-652R/W
-1,0.662663391559886,0.000504804054400952,0.0988,NA,0.170489233761051,Q96JN8-1372R/Q
-1,0.896402000072415,0.000114035779351374,0.3312,NA,0.43448014784209,Q2VPJ9-115R/L
-1,0.311001343574296,0.000238244175515741,0.1418,NA,0.0988171623763335,Q96HJ3-264E/A
-1,0.00890602763006554,0.000294878634067758,0.191,NA,0.0787665169317128,O00339-932V/I
-1,0.0213083427625524,0.000196615196553041,0.0678,NA,0.133540301087486,Q9BQT9-209S/G
-1,0.666359653256703,8.65416484518827e-05,0.1236,NA,0.288454516949123,Q32M88-122R/C
-1,0.00416213286728496,0.000778680702674671,0.1232,NA,0.0949002179676638,O00526-47A/S
-1,2.00517656151388e-05,0.00103526588265483,0.0147,NA,0.000244629279061437,P78345-181A/G
-1,0.180531036637132,0.000149724468663533,0.1047,NA,0.168948530755092,Q8TDD1-821P/L
-1,0.498265735449897,0.000457868314111969,0.1033,NA,0.0845332297263262,Q68DE3-1818S/G
-1,0.0386033581509763,0.000125708705453258,0.1117,NA,0.126130919327325,Q7Z7A1-889A/T
-1,0.0482872061008406,0.00421177836300638,0.1147,NA,0.0770253695640735,Q9NRJ4-522S/N
-1,0.209019184162413,0.00027035733952151,0.4839,NA,0.230225593399653,A6NDY0-214G/D
-1,0.427122844139835,0.000363925141189445,0.1305,NA,0.0962692452658022,O75570-407I/V
-1,0.188190471922981,0.000530890765240634,0.2382,NA,0.226424679921545,Q15345-44P/R
-1,0.324850697718048,0.000170646831080081,0.129,0.146994873604913,0.167345870380138,O43306-674A/S
-1,0.103861128138672,0.000163064057011278,0.1939,NA,0.0867958377000846,Q13671-238R/Q
-1,0.0387160723284045,0.00049691058855772,0.0981,NA,0.225796002720586,Q8N4P2-117R/H
-1,0.0514713007192943,0.000510921357687196,0.0875,NA,0.117699483894831,Q8N5C6-811K/R
-1,0.367005868955994,0.000386386117830637,0.226,NA,0.343151507859994,P22234-201K/N
-1,0.0079305548545699,0.00025916634162637,0.2425,NA,0.209972669274131,Q8WY98-81T/A
-1,7.51961304614464e-05,0.000744425098871521,0.1157,NA,0.13381587824313,Q9H343-124R/H
-1,0.00383212144885717,0.00155760707599115,0.0774,NA,0.13143540957381,P28072-107P/A
-1,0.0370652504156548,0.000910033059499505,0.1129,NA,0.118840702792132,Q8IV38-71D/N
-1,0.0325261070999948,5.10827209473101e-05,0.1157,NA,0.141742640456431,Q6ZWJ8-1201P/S
-1,0.00175639473791311,0.000542549239500555,0.0857,NA,0.131135705139566,Q96QV1-404V/M
-1,0.0136253243701203,0.00117571376642218,0.1022,NA,NA,A6NCV1-120R/C
-1,0.719766785368882,5.4551572286903e-05,0.3309,NA,0.325892366446619,Q6UX82-24Q/P
-1,0.0563169479591718,0.00060601457103873,0.1776,NA,0.115683843428018,Q9H7M9-191I/V
-1,0.1129918154602,0.000272075953228185,0.124,NA,0.113373413215121,Q9BQK8-199D/A
-1,0.029098660237891,7.71460804997472e-05,0.1027,NA,0.298105949205579,Q2M3G0-369I/V
-1,0.370879031164717,0.00115831675238186,0.0625,NA,0.25372166203864,O43670-224A/S
-1,0.0109379486596106,0.000546920961957052,NA,NA,0.15982038707504,P23467-1228R/W
-1,0.680216081919949,1.57188866524198e-06,0.79,NA,0.401095518876437,Q9BR84-18D/G
-1,0.00280405319972683,0.00010120741915405,0.2791,NA,0.361107102764422,Q96R54-285P/S
-1,0.270860660416009,0.000372702177258125,0.1606,NA,0.147203983461991,Q9Y2B5-377D/N
-1,0.030976676092858,0.00047498853021846,0.1274,NA,0.1242053315578,P14091-82I/V
-1,0.57043083164753,0.000488056490743377,0.1265,0.0814679374480518,0.198568242733971,Q9NVI7-224R/Q
-1,0.267407352116066,0.000123524417723374,0.1028,NA,0.196178636924114,Q9P2K2-152N/Y
-1,0.00433620672117624,0.000217291572318864,0.0733,NA,0.14474801999907,Q6NUM6-372L/W
-1,0.00306626087165257,0.00346672307407015,0.0679,NA,0.16558617042999,O95628-283L/V
-1,0.0373655071125782,0.000796974418356826,0.0688,NA,0.121334611725461,Q14088-6L/V
-1,0.0125826288867925,6.4609023467153e-05,0.1296,NA,0.157337793680701,O60391-982E/K
-1,0.0845933193185129,0.00029926674571044,0.1539,NA,0.225352042274783,P42330-77E/G
-1,0.702693165872007,0.000361879593766937,0.1758,NA,0.140950772077337,Q92890-130P/A
-1,0.109215258391472,0.00015337197314999,0.2693,NA,0.366351379435404,Q5VUY0-104P/S
-1,0.00985138664002304,0.000538632217657985,0.0804,0.187100077619635,NA,Q9P2R6-794P/L
-1,0.0448818295323717,0.00310271351225906,0.1865,NA,0.0895824110242389,Q9UKV3-257R/K
-1,0.00541467259412047,0.000441600083958427,0.152,NA,0.10673315356214,A6NKT7-1154P/S
-1,0.2610797429017,0.00167011469475003,0.1191,NA,0.128442305802858,Q9BTY2-356M/V
-1,0.985625472707722,0,0.3811,NA,0.327421129650811,Q16695-8A/T
-1,0.0563355647805921,0.000348340318256013,0.604,NA,0.127829540708854,A6PVS8-129M/I
-1,0.848368097368813,7.10411399382371e-07,0.7536,NA,0.299680172259222,Q6JQN1-939R/L
-1,0.269894103137672,0.000255785224261914,0.1373,NA,0.286252666648638,Q9Y6L7-333R/Q
-1,0.00953114163901615,0.000128154229945659,0.1226,NA,NA,O75335-803A/S
-1,0.0166062516763092,0.000454733821046172,0.1453,NA,NA,Q96MA6-130D/G
-1,0.31723805974814,0.000309272069505049,0.2466,NA,0.213996082840108,Q9Y5X2-268T/I
-1,0.0625655176654115,0.000253632163735768,0.2504,NA,0.199629831867383,Q9UDX3-200V/M
-1,0.00236354493404288,0.00127384749067617,0.1533,NA,0.0586383887933085,O14924-225I/V
-1,0.0854585276702764,8.54114645501905e-05,0.2711,NA,0.2143657863136,Q96LD4-187R/W
-1,0.110219375334523,5.19071632881013e-05,0.1201,NA,NA,Q5T6F2-14R/Q
-1,0.0117309628209883,0.000515778222833262,0.0917,NA,0.251578587873447,Q8IVE3-1385S/C
-1,0.192589256773095,2.95242487178311e-05,0.5454,NA,0.212024860949309,Q9H2F9-249V/A
-1,0.000859426214587952,0.00110453933341068,0.4314,NA,0.233457971551108,P04439-199G/R
-1,0.466256423519042,4.99256795353986e-05,0.1299,NA,0.136228417807731,Q9BYK8-338S/L
-1,0.644371626509861,0.000112536168811878,0.3548,NA,0.153167061533866,Q9H0N0-83I/S
-1,0.975496363054061,0.000384782600679101,0.0814,NA,0.124976362077361,Q15911-1852Q/P
-1,0.701339013046289,0.000184622795345341,0.2814,NA,0.0505005997643613,Q96D03-180K/R
-1,0.0273948739261686,2.16502113516681e-05,0.59,NA,0.295890363692316,P01833-555T/I
-1,0.189987817601814,0.000184847866146017,0.1227,NA,0.357058815716392,Q8NHA4-217Y/C
-1,0.12715409517675,0.00343886477757554,0.1022,NA,0.101544604114469,Q9Y6R4-906H/P
-1,0.201031344687958,0.000211120623053992,0.1072,NA,0.223405834007352,Q9HAS3-513Y/F
-1,0.346447957851597,3.72201899486871e-05,0.1408,NA,0.104568490285434,Q8IYW4-109I/T
-1,0.0177951493665216,0.000395973096688408,0.1659,NA,0.161238554157773,Q5THR3-800R/W
-1,0.00420825990134869,0.00024239063620254,NA,NA,NA,Q6PKH6-43G/W
-1,0.0222139370204285,0.000273527382097095,0.0839,NA,0.223758860867274,P24462-409T/R
-1,0.0437949011398324,0.00101073367276873,0.0724,NA,0.0703922442245792,O43815-380P/S
-1,0.0494203150060963,2.0407289333578e-05,0.3678,NA,0.310377270731355,A2CJ06-122P/R
-1,0.0286203655742712,0.00103483501534607,0.0828,NA,0.0421780725120737,Q9HAW4-1280S/L
-1,0.0574310398690224,0.000184432294145893,0.1243,NA,0.241983907406734,Q9P0K1-128E/K
-1,0.00107140575707234,8.6101432803672e-06,0.1641,NA,0.573070842441143,Q8NH83-219L/Q
-1,0.00141524568371908,0.00106045619555017,0.0524,NA,0.0612304480761644,Q9H307-671S/G
-1,0.404997442032321,5.92777375558478e-05,0.1109,NA,0.0840907304071459,Q6UXB8-68K/R
-1,0.209067768572825,0.000161087254311501,0.1175,NA,0.133025493103918,Q96P44-753E/V
-1,0.228348194901607,0.000163543145904633,0.089,0.578809163798086,NA,Q9NRS4-413P/L
-1,0.0863648325666939,7.82668639619188e-05,0.3402,NA,0.153613916579225,Q6ZVH7-876K/E
-1,0.00300922626341133,0.0011216726900402,0.1625,NA,0.0936284093627695,Q8TES7-681A/V
-1,0.0022258140423938,0.000121810963739145,0.0999,NA,0.260874074638965,Q8NGJ1-59M/V
-1,0.0462008961769904,7.82531720148676e-05,0.6293,NA,0.118715854361564,Q9C037-367P/S
-1,0.0817145758308722,0.00133710908960429,0.1933,NA,0.088444188536094,Q17RW2-7R/K
-1,0.411358546344567,0.000181121368215396,0.1969,NA,0.0769556866529783,O60496-274P/L
-1,0.0305407019185041,0.000178979138311671,0.1177,NA,0.111724085488129,Q6UB98-507T/I
-1,0.0041353746803034,0.000497668622772445,0.0909,NA,0.0859959670084711,Q03405-220K/R
-1,0.0270486027697285,0.00097297605820033,0.1004,NA,0.196547238784503,P29218-109I/V
-1,0.0090246328756126,0.000594874776881673,0.2013,NA,0.319905450876759,Q17RR3-450F/Y
-1,0.766294187149423,0.000130985423450688,0.5641,NA,0.520359790378348,Q9NZP0-133M/T
-1,0.00130050833496742,0.000119937162328646,0.1902,NA,0.424327423182139,Q8NH53-79T/N
-1,0.0591916510709308,0.000314794576314435,0.1048,NA,0.302510663518819,Q9NZJ6-134K/E
-1,0.00243214146543966,0.000421307986711978,0.3778,NA,0.111996654146725,Q96KJ4-530N/T
-1,0.0163074366094805,0.000389522887091353,0.111,NA,0.114314372330567,Q9P2F8-1403S/L
-1,0.181166470519044,0.000325067724497726,0.1224,NA,0.153695435566777,Q01546-283A/T
-1,0.0198982753453989,0.000760131078065366,0.0851,NA,0.174557000300536,P49750-636P/A
-1,0.00503201135721908,0.000309783701339296,0.0939,NA,0.29484900496147,Q9Y5I3-759C/F
-1,0.0426573538122718,0.000266882299872396,0.0719,NA,0.161978150700191,Q86XS5-268T/M
-1,0.227888203581364,0.000112519137049763,0.3241,NA,0.122807549095337,Q9UJX0-457V/A
-1,0.0232628273886283,0.000124406244227306,0.4307,NA,NA,Q8NGM1-150G/E
-1,0.0622551459823408,0.000466188482009254,0.1072,NA,0.166371372231547,Q6L9W6-992R/H
-1,0.209832496065002,0.000233244390865486,0.3874,NA,0.330362516739762,Q9C0A0-513Q/H
-1,0.0665785393100654,0.000220485628732883,0.1061,NA,0.145368012633084,O14939-632E/G
-1,0.00909654329869387,0.00107947903683655,0.1182,NA,0.0534241962354697,Q1X8D7-509G/S
-1,0.714501063180828,9.20162796659773e-05,0.1621,NA,NA,P0DMV9-110E/D
-1,0.72434235828036,6.95334032350796e-05,0.4626,NA,0.386473781037251,Q9BTY7-54G/V
-1,0.265526408168538,0.00010491628988713,0.1088,NA,0.235398870611516,Q659C4-462P/R
-1,0.551474130875995,0.000190574797204365,0.1486,NA,0.235165700394249,Q9NYA4-170L/V
-1,0.078878850286573,0.00038823217477843,0.2578,NA,0.143650465111046,Q13349-282R/C
-1,0.0087431405184938,0.00040928693682672,0.1288,NA,0.244680515741816,Q9Y5G0-188G/S
-1,0.00990983001862645,0.000566064585792443,0.1286,NA,0.132273042329318,Q02083-153R/H
-1,0.000247341668684001,0.00544473101598936,0.1977,NA,NA,C9JL84-518T/S
-1,0.338601944526986,0.000130725857085473,0.1355,NA,0.381018073914852,Q6NUM6-129A/V
-1,0.631899091005763,0.000195686229435567,0.2272,NA,0.25566750428323,Q3B7T1-1117A/T
-1,0.809758081952584,0.000135086470901587,0.2718,NA,0.248256023574711,A6NNS2-227S/L
-1,0.0597561510881804,8.63135188794337e-05,0.1354,NA,0.282606653538559,Q9BQN1-134E/K
-1,0.00971257495935806,0.000117285038962956,0.446,NA,0.422583104252943,Q8NH81-122L/Q
-1,0.252794241051538,0.000972556599615447,0.1225,NA,0.165550107372639,Q9NR19-601G/A
-1,0.0531175657141067,0.00048175549580929,0.2604,NA,0.250716824966391,A8MYP8-131G/R
-1,0.0290117269239949,0.000195151205193347,0.0906,NA,0.129141447383457,P35125-912R/Q
-1,0.589687461724287,6.49275405190107e-05,0.0965,NA,0.139161289308658,Q96PF2-27K/R
-1,0.0311318998819044,0.000503582529349362,0.0803,NA,0.0667938042790768,Q08495-231K/R
-1,0.00561615323806365,0.000211406525804134,0.1626,NA,0.146952356936522,Q9Y3Q7-142Q/L
-1,0.0171753327955241,0.000305563866567284,0.1043,NA,0.149041772058905,O95171-386R/K
-1,0.047735602348023,0.000305463874860656,0.0785,NA,0.204168947717824,Q96C45-348S/G
-1,0.397923910994285,0.000296533667310396,0.1105,NA,0.228257506190706,Q4V339-159D/N
-1,0.258159691498805,0.000382224073698943,0.0963,NA,0.133132579704391,Q8N0Z3-824T/P
-1,0.013868636300466,0.000109411263262348,0.5895,NA,0.339367412552294,Q9UK13-337P/A
-1,0.966860515587244,0,0.5631,NA,0.439447983802361,Q6NXT2-122K/E
-1,0.134919604780793,0.000152077921086729,0.1587,0.674114467992595,NA,Q99572-155Y/H
-1,0.0409474959430481,0.000589151341852182,0.0877,NA,0.106842819599679,Q6P1K2-150R/C
-1,0.0351430422927362,0.000187721991256723,0.1365,NA,0.0580342330818908,O95789-1233E/K
-1,0.0301177377450575,0.000320382000890704,0.1256,NA,0.233849758324828,O14556-93A/S
-1,0.00180048425625388,0.000179658564343957,0.1122,NA,0.244642182725589,Q9H340-40N/S
-1,0.0294101608926549,0.000457007177177716,0.0902,NA,0.081222745731297,Q5VUB5-465P/S
-1,0.00966927808782593,0.000553915244050721,0.1779,NA,0.186404488535721,Q13607-122R/C
-1,0.260040553817968,2.22316002537503e-06,0.9569,NA,0.0961703859513724,Q7Z443-1176S/R
-1,0.0292112137326056,0.000889114024941071,0.0823,0.207091496034681,0.113597790116952,Q9UBD9-161P/S
-1,0.0271300416547814,0.00024789074046307,0.1603,NA,0.148999455259069,Q58EX2-1553T/M
-1,0.27175221669056,0.000102781280526029,0.712,NA,0.421026290853649,Q5SZD4-118A/D
-1,0.0102404462570062,0.00205146490821759,0.0909,NA,0.102824691961749,P12270-960S/N
-1,0.16390703450653,0.00020687704791426,0.1258,NA,0.194906839413253,Q14209-226Q/H
-1,0.0865807368759869,0.00107064247231763,0.061,NA,0.0734196890763457,P16591-412M/V
-1,0.106719620854546,0.000783092341890352,0.0875,NA,0.131500133496482,Q96L50-136T/A
-1,0.00333774845244224,8.44363524474854e-06,0.4145,NA,NA,Q8NGM1-221L/S
-1,0.00768193002848023,0.000511750687291625,0.0761,NA,0.0740552759246365,O15534-37P/S
-1,0.785183240784731,2.85108400914141e-05,0.1734,NA,0.136252163198675,Q9H987-2G/S
-1,0.0490008424022608,0.000189619517262048,0.0865,NA,0.080168964421806,Q8TCG1-293P/T
-1,0.00120259705492825,0.000177488333848995,0.127,NA,0.239879238087956,Q8NGS8-262P/L
-1,0.0124682408628337,0.000971161076733656,0.0855,NA,0.0725434251426943,Q9P1Z3-69K/R
-1,0.032177201497901,0.000511160273885326,0.3652,NA,0.442319821734186,Q08AH1-176A/P
-1,0.396380972461773,7.83634118897375e-05,0.2342,NA,0.405091543524357,Q6A555-19G/R
-1,0.0035911531145289,0.000148336250670459,0.0805,NA,0.0897955832082949,Q6V1P9-3088H/Y
-1,0.0112980766413288,0.000246939333438451,0.0727,NA,0.0681486581657348,Q8TDM6-1089P/L
-1,0.56656402355009,0,0.4944,NA,0.0768675914095265,Q8IUC3-51S/P
-1,0.0375116639710192,0.000393335247462498,0.0911,NA,0.199527933877156,Q9H0W9-312I/T
-1,0.0538069839148375,8.37510232963621e-05,0.1699,NA,0.28468240358933,P42330-180P/S
-1,0.0123460191447138,0.000351085565958097,0.1332,NA,0.305922395097153,Q14CN4-300R/C
-1,0.000416418907186306,0.000141841997008106,0.5895,NA,0.65111140646759,Q8NGV6-195C/R
-1,0.735149562491148,8.43224245274741e-11,0.9058,NA,0.201497122189492,Q494X3-233H/Y
-1,0.00625448752692793,0.000870299594647266,0.1502,NA,0.112951632976681,Q5CZC0-3105E/Q
-1,0.00870274932285101,0.000442158882929922,0.105,NA,0.27692988454096,Q8N0Z6-336V/I
-1,0.559520506661292,5.09057372556537e-05,0.2805,NA,0.430385197182838,Q8TAT5-117P/R
-1,0.00328564053082553,0.000520790000382542,0.2476,NA,0.0625752906195494,P0CW27-147Y/C
-1,0.527921162711162,6.74500759308586e-05,0.24,NA,0.143219475397302,Q8NG66-488E/V
-1,0.220181684828781,9.86750024822595e-06,0.233,NA,0.461144751822428,A0A286YEU6-115L/P
-1,0.981446636461883,4.09419096379533e-07,0.1737,NA,0.333394742481718,Q14990-223P/T
-1,0.0106807225368335,0.000176612056277097,NA,NA,NA,Q3I5F7-40D/N
-1,0.0813848949146228,0.000742893111981204,0.0725,NA,0.079161801317124,Q9H019-31N/S
-1,0.11565695094456,0.000135174713148751,0.5486,0.166593472636181,NA,Q5TCY1-649P/R
-1,0.237616438992227,0.000194446378569734,0.9666,NA,0.212937997963975,Q86W11-378I/S
-1,0.105969656527954,0.000511143034275831,0.2021,NA,0.218058645795415,Q96HA8-116F/I
-1,0.998175825224035,5.87058386776417e-06,0.184,NA,0.266171913628837,Q6VUC0-305V/M
-1,0.283869888806782,0.000106224925262244,0.0798,NA,0.228279177671069,Q15561-239P/L
-1,0.107460911292438,0.000427360055564164,0.2913,NA,0.311590843059296,Q8IYX1-83R/Q
-1,0.170671925553849,9.98232674544852e-05,0.3541,NA,0.229413594696075,Q7Z5N4-441G/R
-1,0.987050286437183,6.69799329361147e-05,0.9603,NA,0.140844002790472,P86790-214E/D
-1,0.156157271237235,0.000230610672587099,0.1117,NA,0.128159851723982,Q15032-270M/V
-1,0.00150484773531438,0.00114883338660282,0.156,NA,0.050904319348694,Q0VD83-174R/G
-1,0.00450623162676423,3.91124055184974e-10,0.346,NA,0.475707521493158,Q8NH04-218Y/H
-1,0.560123675195725,9.55656244581902e-05,0.4348,NA,0.212301677462184,Q04756-225V/M
-1,0.0140512294337784,4.26649574950042e-05,0.3817,NA,0.113925276283961,Q7Z443-593V/M
-1,0.00113892562983602,9.92508260263946e-06,0.7177,NA,0.385258895759972,Q9UGM3-1084H/Y
-1,0.841662468489339,0.000102361070522278,0.1007,NA,0.268102379643175,Q86Y07-167I/V
-1,0.720029173815428,0.000166191423972084,0.1518,NA,0.309979036952742,Q2TAC6-891R/W
-1,0.0101903794068054,0.000219647280401747,0.1057,NA,0.0901466971194692,Q9UKX5-972P/L
-1,0.0659021911837711,2.61507125831495e-05,0.8255,NA,0.428044134130175,Q9BZJ3-70L/F
-1,0.0312414854826086,0.000775237625373132,0.1361,NA,0.201998569569231,P07478-56Q/K
-1,0.118164576885056,0.000317988163067809,0.2193,NA,0.224173077322965,P49643-399Q/E
-1,0.00347147855004936,0.000235640639673075,0.2249,NA,0.203600584764906,Q5CZC0-1002D/H
-1,0.559633190037957,3.36977059852809e-05,0.132,NA,0.0975156802021475,Q8TE68-669K/R
-1,0.00184792640844172,0.000629242483312961,0.3467,NA,0.172434162343066,Q8IVW1-64A/G
-1,0.461243694967867,7.42461479054245e-05,0.2353,NA,0.129505594411349,Q9HD90-223H/R
-1,0.00124729208630378,0.000131785999918724,0.1975,NA,0.238354791937276,P0C645-28R/W
-1,0.00161675447236607,0.000918578848978954,0.0736,NA,0.0914421369502035,Q9BYT8-372K/R
-1,0.00560812509625095,0.00104702244226902,0.1097,NA,0.0847377778799849,Q9H1P6-99I/V
-1,0.101047308873336,9.25191605470315e-05,0.252,NA,0.240680356615339,Q8TE23-595I/T
-1,0.299891722696015,0.000151272533273873,0.1645,NA,0.199365012053265,Q9ULL4-1596V/E
-1,0.0439592074236965,0.00052356608008775,0.7356,NA,0.219394712317491,Q6NT32-176R/W
-1,0.068275906630344,0.000190759521222588,0.4337,NA,0.430045813304019,Q9UN66-322A/V
-1,0.00508322496916971,0.000533300343317315,0.0964,NA,0.125414964496571,A1IGU5-489P/L
-1,0.0402637544077692,0.000257900121152672,0.1058,NA,0.2262345067232,O00233-197E/G
-1,0.033276967295015,1.71312648411754e-05,0.4729,NA,0.387413486303269,Q8WWF5-163R/C
-1,0.0782397145328053,0.000270600758001092,0.0974,NA,0.102034262344026,Q7Z5N4-1027T/M
-1,0.515794795703455,0.000724384990194406,0.1523,NA,0.236995369346992,O43747-685P/H
-1,0.00467062102864774,1.04937439380433e-05,0.0908,NA,0.176605446811756,O75129-874A/T
-1,0.282619540040661,7.32603187564845e-05,0.7149,NA,0.353095668383432,Q9NUJ7-260Y/C
-1,0.00909629917081357,0.00325550157633238,0.0973,NA,0.0860568006819017,O43852-4R/Q
-1,0.0648513148764555,0.000654245962550303,0.0931,NA,0.135164862649955,Q9NTJ5-434Y/F
-1,0.257977301501818,0.000159604469761304,0.0848,NA,0.192985291302172,P29376-535D/N
-1,0.0369092768380762,0.00104969894114812,0.4871,NA,0.355444935070975,Q9UK80-321G/D
-1,0.00793098383667746,0.00207841251512051,0.2588,NA,NA,Q53TS8-576P/L
-1,0.00388252249640991,0.00103212892905583,0.1305,NA,0.116244542038688,Q9C0C2-96P/S
-1,0.585377734734198,2.80890586885173e-05,0.6265,NA,0.335542577955604,Q6W5P4-241S/R
-1,0.0238654031420979,0.00011342284767796,0.4968,NA,NA,Q8NGG7-133T/R
-1,0.0127723601638177,0,0.2238,NA,0.224839072605733,A0A286YF01-89C/Y
-1,0.199843825041125,0.000591787700995916,0.0853,NA,0.0799444766786109,Q7Z7A4-481K/R
-1,0.0543059626221389,0.000512292549083643,0.0697,NA,0.209272998002972,O43374-606T/M
-1,0.0681588073949199,0.000252364099904272,0.127,NA,0.161586549429459,P14151-213P/S
-1,0.024922191629795,0.000213782032071181,0.0817,NA,0.14470437343422,Q53LP3-367D/N
-1,0.0117069550144128,0.000179719981783907,0.6298,NA,0.248455075925683,A6NET4-177F/L
-1,0.327641952886868,0.000155987194049312,0.0982,NA,0.172810221271825,P35228-221R/W
-1,0.00222562678121048,0.00148638158036318,0.28,NA,0.143777585682509,Q7LBC6-5A/T
-1,0.199492862899184,1.10149209884615e-10,0.9847,NA,0.716378998522442,Q96NU0-996C/W
-1,0.0632703297563107,0.00109909831329216,0.0691,0.100816445154698,NA,Q96MM7-471E/K
-1,0.257691678652656,0.000196090190949192,0.2616,NA,NA,E5RIL1-64T/M
-1,0.0732396129811538,0.000289700003245982,0.5858,NA,0.0556537011974214,Q5VV67-1244A/P
-1,0.949956977093277,0.000120092195430297,0.2011,NA,NA,Q53H96-105V/M
-1,0.469255015446455,0.000392450374701185,0.0945,NA,0.0626018392381195,O60353-345M/L
-1,0.0191025008802957,0.000345483360150049,0.1221,NA,0.150580914820931,Q9BV38-62I/V
-1,0.171740753665502,0.000165203546636476,0.1215,NA,0.119129345711033,Q969U6-340E/K
-1,0.00614516298899389,0.000193966445491933,0.2755,NA,0.153866479185105,P34982-240T/I
-1,0.0177176061269943,0.000453268481923313,0.0836,NA,0.26359620969065,Q5VU65-1491V/I
-1,0.12467259330347,0.000144852996922747,0.1369,NA,0.125335493929551,Q6UW02-346L/F
-1,0.0337344125768478,0.00104276973865336,0.1434,NA,0.0844375995800994,Q92667-18A/V
-1,0.421421590809207,0.000332113598493342,0.1375,NA,0.217775900369119,Q8NHV5-124N/H
-1,0.0441162031901495,0.000124726932173382,0.2324,NA,0.11190270481704,Q7Z5Y6-106M/V
-1,0.0219278418503352,0.000221902971918864,0.1164,NA,0.122550276749887,Q8N6F8-216R/W
-1,0.0898969391442309,0.000639454196375846,0.1354,NA,0.128048396281647,Q9H0J9-463V/M
-1,0.0178028026197586,0.000572801942072129,0.4304,NA,0.355510977087897,P01911-70D/N
-1,0.0117815434371589,0.000599065119621981,0.4518,NA,0.125023603814051,Q8WW18-110D/H
-1,0.12427959996172,0.00125311105669385,0.096,NA,0.088100015191684,Q14789-1212Y/C
-1,0.0343932576864911,0.000180897948406622,0.1857,NA,0.460415831119824,P78329-519L/M
-1,0.0982475446702143,0.000118500089240237,0.1352,NA,0.33375600175627,Q9UNA4-261I/M
-1,0.0432743905824904,0.000213638671596667,0.201,NA,0.522821574707828,Q96GA7-291L/I
-1,0.0777437256493718,0.000151458658511742,0.2465,NA,0.152510313465369,Q9HCE3-761E/D
-1,0.674926528608638,4.91713899192933e-05,0.122,NA,0.104645026572591,Q5SVQ8-327D/Y
-1,0.024175299998539,0.000318562683580901,0.0943,NA,0.102314914409762,Q96KD3-242E/K
-1,0.742890142240612,5.38979907160912e-05,0.5742,NA,0.321349628639379,Q2VIR3-243I/F
-1,0.502000625592341,9.79282461388043e-05,0.187,NA,0.0795337096535054,Q7Z2Z1-747V/A
-1,0.102830151735995,1.32500035497835e-05,0.1833,NA,0.205027350745269,Q9Y493-2073N/S
-1,0.602021538472919,0.000277497247004563,0.1643,NA,0.101746257465694,Q9Y485-1589M/V
-1,0.39852777837679,0.00101060547295661,0.2547,NA,0.145881498117185,A1YPR0-250P/S
-1,0.237153197666219,0.000409557946455235,0.1184,NA,0.10893030069573,Q2VIQ3-680R/H
-1,0.0162011668397759,3.78919689978987e-05,0.1931,NA,0.171204825975792,A8MQT2-81R/W
-1,0.0208036324595375,8.06006262983117e-05,0.1401,NA,0.37239662687066,Q96P64-492R/H
-1,0.0163443673687026,0.000206662832175255,0.0958,NA,0.146461224305073,Q9NY99-200S/L
-1,0.017854633765206,0.000830408306770456,0.1304,NA,0.0396165958328012,Q12802-2457G/S
-1,0.012451074348024,0.000579772946734343,0.1358,NA,0.433368829263936,P34913-52R/W
-1,0.0347274882738164,0.000238463475160612,0.0695,NA,0.103027107719567,O00418-75P/A
-1,0.336727347603477,5.24147227658067e-05,0.3867,NA,0.391829784701867,Q8IVL6-304R/C
-1,0.152365834012263,0.000688808112445071,0.1571,NA,0.110483238840256,Q8IY82-433P/L
-1,0.0195476458470581,0.00050695787714265,0.1322,NA,0.262427565151901,P13284-76R/Q
-1,0.529298611093986,4.24101789691355e-05,0.1212,NA,0.149074885921038,Q5T5S1-113L/R
-1,0.010115953651011,0.000340677739030059,0.102,NA,0.120425540306047,Q4VX76-414P/S
-1,0.0362986192693121,0.000612065563856153,0.1779,NA,0.057940667055731,Q5VY09-285P/S
-1,0.0045662906621197,6.99694157916356e-07,0.2348,NA,0.348887395011241,Q8NH43-16G/V
-1,0.150151653169867,0.000607284744484919,0.1209,NA,0.131979785235496,Q5UAW9-223A/V
-1,0.0354121538490357,0.000121081190233426,0.0652,NA,0.0665543055415279,Q92598-61N/H
-1,0.000314844931354695,0.00022883962115835,0.1441,NA,0.296609372368331,P20853-420K/M
-1,0.97805374004112,0,0.1126,NA,NA,Q8NGC0-117L/F
-1,0.629406015079598,0.000226895135892723,0.6909,NA,0.0774693375174585,Q96J77-118F/L
-1,0.0203908979093741,0.000309231332380841,0.2315,NA,0.247839971016567,O43815-439T/I
-1,0.0559624974670971,0.000174472772196726,0.1726,NA,0.117054457677954,P12270-779V/I
-1,0.515702529904414,0.000163539412937532,0.5755,NA,0.206585554161897,O14960-24I/T
-1,0.0386382994959213,0.000319447176452804,0.071,NA,0.108762321890232,P43121-89E/G
-1,0.149896248481914,0,0.2824,NA,0.111167730514908,Q1ZYL8-137Y/F
-1,0.0510421714049896,0.000288092217257991,0.2997,NA,0.35922150792184,Q9UGM5-202G/S
-1,0.00717158862287587,0.000342562408458721,0.199,NA,0.239462902198932,P82987-821P/S
-1,0.0130711321058029,0.000772395326417248,0.2289,NA,0.135687283779249,Q9H344-263R/C
-1,0.0199950348602574,0.000993624457680152,0.2241,NA,0.1411819213706,Q8N884-261P/H
-1,0.114455802538829,0.00174983510599464,0.0715,NA,0.0801624851108211,Q9C009-20L/P
-1,0.0805056366821923,0.000498660427616227,0.122,NA,0.0845511446602046,Q8N0V4-452Q/R
-1,0.0610433733055519,7.34835284732996e-05,0.1666,NA,0.196381780623392,Q9NYL5-288Y/H
-1,0.176921871637328,0.000104697305500736,0.0779,NA,0.281568603410733,Q9NVE5-1025T/M
-1,0.00403380164041973,0.000525566353320089,0.072,NA,0.112244025973065,Q9NZN5-973Y/F
-1,0.131689852106665,1.0886462262421e-05,0.2581,0.513549494806372,NA,Q99572-496E/A
-1,0.0170186572517932,8.98526696817631e-05,0.5107,NA,0.584446969441363,Q76KX8-621C/G
-1,0.541458195271364,1.06751448411602e-06,0.9144,NA,0.55714874842478,Q9Y493-1742C/R
-1,0.00564420242542328,0.000665337678674802,0.184,NA,0.109734183134034,Q8WXD9-38K/R
-1,0.474934506338318,6.49986280290607e-05,0.1092,NA,0.174432701093421,Q8N4X5-769R/C
-1,0.284612224242457,0.00027731663934315,0.1186,NA,0.180585858421871,Q13395-425A/T
-1,0.00256085211673971,0.000887320129824062,0.137,NA,0.173942980288414,Q9NQX4-783A/T
-1,0.00407684158074732,0.00080317365305229,0.1268,NA,0.313952563341249,Q9BYD3-253M/V
-1,0.528563677495301,5.97560016658557e-05,0.7237,NA,0.486700556566049,Q96LB9-272A/V
-1,0.0182271962664494,0.00113831386167202,0.6166,NA,0.2252193069205,Q9H930-88M/T
-1,0.997691224592957,0.000205875741438257,0.3301,NA,0.300814967607048,O75396-192T/P
-1,0.872023938262078,9.33858198999283e-05,0.5406,NA,0.51974480680322,Q5FVE4-96S/Y
-1,0.60989991941795,0.000148092622077084,0.0907,0.318789595305155,0.0991707219140538,P53675-691E/K
-1,0.461096340210551,2.82390205784651e-06,0.2491,NA,0.303839871707503,A4D1Z8-76P/L
-1,0.23185730056662,7.19416708513342e-06,0.6406,NA,0.451063217156764,Q7Z3V5-573L/H
-1,0.0514620525492431,3.57372462879911e-06,0.0881,NA,NA,Q5T9S5-1080L/V
-1,0.175188369071281,0.000964926159512323,0.1003,NA,0.0807439318274332,Q9H0A0-564P/S
-1,0.120339088736932,1.33231633098717e-06,0.1035,NA,0.173115666707583,Q5JZY3-807R/Q
-1,0.0350732391599005,2.38460420174323e-05,0.1326,NA,NA,P23229-265S/G
-1,0.772248917369693,5.67870803567566e-07,0.6952,NA,0.333154801340008,Q9BX82-430P/R
-1,0.0245231816634951,0.000981598435610985,0.2053,NA,0.102894934827182,Q15059-255A/V
-1,0.00104769561406512,0.00157602208273237,0.2897,NA,0.257335565185696,Q7Z7D3-8L/P
-1,0.800028460754194,0.000268858891922053,0.9273,NA,0.31536956526691,Q8WWX8-258F/L
-1,0.0030817203575987,0.000113392330949833,0.1832,NA,0.199126893154405,Q8NGS8-70D/G
-1,0.00944610748152923,0.000250732137984794,0.07,NA,0.281005963796868,Q6UXI7-559L/I
-1,0.321649117330632,0.00049285555773689,0.167,NA,0.204780581030839,P32455-265Q/K
-1,0.00911473820049808,0.000282191667326083,0.2623,NA,0.125585628353962,Q6ZVD8-919S/N
-1,0.53064720194858,0.000384128657891028,0.2822,NA,0.299195461699835,Q96C03-324G/E
-1,0.0144014662360133,0.000231128740065632,0.1163,NA,0.295643089393969,A6NJ78-149A/T
-1,0.0106522566998184,7.86179139172839e-05,0.4743,NA,0.438022242850654,Q13606-50L/S
-1,0.911864856517338,0.000479721919257901,0.1647,NA,0.118976886445319,Q92982-110A/D
-1,0.0752431168873539,0.00040711401608078,0.1185,NA,0.0846801765958173,Q8IXT1-12V/I
-1,0.353958614615508,0.000100579857843941,0.1042,NA,0.109656519582748,O60229-1893S/L
-1,0.000672969886090825,0.000292755573692372,0.1625,NA,0.341152017051503,P04440-207L/M
-1,0.215737611589518,0.000160152006228421,NA,NA,NA,Q8IZM8-145R/C
-1,0.35525321909193,6.03635631989589e-06,0.6324,NA,0.494705641224603,P59827-206G/W
-1,0.263753867107937,8.31328156220809e-05,0.1757,NA,0.217986964479221,Q08AH3-78E/K
-1,0.521830152076669,0.000596695398767092,0.0887,NA,0.100006764114869,Q05BV3-269I/V
-1,0.109912462505175,0.000728065282006127,0.0799,NA,0.074478138658143,Q9P2A4-44R/Q
-1,0.86450534535286,0.000113897720184268,0.2303,NA,0.175805947996065,Q9Y2K1-531A/P
-1,0.647331025444259,8.60013671205101e-05,0.1865,NA,0.29439672216489,Q9BZZ2-464R/H
-1,0.473512520749602,0.000382451280976999,0.9388,NA,0.405904447394816,Q9GZM7-451F/L
-1,0.0690149225951373,0.000143405585882264,0.3534,NA,0.238048996878479,Q5W0A0-495G/A
-1,0.0938748168140898,0.000356516721168667,0.0824,NA,0.210069064166777,Q8N3F8-685H/R
-1,0.0273949576243844,0.000158412689793609,0.1186,NA,0.116770752016862,Q6ZU35-85Q/R
-1,0.686360088008215,6.40567545334992e-05,0.4356,NA,0.291950499214198,P47901-65K/N
-1,0.0813976603335283,0.000467463983691367,0.1918,NA,0.420128037618077,Q6UXH1-189R/G
-1,0.279357541842467,4.56325223631391e-05,0.1773,NA,0.117820178712657,Q8ND23-1161G/V
-1,0.135476531986506,0.000103190599020472,0.4747,NA,0.287796020292766,Q5VYJ5-738F/I
-1,0.0231506942809409,0.00139525941246137,0.2878,NA,0.107298801038758,Q8NDZ2-529M/V
-1,0.0678490861633278,0,0.4923,NA,0.310956686894096,Q8IVF2-678P/R
-1,0.0670355957381395,0.00043438122848558,0.143,NA,0.229894122332555,Q9HCG8-656A/V
-1,0.809635578751618,2.16484328619108e-06,0.1278,NA,0.0509037366177022,Q32MQ0-288P/L
-1,0.710417147075838,1.1148557583422e-07,0.2165,NA,0.338474205859046,Q8N819-285L/M
-1,0.749572597895516,0.000220073035964653,0.4539,NA,0.186813993037566,Q9UGR2-363D/N
-1,0.956223993525662,0.000132391964628341,0.2108,NA,0.2680768197938,A0A1B0GVZ2-64L/P
-1,0.000645892078828162,0.000366761790610025,0.1443,NA,0.120695177321733,P41238-108P/S
-1,0.86579519105525,0.000284954605647209,0.1759,NA,0.334210936627245,A4D1E9-164L/F
-1,0.113979787878601,0.000481248810807441,0.1444,NA,0.1269950301338,Q15155-1081E/K
-1,0.00032718222881911,0.000579427128492964,0.126,NA,0.129779098564803,P0C645-274V/A
-1,0.00732745761670466,0.00231813320968378,0.4062,NA,0.0543808897005826,Q5VXU9-1425R/C
-1,0.00146944048278763,0.000210455170626851,0.2182,NA,0.24658430373047,Q8IY85-541D/V
-1,0.268317385283334,7.34524358211196e-05,0.3629,NA,0.407432174829595,Q6Q8B3-215T/I
-1,0.000133871409734221,0.000873687102091142,0.2085,NA,0.245934402441847,Q8IUC1-111C/S
-1,0.0194224532036593,0.000622652972529363,0.5851,NA,0.108792917700803,Q5M9N0-482E/K
-1,0.592803659672738,3.34031077105815e-06,0.689,NA,0.331127358538322,Q7Z4J2-195H/R
-1,0.0206686011574293,0.000507331514575165,0.1398,NA,0.219611343057179,Q8WWI5-193T/A
-1,0.0182265080484064,0.00153385637993496,0.2598,NA,0.0588095746074504,H3BR10-62V/M
-1,0.0332121651721313,0.000452710039196251,0.1969,NA,0.233729201800543,Q8N697-239V/A
-1,0.0157371995172873,0.000141478863708817,0.2521,NA,0.0907120180345018,Q14324-629A/T
-1,0.133872165863931,0.000442954697307059,0.0983,NA,0.15185270784435,Q96GY0-279S/F
-1,0.133106904835312,0.000203002954344333,0.5283,NA,0.27415463246354,Q5SXM1-351C/Y
-1,0.123677920498405,3.19249295682195e-05,0.8036,NA,0.599515091399709,Q9UK13-256C/R
-1,0.203888561056402,0.000263339911354857,0.1611,NA,0.293728081096909,Q8NBN7-93A/T
-1,0.0030857318288111,0.000492563000903097,0.8122,NA,0.134307719046583,Q12901-231P/L
-1,0.0585879617153896,0.000298804534548603,0.1104,NA,0.174626634572097,Q8TC36-174A/T
-1,0.00218165516528981,0.000202287253706589,0.1,NA,0.57474510354168,Q02297-616G/V
-1,0.0242600962497345,0.000238457104008362,0.3019,NA,0.279043815705366,Q9UDX3-124R/G
-1,0.0532821371057417,0.00100809086769089,0.2241,NA,0.186432695110031,A0A1B0GTH9-100R/Q
-1,0.0110188425319539,0.00162809006926158,0.1011,NA,0.166326317643618,Q49A92-245R/Q
-1,0.652900233503068,0.000104249740220329,0.4922,NA,0.64048610734037,Q5VXM1-244G/R
-1,0.882245663486463,2.34310673769942e-07,0.5554,NA,0.467551102181646,Q9P255-314C/Y
-1,0.0188713152846831,0.00047936472512084,0.0936,NA,0.207962014506971,O75691-502S/C
-1,0.458743251141375,0.000219855923594429,0.0902,NA,0.231007038210503,Q70Z53-251S/F
-1,0.334889164643958,0,0.3438,NA,0.197046433400227,A5A3E0-1071H/Y
-1,0.000822955152105424,0.000122729884354153,0.161,NA,0.346544305344837,A6NHA9-240S/F
