PhactBoost_Scores,UNIPROTKB,Positions,Ref_AA,Alt_AA
0.999999679127596,P37840,1,M,G
0.999999243657917,P37840,1,M,A
0.999998446722095,P37840,1,M,L
5.3815625751496e-05,P37840,1,M,M
0.999998742752163,P37840,1,M,F
0.999998589088596,P37840,1,M,W
0.999999678397148,P37840,1,M,K
0.999999486165393,P37840,1,M,Q
0.999999785969242,P37840,1,M,E
0.999999668116317,P37840,1,M,S
0.999999787537843,P37840,1,M,P
0.999998237689502,P37840,1,M,V
0.999998376478544,P37840,1,M,I
0.999998905456976,P37840,1,M,C
0.999998822212777,P37840,1,M,Y
0.999999523217234,P37840,1,M,H
0.999999618818561,P37840,1,M,R
0.999999709901483,P37840,1,M,N
0.999999783734284,P37840,1,M,D
0.999998909948838,P37840,1,M,T
0.999385406231005,P37840,2,D,G
0.995607056751737,P37840,2,D,A
0.999491311957297,P37840,2,D,L
0.997215708136788,P37840,2,D,M
0.999307658338339,P37840,2,D,F
0.999584977856709,P37840,2,D,W
0.999351641248275,P37840,2,D,K
0.998711827030378,P37840,2,D,Q
0.80312082432173,P37840,2,D,E
0.997611582716723,P37840,2,D,S
0.999838412792029,P37840,2,D,P
0.999613162343499,P37840,2,D,V
0.999544645052905,P37840,2,D,I
0.999060546598602,P37840,2,D,C
0.999719948820194,P37840,2,D,Y
0.998402308158911,P37840,2,D,H
0.999239288705562,P37840,2,D,R
0.998178180191446,P37840,2,D,N
0.000151397115587475,P37840,2,D,D
0.998158475191809,P37840,2,D,T
0.996373030540614,P37840,3,V,G
0.614441075604165,P37840,3,V,A
0.990066510584051,P37840,3,V,L
0.879972708779945,P37840,3,V,M
0.993770369505858,P37840,3,V,F
0.997559767317,P37840,3,V,W
0.998431386260959,P37840,3,V,K
0.994140016901483,P37840,3,V,Q
0.998514479121579,P37840,3,V,E
0.958150400988521,P37840,3,V,S
0.999246771630929,P37840,3,V,P
0.000268647944646826,P37840,3,V,V
0.908844574615136,P37840,3,V,I
0.997187779963578,P37840,3,V,C
0.997724564041476,P37840,3,V,Y
0.995306931903585,P37840,3,V,H
0.997636653710331,P37840,3,V,R
0.99710684351893,P37840,3,V,N
0.997903305063899,P37840,3,V,D
0.95977421790392,P37840,3,V,T
0.998056594903388,P37840,4,F,G
0.990415191052373,P37840,4,F,A
0.363094013023321,P37840,4,F,L
0.958485376642318,P37840,4,F,M
6.31743221590364e-05,P37840,4,F,F
0.994453792959297,P37840,4,F,W
0.999217110943419,P37840,4,F,K
0.998825536479345,P37840,4,F,Q
0.999249023679673,P37840,4,F,E
0.997105049881707,P37840,4,F,S
0.999752212582592,P37840,4,F,P
0.988701511318026,P37840,4,F,V
0.973898529561151,P37840,4,F,I
0.997388937321396,P37840,4,F,C
0.984867870568398,P37840,4,F,Y
0.996967101275987,P37840,4,F,H
0.99924087880542,P37840,4,F,R
0.998772738412636,P37840,4,F,N
0.999466792104397,P37840,4,F,D
0.995693200477556,P37840,4,F,T
0.999246463722638,P37840,5,M,G
0.996809449717431,P37840,5,M,A
0.982676706873093,P37840,5,M,L
1.04722042262992e-05,P37840,5,M,M
0.997592669461536,P37840,5,M,F
0.99781996929244,P37840,5,M,W
0.881899771370688,P37840,5,M,K
0.998298762778966,P37840,5,M,Q
0.999741156254204,P37840,5,M,E
0.998553664386823,P37840,5,M,S
0.999860066652354,P37840,5,M,P
0.991053400720515,P37840,5,M,V
0.934571387416027,P37840,5,M,I
0.997949707331705,P37840,5,M,C
0.997965121843291,P37840,5,M,Y
0.998864988598054,P37840,5,M,H
0.998299313694316,P37840,5,M,R
0.999411627139286,P37840,5,M,N
0.999539063191132,P37840,5,M,D
0.995150035255588,P37840,5,M,T
0.999781495827258,P37840,6,K,G
0.999043463942763,P37840,6,K,A
0.999835381580731,P37840,6,K,L
0.998308119789678,P37840,6,K,M
0.999723716636382,P37840,6,K,F
0.999846584015344,P37840,6,K,W
0.000241478896348716,P37840,6,K,K
0.999503753175142,P37840,6,K,Q
0.999786640908459,P37840,6,K,E
0.999556817849552,P37840,6,K,S
0.999954780583407,P37840,6,K,P
0.999727315488572,P37840,6,K,V
0.999811854599115,P37840,6,K,I
0.999749896748159,P37840,6,K,C
0.999872541683922,P37840,6,K,Y
0.999145575544689,P37840,6,K,H
0.998990512360322,P37840,6,K,R
0.999806896654593,P37840,6,K,N
0.999823531754407,P37840,6,K,D
0.999615697877905,P37840,6,K,T
0.000164105652042583,P37840,7,G,G
0.995627573475277,P37840,7,G,A
0.999707578634698,P37840,7,G,L
0.998811329509004,P37840,7,G,M
0.999711674485592,P37840,7,G,F
0.999876320273262,P37840,7,G,W
0.999733727060204,P37840,7,G,K
0.999662609446963,P37840,7,G,Q
0.999188293575897,P37840,7,G,E
0.999155068504617,P37840,7,G,S
0.999910561067728,P37840,7,G,P
0.999798688284659,P37840,7,G,V
0.999816654310179,P37840,7,G,I
0.999762664719853,P37840,7,G,C
0.999886469622661,P37840,7,G,Y
0.999548876545076,P37840,7,G,H
0.999837680749333,P37840,7,G,R
0.999582430465507,P37840,7,G,N
0.999628161419679,P37840,7,G,D
0.999534434155495,P37840,7,G,T
0.997750778619722,P37840,8,L,G
0.979766877640184,P37840,8,L,A
6.78135184973872e-05,P37840,8,L,L
0.931578815829226,P37840,8,L,M
0.343106001439616,P37840,8,L,F
0.991273260009094,P37840,8,L,W
0.998715452146318,P37840,8,L,K
0.9966192931709,P37840,8,L,Q
0.998559507564086,P37840,8,L,E
0.994300221628534,P37840,8,L,S
0.99959386943253,P37840,8,L,P
0.947884061279672,P37840,8,L,V
0.905891572526183,P37840,8,L,I
0.99397344132127,P37840,8,L,C
0.991751753023807,P37840,8,L,Y
0.995429939097951,P37840,8,L,H
0.998857420652841,P37840,8,L,R
0.997318195640598,P37840,8,L,N
0.999324920710868,P37840,8,L,D
0.972207211667528,P37840,8,L,T
0.987716313704908,P37840,9,S,G
0.934777427712683,P37840,9,S,A
0.994673331208973,P37840,9,S,L
0.974269877102746,P37840,9,S,M
0.995812115445499,P37840,9,S,F
0.995112288853942,P37840,9,S,W
0.991059734372816,P37840,9,S,K
0.985285155919765,P37840,9,S,Q
0.966989718625149,P37840,9,S,E
0.000264650464949113,P37840,9,S,S
0.997706838761284,P37840,9,S,P
0.993579316513185,P37840,9,S,V
0.996950943472418,P37840,9,S,I
0.985758668948983,P37840,9,S,C
0.995240423345997,P37840,9,S,Y
0.983609294497841,P37840,9,S,H
0.991788286608162,P37840,9,S,R
0.959284292095284,P37840,9,S,N
0.990600492220523,P37840,9,S,D
0.839845712040669,P37840,9,S,T
0.992269967167192,P37840,10,K,G
0.961152254064872,P37840,10,K,A
0.991851040610553,P37840,10,K,L
0.414632999934801,P37840,10,K,M
0.978819159339014,P37840,10,K,F
0.99384670713097,P37840,10,K,W
8.38274504674629e-05,P37840,10,K,K
0.974311641943773,P37840,10,K,Q
0.993965744738818,P37840,10,K,E
0.971056851552047,P37840,10,K,S
0.998821593191719,P37840,10,K,P
0.980961222381212,P37840,10,K,V
0.721072302854688,P37840,10,K,I
0.988175498658019,P37840,10,K,C
0.993677309369988,P37840,10,K,Y
0.966640466583409,P37840,10,K,H
0.685210032795501,P37840,10,K,R
0.983814300964022,P37840,10,K,N
0.99303600926587,P37840,10,K,D
0.973890908139152,P37840,10,K,T
0.999428767614216,P37840,11,A,G
0.000359941720831016,P37840,11,A,A
0.999781702563338,P37840,11,A,L
0.999565355370378,P37840,11,A,M
0.9998294885658,P37840,11,A,F
0.999816731135502,P37840,11,A,W
0.999890527677314,P37840,11,A,K
0.999852625033616,P37840,11,A,Q
0.999949363883266,P37840,11,A,E
0.999410404352373,P37840,11,A,S
0.999975037918081,P37840,11,A,P
0.999490073190778,P37840,11,A,V
0.999772274371248,P37840,11,A,I
0.999792981994555,P37840,11,A,C
0.999828859589107,P37840,11,A,Y
0.999840630324766,P37840,11,A,H
0.999878784630864,P37840,11,A,R
0.999854635701732,P37840,11,A,N
0.999909339196144,P37840,11,A,D
0.999411498279188,P37840,11,A,T
0.999681144987271,P37840,12,K,G
0.998526068619622,P37840,12,K,A
0.999654103936843,P37840,12,K,L
0.997288104305682,P37840,12,K,M
0.999520922413197,P37840,12,K,F
0.999740165224253,P37840,12,K,W
7.81223201806581e-05,P37840,12,K,K
0.999194432646175,P37840,12,K,Q
0.999734526800483,P37840,12,K,E
0.99922416436543,P37840,12,K,S
0.999927516856423,P37840,12,K,P
0.999390598951109,P37840,12,K,V
0.999579160173009,P37840,12,K,I
0.999598070800352,P37840,12,K,C
0.999734006906925,P37840,12,K,Y
0.998592611567327,P37840,12,K,H
0.961616826830946,P37840,12,K,R
0.999640966464929,P37840,12,K,N
0.999678827759389,P37840,12,K,D
0.999319761170975,P37840,12,K,T
0.994015886040641,P37840,13,E,G
0.895531863389334,P37840,13,E,A
0.996833447777961,P37840,13,E,L
0.972453852328547,P37840,13,E,M
0.995707562987746,P37840,13,E,F
0.997005470781964,P37840,13,E,W
0.99372494005374,P37840,13,E,K
0.978301372306761,P37840,13,E,Q
9.94296460882624e-05,P37840,13,E,E
0.97243863714029,P37840,13,E,S
0.998156251323737,P37840,13,E,P
0.991960756624282,P37840,13,E,V
0.994758789512818,P37840,13,E,I
0.992554304296928,P37840,13,E,C
0.997038869217512,P37840,13,E,Y
0.983066122817052,P37840,13,E,H
0.991106379438716,P37840,13,E,R
0.98861163105913,P37840,13,E,N
0.518539536732318,P37840,13,E,D
0.980452228364578,P37840,13,E,T
0.00011396047930407,P37840,14,G,G
0.995345794421405,P37840,14,G,A
0.999694675658399,P37840,14,G,L
0.998914304268362,P37840,14,G,M
0.999725306411481,P37840,14,G,F
0.999860821424854,P37840,14,G,W
0.999726939383478,P37840,14,G,K
0.999675940122902,P37840,14,G,Q
0.997550820559902,P37840,14,G,E
0.998640723895651,P37840,14,G,S
0.999917839904068,P37840,14,G,P
0.999842359091757,P37840,14,G,V
0.99986640827911,P37840,14,G,I
0.999745934968221,P37840,14,G,C
0.999906029159432,P37840,14,G,Y
0.999569686183168,P37840,14,G,H
0.999768291032339,P37840,14,G,R
0.999453930708302,P37840,14,G,N
0.999684095458633,P37840,14,G,D
0.999357558561828,P37840,14,G,T
0.999789514724923,P37840,15,V,G
0.998329144464455,P37840,15,V,A
0.998834720205097,P37840,15,V,L
0.962986934934431,P37840,15,V,M
0.999120898399035,P37840,15,V,F
0.999296418670713,P37840,15,V,W
0.999804754545268,P37840,15,V,K
0.99949482477594,P37840,15,V,Q
0.999885350759109,P37840,15,V,E
0.999249548790596,P37840,15,V,S
0.999920925182709,P37840,15,V,P
7.41302929838219e-05,P37840,15,V,V
0.979298441374521,P37840,15,V,I
0.999519907373788,P37840,15,V,C
0.999500561584152,P37840,15,V,Y
0.999514169676577,P37840,15,V,H
0.999758128338033,P37840,15,V,R
0.99974539947917,P37840,15,V,N
0.999833022671139,P37840,15,V,D
0.998955634453629,P37840,15,V,T
0.999499905416163,P37840,16,V,G
0.927603274401899,P37840,16,V,A
0.998265590069698,P37840,16,V,L
0.996852570448737,P37840,16,V,M
0.999087297940113,P37840,16,V,F
0.999164814951577,P37840,16,V,W
0.999757231309104,P37840,16,V,K
0.999286439528793,P37840,16,V,Q
0.999829836984305,P37840,16,V,E
0.998838668572016,P37840,16,V,S
0.999862399282511,P37840,16,V,P
0.000114105556195017,P37840,16,V,V
0.979500180565745,P37840,16,V,I
0.999460242478712,P37840,16,V,C
0.999459087760533,P37840,16,V,Y
0.999289052505015,P37840,16,V,H
0.999410142310433,P37840,16,V,R
0.999586641970882,P37840,16,V,N
0.999705844374114,P37840,16,V,D
0.997223765855185,P37840,16,V,T
0.887226968872463,P37840,17,A,G
5.76667596196639e-05,P37840,17,A,A
0.963020316168142,P37840,17,A,L
0.987713461259281,P37840,17,A,M
0.996348340733506,P37840,17,A,F
0.998054218413263,P37840,17,A,W
0.997821417158936,P37840,17,A,K
0.995515325304445,P37840,17,A,Q
0.997885574070966,P37840,17,A,E
0.972180004723014,P37840,17,A,S
0.999576588859981,P37840,17,A,P
0.961761442605521,P37840,17,A,V
0.993179829637252,P37840,17,A,I
0.992856998643882,P37840,17,A,C
0.997436532795827,P37840,17,A,Y
0.996176179850164,P37840,17,A,H
0.997372801424443,P37840,17,A,R
0.996438138550035,P37840,17,A,N
0.996215249983375,P37840,17,A,D
0.860796760161577,P37840,17,A,T
0.998478732849904,P37840,18,A,G
0.000278401244407409,P37840,18,A,A
0.999572728146043,P37840,18,A,L
0.999106994213148,P37840,18,A,M
0.999629951591271,P37840,18,A,F
0.999632885728541,P37840,18,A,W
0.999825818945824,P37840,18,A,K
0.999676738787433,P37840,18,A,Q
0.999918608702872,P37840,18,A,E
0.998540835722152,P37840,18,A,S
0.999955179536023,P37840,18,A,P
0.997239097122457,P37840,18,A,V
0.99941980349734,P37840,18,A,I
0.999625785677628,P37840,18,A,C
0.999700310820568,P37840,18,A,Y
0.99972427514248,P37840,18,A,H
0.999799905794786,P37840,18,A,R
0.999749093530815,P37840,18,A,N
0.999791169373624,P37840,18,A,D
0.999331513747389,P37840,18,A,T
0.996837350989124,P37840,19,A,G
0.000164066648811494,P37840,19,A,A
0.99917964942055,P37840,19,A,L
0.998162276620574,P37840,19,A,M
0.999362572294942,P37840,19,A,F
0.999391322340938,P37840,19,A,W
0.999693864476122,P37840,19,A,K
0.999392265225112,P37840,19,A,Q
0.999850690391186,P37840,19,A,E
0.996800674630858,P37840,19,A,S
0.999928986925338,P37840,19,A,P
0.98811909359804,P37840,19,A,V
0.998835135225653,P37840,19,A,I
0.999238662094361,P37840,19,A,C
0.999463235813402,P37840,19,A,Y
0.999493259736622,P37840,19,A,H
0.999652545769765,P37840,19,A,R
0.99958644818168,P37840,19,A,N
0.999641699246102,P37840,19,A,D
0.998802603019108,P37840,19,A,T
0.99978403636957,P37840,20,E,G
0.997661695515842,P37840,20,E,A
0.999728697541083,P37840,20,E,L
0.998812198979666,P37840,20,E,M
0.999592499803962,P37840,20,E,F
0.999608697766101,P37840,20,E,W
0.999721861812196,P37840,20,E,K
0.999308464663129,P37840,20,E,Q
9.90056489184931e-05,P37840,20,E,E
0.999595754168027,P37840,20,E,S
0.999877148430958,P37840,20,E,P
0.999433741190899,P37840,20,E,V
0.999575744974675,P37840,20,E,I
0.999675454658279,P37840,20,E,C
0.99968812432589,P37840,20,E,Y
0.999379080624549,P37840,20,E,H
0.999568203698303,P37840,20,E,R
0.999528090766749,P37840,20,E,N
0.998974009328494,P37840,20,E,D
0.999592398834905,P37840,20,E,T
0.999845411066519,P37840,21,K,G
0.999432146413543,P37840,21,K,A
0.999827185533371,P37840,21,K,L
0.997758070338477,P37840,21,K,M
0.999703170120763,P37840,21,K,F
0.999820854349988,P37840,21,K,W
0.0001228322702315,P37840,21,K,K
0.9996161652568,P37840,21,K,Q
0.999880127267788,P37840,21,K,E
0.999777708203205,P37840,21,K,S
0.999962584216179,P37840,21,K,P
0.99974213820821,P37840,21,K,V
0.999834224203973,P37840,21,K,I
0.999744055682678,P37840,21,K,C
0.999850832810839,P37840,21,K,Y
0.999346325840322,P37840,21,K,H
0.995943191940375,P37840,21,K,R
0.99988619862367,P37840,21,K,N
0.999868718802527,P37840,21,K,D
0.999785423676868,P37840,21,K,T
0.999872313089617,P37840,22,T,G
0.99957417108612,P37840,22,T,A
0.999768909655339,P37840,22,T,L
0.999453167438782,P37840,22,T,M
0.999798184578094,P37840,22,T,F
0.999837602640392,P37840,22,T,W
0.99975813475212,P37840,22,T,K
0.999758631919742,P37840,22,T,Q
0.999904991734731,P37840,22,T,E
0.999801703972059,P37840,22,T,S
0.999979482491403,P37840,22,T,P
0.999687606287053,P37840,22,T,V
0.999814697475242,P37840,22,T,I
0.999878339363364,P37840,22,T,C
0.999851223817695,P37840,22,T,Y
0.999759180537109,P37840,22,T,H
0.999809034766943,P37840,22,T,R
0.999869092530494,P37840,22,T,N
0.999939664386696,P37840,22,T,D
0.0004695877849124,P37840,22,T,T
0.999951441157443,P37840,23,K,G
0.999810922851344,P37840,23,K,A
0.999950788516955,P37840,23,K,L
0.99960438272886,P37840,23,K,M
0.999917832550755,P37840,23,K,F
0.999950413724847,P37840,23,K,W
0.000246587532694772,P37840,23,K,K
0.99989142079096,P37840,23,K,Q
0.999969372455467,P37840,23,K,E
0.999908154459459,P37840,23,K,S
0.999989475732492,P37840,23,K,P
0.99992594400431,P37840,23,K,V
0.999948918097466,P37840,23,K,I
0.999923629947278,P37840,23,K,C
0.999961664630414,P37840,23,K,Y
0.999832016529419,P37840,23,K,H
0.999461012220504,P37840,23,K,R
0.999963778067138,P37840,23,K,N
0.999967615675956,P37840,23,K,D
0.999924649813703,P37840,23,K,T
0.999525740481036,P37840,24,Q,G
0.985235882033547,P37840,24,Q,A
0.998247907390238,P37840,24,Q,L
0.993627322720014,P37840,24,Q,M
0.997853262401385,P37840,24,Q,F
0.997654401692706,P37840,24,Q,W
0.99915228026045,P37840,24,Q,K
0.000106874492866677,P37840,24,Q,Q
0.974238485676582,P37840,24,Q,E
0.997791567827473,P37840,24,Q,S
0.999814940748185,P37840,24,Q,P
0.997526591354859,P37840,24,Q,V
0.997433652636806,P37840,24,Q,I
0.998369899496566,P37840,24,Q,C
0.998475264762839,P37840,24,Q,Y
0.987550221976813,P37840,24,Q,H
0.998646248007323,P37840,24,Q,R
0.998841447676677,P37840,24,Q,N
0.999332843793852,P37840,24,Q,D
0.998107267127662,P37840,24,Q,T
0.000119163939208398,P37840,25,G,G
0.997889089708559,P37840,25,G,A
0.999884315403579,P37840,25,G,L
0.99950710856891,P37840,25,G,M
0.999888494772494,P37840,25,G,F
0.999946026887328,P37840,25,G,W
0.999895434282817,P37840,25,G,K
0.999881111436429,P37840,25,G,Q
0.99966606985087,P37840,25,G,E
0.999730209945874,P37840,25,G,S
0.999965556976974,P37840,25,G,P
0.9999255515212,P37840,25,G,V
0.999936260057442,P37840,25,G,I
0.999915323975689,P37840,25,G,C
0.999963734901953,P37840,25,G,Y
0.999843675527889,P37840,25,G,H
0.999930747959168,P37840,25,G,R
0.999868470652245,P37840,25,G,N
0.999859253798779,P37840,25,G,D
0.999846856279075,P37840,25,G,T
0.999900760696929,P37840,26,V,G
0.999119074635146,P37840,26,V,A
0.999452413454319,P37840,26,V,L
0.964146203909167,P37840,26,V,M
0.999651079924614,P37840,26,V,F
0.999716470998897,P37840,26,V,W
0.999906120880652,P37840,26,V,K
0.999757059445839,P37840,26,V,Q
0.999944875954494,P37840,26,V,E
0.999679770920034,P37840,26,V,S
0.999959136075791,P37840,26,V,P
6.88280526899459e-05,P37840,26,V,V
0.994619184954698,P37840,26,V,I
0.999804605814603,P37840,26,V,C
0.999783586205167,P37840,26,V,Y
0.999766364824378,P37840,26,V,H
0.9998846568984,P37840,26,V,R
0.999878585986076,P37840,26,V,N
0.999919714113156,P37840,26,V,D
0.999449634577032,P37840,26,V,T
0.89579352381524,P37840,27,A,G
9.13352645549638e-05,P37840,27,A,A
0.994483403091255,P37840,27,A,L
0.987066336717568,P37840,27,A,M
0.996493750238312,P37840,27,A,F
0.996212094973717,P37840,27,A,W
0.997080878552064,P37840,27,A,K
0.986568738455054,P37840,27,A,Q
0.993539479693383,P37840,27,A,E
0.827268083132952,P37840,27,A,S
0.999661606417228,P37840,27,A,P
0.98426007820302,P37840,27,A,V
0.978995690917173,P37840,27,A,I
0.990588611760136,P37840,27,A,C
0.997484375111567,P37840,27,A,Y
0.995598226193617,P37840,27,A,H
0.997301807494443,P37840,27,A,R
0.996893252171527,P37840,27,A,N
0.997811043745531,P37840,27,A,D
0.71713099976048,P37840,27,A,T
0.994104963885619,P37840,28,E,G
0.884454439938354,P37840,28,E,A
0.995111759544879,P37840,28,E,L
0.972700624192277,P37840,28,E,M
0.994337173799094,P37840,28,E,F
0.994322336008569,P37840,28,E,W
0.996291022801288,P37840,28,E,K
0.984508123092582,P37840,28,E,Q
7.98250946316285e-05,P37840,28,E,E
0.971207936189848,P37840,28,E,S
0.998519239032113,P37840,28,E,P
0.972642428568797,P37840,28,E,V
0.992060201102727,P37840,28,E,I
0.994964208514256,P37840,28,E,C
0.996550760155637,P37840,28,E,Y
0.98736248016684,P37840,28,E,H
0.993940721288534,P37840,28,E,R
0.990906959249526,P37840,28,E,N
0.91914904343482,P37840,28,E,D
0.984107647470585,P37840,28,E,T
0.997957446457536,P37840,29,A,G
0.000401587233563221,P37840,29,A,A
0.999630524855749,P37840,29,A,L
0.999384256360653,P37840,29,A,M
0.999708821301146,P37840,29,A,F
0.999680225806415,P37840,29,A,W
0.999805451325403,P37840,29,A,K
0.999714981458743,P37840,29,A,Q
0.999928838473189,P37840,29,A,E
0.999105561104923,P37840,29,A,S
0.999962089567334,P37840,29,A,P
0.999090967571283,P37840,29,A,V
0.999579095040417,P37840,29,A,I
0.99959469939708,P37840,29,A,C
0.999713582607323,P37840,29,A,Y
0.999747588434266,P37840,29,A,H
0.999786575519341,P37840,29,A,R
0.999762325561044,P37840,29,A,N
0.999866945896381,P37840,29,A,D
0.999512818074681,P37840,29,A,T
0.999303082152446,P37840,30,A,G
0.000309015228527643,P37840,30,A,A
0.999585798663626,P37840,30,A,L
0.999249802668425,P37840,30,A,M
0.999767295632037,P37840,30,A,F
0.999760950784275,P37840,30,A,W
0.999800229438999,P37840,30,A,K
0.999686111077576,P37840,30,A,Q
0.999908423839273,P37840,30,A,E
0.997520999293255,P37840,30,A,S
0.999962650627338,P37840,30,A,P
0.999167327219967,P37840,30,A,V
0.9995091113168,P37840,30,A,I
0.999668697575813,P37840,30,A,C
0.999771911524598,P37840,30,A,Y
0.999726945262521,P37840,30,A,H
0.999760110757547,P37840,30,A,R
0.999728086300767,P37840,30,A,N
0.9998307460355,P37840,30,A,D
0.99869879765764,P37840,30,A,T
0.000114604163635448,P37840,31,G,G
0.610215899694829,P37840,31,G,A
0.921990128754655,P37840,31,G,L
0.856470320330182,P37840,31,G,M
0.97888813597924,P37840,31,G,F
0.990043645423636,P37840,31,G,W
0.966700931327651,P37840,31,G,K
0.956237955247374,P37840,31,G,Q
0.134493417305745,P37840,31,G,E
0.773439261843342,P37840,31,G,S
0.992634962248201,P37840,31,G,P
0.980411018247962,P37840,31,G,V
0.984831502654722,P37840,31,G,I
0.96921037794539,P37840,31,G,C
0.992975341119486,P37840,31,G,Y
0.90623860795623,P37840,31,G,H
0.963582529285364,P37840,31,G,R
0.798785652930214,P37840,31,G,N
0.941881013410117,P37840,31,G,D
0.84923601922297,P37840,31,G,T
0.998023454987403,P37840,32,K,G
0.993337018290048,P37840,32,K,A
0.99429300044665,P37840,32,K,L
0.945521500966481,P37840,32,K,M
0.995982496154544,P37840,32,K,F
0.998011288223677,P37840,32,K,W
4.46548999937347e-05,P37840,32,K,K
0.993205890433243,P37840,32,K,Q
0.998240104661417,P37840,32,K,E
0.997162799645081,P37840,32,K,S
0.999696526221841,P37840,32,K,P
0.995505560970531,P37840,32,K,V
0.996645774799057,P37840,32,K,I
0.996924447758233,P37840,32,K,C
0.998274815211952,P37840,32,K,Y
0.986705704386831,P37840,32,K,H
0.827109642188171,P37840,32,K,R
0.997488640330447,P37840,32,K,N
0.997892655815473,P37840,32,K,D
0.997450194606733,P37840,32,K,T
0.999854619665464,P37840,33,T,G
0.999548802763466,P37840,33,T,A
0.999736891510025,P37840,33,T,L
0.999377429661351,P37840,33,T,M
0.999770221614335,P37840,33,T,F
0.999815100319784,P37840,33,T,W
0.999724624128213,P37840,33,T,K
0.999725190159873,P37840,33,T,Q
0.999891826061881,P37840,33,T,E
0.999789887839417,P37840,33,T,S
0.999976639057541,P37840,33,T,P
0.999668993512822,P37840,33,T,V
0.999789022008154,P37840,33,T,I
0.999861480877151,P37840,33,T,C
0.999830608573153,P37840,33,T,Y
0.999725814767812,P37840,33,T,H
0.999782574847172,P37840,33,T,R
0.999861291413592,P37840,33,T,N
0.999931303110905,P37840,33,T,D
0.000453668996166591,P37840,33,T,T
0.999547105885752,P37840,34,K,G
0.997834119260299,P37840,34,K,A
0.999512368969596,P37840,34,K,L
0.996343837835205,P37840,34,K,M
0.999369096371936,P37840,34,K,F
0.999657978603103,P37840,34,K,W
7.85720358612388e-05,P37840,34,K,K
0.998865054741382,P37840,34,K,Q
0.99963380723435,P37840,34,K,E
0.998912841598238,P37840,34,K,S
0.999914769123788,P37840,34,K,P
0.999178394340524,P37840,34,K,V
0.999423239655145,P37840,34,K,I
0.999463348557296,P37840,34,K,C
0.999621740158937,P37840,34,K,Y
0.998302607531955,P37840,34,K,H
0.876414333159171,P37840,34,K,R
0.99953692873064,P37840,34,K,N
0.999577694734318,P37840,34,K,D
0.999030382665693,P37840,34,K,T
0.998268407314157,P37840,35,E,G
0.975423711897718,P37840,35,E,A
0.998662026496624,P37840,35,E,L
0.992302062232155,P37840,35,E,M
0.99789479676444,P37840,35,E,F
0.997935400850195,P37840,35,E,W
0.998374284329577,P37840,35,E,K
0.995566449668531,P37840,35,E,Q
8.84662769841707e-05,P37840,35,E,E
0.993797629826872,P37840,35,E,S
0.99951965140453,P37840,35,E,P
0.996847883670414,P37840,35,E,V
0.997700917699972,P37840,35,E,I
0.997799452354379,P37840,35,E,C
0.998559584761755,P37840,35,E,Y
0.989914522931613,P37840,35,E,H
0.997297248574675,P37840,35,E,R
0.995402940437766,P37840,35,E,N
0.793824433810039,P37840,35,E,D
0.99410564835852,P37840,35,E,T
0.000113577106041733,P37840,36,G,G
0.998197462585533,P37840,36,G,A
0.999899814653308,P37840,36,G,L
0.999573123852092,P37840,36,G,M
0.999903434130685,P37840,36,G,F
0.999953258510987,P37840,36,G,W
0.999909443976601,P37840,36,G,K
0.999897039904697,P37840,36,G,Q
0.999710800857098,P37840,36,G,E
0.999769684372699,P37840,36,G,S
0.999970171926545,P37840,36,G,P
0.999935526373621,P37840,36,G,V
0.999944800224108,P37840,36,G,I
0.999926669047851,P37840,36,G,C
0.999968593979928,P37840,36,G,Y
0.999864618910347,P37840,36,G,H
0.999940026617471,P37840,36,G,R
0.99988771768715,P37840,36,G,N
0.999878110355631,P37840,36,G,D
0.999867373580758,P37840,36,G,T
0.999957172469407,P37840,37,V,G
0.999725566647139,P37840,37,V,A
0.999836750025525,P37840,37,V,L
0.998770765935434,P37840,37,V,M
0.999850750201169,P37840,37,V,F
0.999867488787589,P37840,37,V,W
0.999965561796545,P37840,37,V,K
0.999905321791788,P37840,37,V,Q
0.999974784653097,P37840,37,V,E
0.999893497893816,P37840,37,V,S
0.999979628322632,P37840,37,V,P
9.56291532195534e-05,P37840,37,V,V
0.998166574222276,P37840,37,V,I
0.999921832664059,P37840,37,V,C
0.999917580828205,P37840,37,V,Y
0.999919140333277,P37840,37,V,H
0.999957191054208,P37840,37,V,R
0.999954971786051,P37840,37,V,N
0.999966316316194,P37840,37,V,D
0.999862200814231,P37840,37,V,T
0.999611171598618,P37840,38,L,G
0.994700210644771,P37840,38,L,A
3.44069628112804e-05,P37840,38,L,L
0.13605533864366,P37840,38,L,M
0.888448729065982,P37840,38,L,F
0.996483546117735,P37840,38,L,W
0.998614619548632,P37840,38,L,K
0.998704294271708,P37840,38,L,Q
0.999707693143445,P37840,38,L,E
0.998684640140439,P37840,38,L,S
0.999916288151627,P37840,38,L,P
0.965398119945063,P37840,38,L,V
0.44282128194062,P37840,38,L,I
0.997910929227701,P37840,38,L,C
0.997587769171712,P37840,38,L,Y
0.99871360600235,P37840,38,L,H
0.998813294169212,P37840,38,L,R
0.999065558565155,P37840,38,L,N
0.999855283554452,P37840,38,L,D
0.995597023644145,P37840,38,L,T
0.999897734420743,P37840,39,Y,G
0.99923670260413,P37840,39,Y,A
0.998537125302711,P37840,39,Y,L
0.99551112503776,P37840,39,Y,M
0.895699981579002,P37840,39,Y,F
0.996697017650615,P37840,39,Y,W
0.999913809862784,P37840,39,Y,K
0.999567725374957,P37840,39,Y,Q
0.999940078313142,P37840,39,Y,E
0.999757651352289,P37840,39,Y,S
0.99996124866401,P37840,39,Y,P
0.998284416713907,P37840,39,Y,V
0.998720944613486,P37840,39,Y,I
0.999037430110292,P37840,39,Y,C
8.08541406090663e-05,P37840,39,Y,Y
0.998842815176402,P37840,39,Y,H
0.999781904528903,P37840,39,Y,R
0.999817960561196,P37840,39,Y,N
0.999940531310332,P37840,39,Y,D
0.998783270312115,P37840,39,Y,T
0.999832889825571,P37840,40,V,G
0.998344607026431,P37840,40,V,A
0.999337761780601,P37840,40,V,L
0.897040969398132,P37840,40,V,M
0.99953649403358,P37840,40,V,F
0.999603046385495,P37840,40,V,W
0.999847144464335,P37840,40,V,K
0.999508958630245,P37840,40,V,Q
0.999900608425324,P37840,40,V,E
0.99922619833898,P37840,40,V,S
0.999946009992053,P37840,40,V,P
3.12937523581582e-05,P37840,40,V,V
0.990892675891885,P37840,40,V,I
0.999672966830785,P37840,40,V,C
0.99968103370948,P37840,40,V,Y
0.999617549108873,P37840,40,V,H
0.999768071904392,P37840,40,V,R
0.999796742834225,P37840,40,V,N
0.999852911688139,P37840,40,V,D
0.998982283425345,P37840,40,V,T
0.000154998780830394,P37840,41,G,G
0.977983728993404,P37840,41,G,A
0.998692749161471,P37840,41,G,L
0.995693292840243,P37840,41,G,M
0.998735352500189,P37840,41,G,F
0.999521798246394,P37840,41,G,W
0.999040035418962,P37840,41,G,K
0.998795031668143,P37840,41,G,Q
0.997314058328083,P37840,41,G,E
0.995260066273703,P37840,41,G,S
0.999792721914902,P37840,41,G,P
0.999085560225896,P37840,41,G,V
0.999133697505611,P37840,41,G,I
0.997988584117595,P37840,41,G,C
0.999553706661654,P37840,41,G,Y
0.99821408793573,P37840,41,G,H
0.999012311059593,P37840,41,G,R
0.998128583383363,P37840,41,G,N
0.998860874571419,P37840,41,G,D
0.997770483165299,P37840,41,G,T
0.971471149359869,P37840,42,S,G
0.246856678295833,P37840,42,S,A
0.988853184250424,P37840,42,S,L
0.949490988385841,P37840,42,S,M
0.993929337964944,P37840,42,S,F
0.992656648437849,P37840,42,S,W
0.962681069992464,P37840,42,S,K
0.978185021172657,P37840,42,S,Q
0.973869663433146,P37840,42,S,E
0.000264967757652815,P37840,42,S,S
0.996672942046646,P37840,42,S,P
0.888821086627827,P37840,42,S,V
0.992765079779234,P37840,42,S,I
0.979554323487745,P37840,42,S,C
0.993473347811855,P37840,42,S,Y
0.973502152184488,P37840,42,S,H
0.979985653877031,P37840,42,S,R
0.685862046344379,P37840,42,S,N
0.953364002076385,P37840,42,S,D
0.584660611994863,P37840,42,S,T
0.971613604197616,P37840,43,K,G
0.874208755800957,P37840,43,K,A
0.95767531929985,P37840,43,K,L
0.745008252706971,P37840,43,K,M
0.953282586912897,P37840,43,K,F
0.963141100171002,P37840,43,K,W
9.92319263051985e-05,P37840,43,K,K
0.868694949875908,P37840,43,K,Q
0.980949721654667,P37840,43,K,E
0.888739751872226,P37840,43,K,S
0.992131507628593,P37840,43,K,P
0.937033624588492,P37840,43,K,V
0.951506233071496,P37840,43,K,I
0.948572367318765,P37840,43,K,C
0.969214496420606,P37840,43,K,Y
0.803733993708188,P37840,43,K,H
0.0755481457126578,P37840,43,K,R
0.955988935844471,P37840,43,K,N
0.959909409466137,P37840,43,K,D
0.898234020740665,P37840,43,K,T
0.998741111606134,P37840,44,T,G
0.994533503492607,P37840,44,T,A
0.998338485105913,P37840,44,T,L
0.994961806606829,P37840,44,T,M
0.998589834585855,P37840,44,T,F
0.998739823114125,P37840,44,T,W
0.998398297636691,P37840,44,T,K
0.998503245616152,P37840,44,T,Q
0.998706824791091,P37840,44,T,E
0.996792705287004,P37840,44,T,S
0.999862873851084,P37840,44,T,P
0.996885989273788,P37840,44,T,V
0.998120990041441,P37840,44,T,I
0.99642956432469,P37840,44,T,C
0.999364910485128,P37840,44,T,Y
0.998281669698385,P37840,44,T,H
0.998837164147814,P37840,44,T,R
0.998638948040182,P37840,44,T,N
0.99954269744791,P37840,44,T,D
0.000240930733736734,P37840,44,T,T
0.963641585008609,P37840,45,K,G
0.699765436553781,P37840,45,K,A
0.951699628713983,P37840,45,K,L
0.490649554405069,P37840,45,K,M
0.945911630660488,P37840,45,K,F
0.976965210382529,P37840,45,K,W
9.71666202449494e-05,P37840,45,K,K
0.881755667965962,P37840,45,K,Q
0.983056648542688,P37840,45,K,E
0.863257992765874,P37840,45,K,S
0.993179967850765,P37840,45,K,P
0.609901724875592,P37840,45,K,V
0.911658724138302,P37840,45,K,I
0.947027509658162,P37840,45,K,C
0.977734333094503,P37840,45,K,Y
0.827687050343623,P37840,45,K,H
0.0737465749018179,P37840,45,K,R
0.97430001182461,P37840,45,K,N
0.971124157570236,P37840,45,K,D
0.854627581779732,P37840,45,K,T
0.969025402468023,P37840,46,E,G
0.815065500209733,P37840,46,E,A
0.977895895739836,P37840,46,E,L
0.884719255412013,P37840,46,E,M
0.957136029204567,P37840,46,E,F
0.988141451963139,P37840,46,E,W
0.967818042552376,P37840,46,E,K
0.792689484012108,P37840,46,E,Q
9.77608733372244e-05,P37840,46,E,E
0.858436261789931,P37840,46,E,S
0.994281843547888,P37840,46,E,P
0.967885150034599,P37840,46,E,V
0.983501183344781,P37840,46,E,I
0.971445509336719,P37840,46,E,C
0.988086635436158,P37840,46,E,Y
0.838332596857706,P37840,46,E,H
0.967882015561712,P37840,46,E,R
0.922378183738027,P37840,46,E,N
0.285102995253205,P37840,46,E,D
0.908751322763812,P37840,46,E,T
9.63972520765764e-05,P37840,47,G,G
0.952297844913393,P37840,47,G,A
0.997230435788782,P37840,47,G,L
0.99040979414783,P37840,47,G,M
0.997367516860285,P37840,47,G,F
0.998834847735563,P37840,47,G,W
0.994916898409897,P37840,47,G,K
0.995353639860039,P37840,47,G,Q
0.984552729957457,P37840,47,G,E
0.854324047825791,P37840,47,G,S
0.999024321291026,P37840,47,G,P
0.996070467658334,P37840,47,G,V
0.998610372918358,P37840,47,G,I
0.983459350488544,P37840,47,G,C
0.998839906697208,P37840,47,G,Y
0.994348823433667,P37840,47,G,H
0.995478913618146,P37840,47,G,R
0.951500140858208,P37840,47,G,N
0.986065875972734,P37840,47,G,D
0.974168284077187,P37840,47,G,T
0.999067080231418,P37840,48,V,G
0.949424082643003,P37840,48,V,A
0.985660922294033,P37840,48,V,L
0.956275288806938,P37840,48,V,M
0.995630455017462,P37840,48,V,F
0.998343240020175,P37840,48,V,W
0.999160028137446,P37840,48,V,K
0.997971101817037,P37840,48,V,Q
0.999600105639814,P37840,48,V,E
0.991989614144395,P37840,48,V,S
0.999735087524538,P37840,48,V,P
0.000121263950496872,P37840,48,V,V
0.925818932542212,P37840,48,V,I
0.998849763278568,P37840,48,V,C
0.99885556601007,P37840,48,V,Y
0.998277007948572,P37840,48,V,H
0.998654002638616,P37840,48,V,R
0.998775105416322,P37840,48,V,N
0.999168876465697,P37840,48,V,D
0.995035847508412,P37840,48,V,T
0.999117493918006,P37840,49,V,G
0.988082308048355,P37840,49,V,A
0.976604036284826,P37840,49,V,L
0.988932983517692,P37840,49,V,M
0.987231200975294,P37840,49,V,F
0.998923559329705,P37840,49,V,W
0.999353316717214,P37840,49,V,K
0.998313950446824,P37840,49,V,Q
0.999675357114763,P37840,49,V,E
0.97913922629699,P37840,49,V,S
0.999549098597627,P37840,49,V,P
9.41090114266028e-05,P37840,49,V,V
0.8231516477456,P37840,49,V,I
0.998916322773434,P37840,49,V,C
0.997829439577698,P37840,49,V,Y
0.997734239340253,P37840,49,V,H
0.999012298987691,P37840,49,V,R
0.999406905827942,P37840,49,V,N
0.999622842399537,P37840,49,V,D
0.991155731041468,P37840,49,V,T
0.984942156294166,P37840,50,H,G
0.804346019889485,P37840,50,H,A
0.956837099626153,P37840,50,H,L
0.965739853412812,P37840,50,H,M
0.988065879624494,P37840,50,H,F
0.988831493514845,P37840,50,H,W
0.990963395223156,P37840,50,H,K
0.34446540958604,P37840,50,H,Q
0.990105198041078,P37840,50,H,E
0.718598418150947,P37840,50,H,S
0.998886333822258,P37840,50,H,P
0.964426449857291,P37840,50,H,V
0.938097301747671,P37840,50,H,I
0.987477589055488,P37840,50,H,C
0.983074067454304,P37840,50,H,Y
4.67005689456964e-05,P37840,50,H,H
0.985805026494835,P37840,50,H,R
0.956676870355373,P37840,50,H,N
0.990967143468007,P37840,50,H,D
0.853588563009855,P37840,50,H,T
7.22090142557559e-05,P37840,51,G,G
0.904411822106329,P37840,51,G,A
0.992760783753713,P37840,51,G,L
0.975898387450425,P37840,51,G,M
0.987682885548861,P37840,51,G,F
0.997881904205405,P37840,51,G,W
0.991213829720416,P37840,51,G,K
0.968089378665571,P37840,51,G,Q
0.966713348107609,P37840,51,G,E
0.530560988148918,P37840,51,G,S
0.998178500632267,P37840,51,G,P
0.99440157536552,P37840,51,G,V
0.996711110440485,P37840,51,G,I
0.989281840773855,P37840,51,G,C
0.997714731072825,P37840,51,G,Y
0.979724571770184,P37840,51,G,H
0.994141624903734,P37840,51,G,R
0.972834096208037,P37840,51,G,N
0.972922939124049,P37840,51,G,D
0.981836730538468,P37840,51,G,T
0.999598041867485,P37840,52,V,G
0.997941078316709,P37840,52,V,A
0.998201134282089,P37840,52,V,L
0.985926489796684,P37840,52,V,M
0.998759916558967,P37840,52,V,F
0.99889183697554,P37840,52,V,W
0.999677773924596,P37840,52,V,K
0.998751276708123,P37840,52,V,Q
0.999824381185637,P37840,52,V,E
0.998855215231371,P37840,52,V,S
0.999831139779342,P37840,52,V,P
0.000106528706996947,P37840,52,V,V
0.980275035841741,P37840,52,V,I
0.997759414237313,P37840,52,V,C
0.999205624727292,P37840,52,V,Y
0.999264110519129,P37840,52,V,H
0.999567382069876,P37840,52,V,R
0.999441839355513,P37840,52,V,N
0.999762382835898,P37840,52,V,D
0.998174626189884,P37840,52,V,T
0.617984829024141,P37840,53,A,G
0.00123219525462041,P37840,53,A,A
0.700488697531804,P37840,53,A,L
0.917441747671386,P37840,53,A,M
0.979380177432381,P37840,53,A,F
0.975188270672585,P37840,53,A,W
0.974871371718462,P37840,53,A,K
0.96027175693043,P37840,53,A,Q
0.984023421463654,P37840,53,A,E
0.2293056314105,P37840,53,A,S
0.997264955953174,P37840,53,A,P
0.461015828980268,P37840,53,A,V
0.935604302890285,P37840,53,A,I
0.938557014427355,P37840,53,A,C
0.975446249759153,P37840,53,A,Y
0.955424378189702,P37840,53,A,H
0.978043312392047,P37840,53,A,R
0.82515817021646,P37840,53,A,N
0.9880796793299,P37840,53,A,D
0.906454800009495,P37840,53,A,T
0.991289687262366,P37840,54,T,G
0.959824888261769,P37840,54,T,A
0.990945939523408,P37840,54,T,L
0.974569034742369,P37840,54,T,M
0.995909195423624,P37840,54,T,F
0.990580125288578,P37840,54,T,W
0.991866599535901,P37840,54,T,K
0.989463554325766,P37840,54,T,Q
0.99553385013959,P37840,54,T,E
0.502682233331682,P37840,54,T,S
0.999440157277443,P37840,54,T,P
0.978562117940364,P37840,54,T,V
0.994253722432717,P37840,54,T,I
0.97943484107498,P37840,54,T,C
0.995748418593642,P37840,54,T,Y
0.971453020827197,P37840,54,T,H
0.994262582080937,P37840,54,T,R
0.988128549169683,P37840,54,T,N
0.993874619209101,P37840,54,T,D
0.000264987624677536,P37840,54,T,T
0.999279753444038,P37840,55,V,G
0.982769715934994,P37840,55,V,A
0.992998502105214,P37840,55,V,L
0.951910186897344,P37840,55,V,M
0.991552205432477,P37840,55,V,F
0.998476395018877,P37840,55,V,W
0.999448748997583,P37840,55,V,K
0.9984528149247,P37840,55,V,Q
0.999625795893656,P37840,55,V,E
0.996125740722322,P37840,55,V,S
0.999768187683735,P37840,55,V,P
9.15888244965669e-05,P37840,55,V,V
0.872151133871521,P37840,55,V,I
0.998960800979564,P37840,55,V,C
0.999179529735341,P37840,55,V,Y
0.998597114365841,P37840,55,V,H
0.999054210520325,P37840,55,V,R
0.99916669820497,P37840,55,V,N
0.998006791836766,P37840,55,V,D
0.996119077832016,P37840,55,V,T
0.985009812224605,P37840,56,A,G
8.58550254217753e-05,P37840,56,A,A
0.993011001498402,P37840,56,A,L
0.984674704127675,P37840,56,A,M
0.993030107104656,P37840,56,A,F
0.995924270477083,P37840,56,A,W
0.997639448499362,P37840,56,A,K
0.996024372889329,P37840,56,A,Q
0.998621190034295,P37840,56,A,E
0.97266546107488,P37840,56,A,S
0.999621347240181,P37840,56,A,P
0.96435916073279,P37840,56,A,V
0.992159248472095,P37840,56,A,I
0.993957280087001,P37840,56,A,C
0.996544726113858,P37840,56,A,Y
0.996890723755177,P37840,56,A,H
0.997537283835308,P37840,56,A,R
0.997053432422455,P37840,56,A,N
0.997348761829386,P37840,56,A,D
0.922427878064522,P37840,56,A,T
0.959093748922442,P37840,57,E,G
0.910921123954944,P37840,57,E,A
0.996711582200084,P37840,57,E,L
0.970212577336331,P37840,57,E,M
0.995510876235682,P37840,57,E,F
0.995400258972736,P37840,57,E,W
0.994604022228025,P37840,57,E,K
0.900441224638794,P37840,57,E,Q
4.02353727605423e-05,P37840,57,E,E
0.969684155086884,P37840,57,E,S
0.996152537715436,P37840,57,E,P
0.989197865475077,P37840,57,E,V
0.991130336323681,P37840,57,E,I
0.992623769982535,P37840,57,E,C
0.996101617946151,P37840,57,E,Y
0.913848328935784,P37840,57,E,H
0.990572311147444,P37840,57,E,R
0.932324404866589,P37840,57,E,N
0.903773707968901,P37840,57,E,D
0.981577528597004,P37840,57,E,T
0.999050730456386,P37840,58,K,G
0.989969369018324,P37840,58,K,A
0.998565363704396,P37840,58,K,L
0.962729587690623,P37840,58,K,M
0.997920864718531,P37840,58,K,F
0.998983495772525,P37840,58,K,W
0.000113302588414682,P37840,58,K,K
0.996346731338889,P37840,58,K,Q
0.998742880607742,P37840,58,K,E
0.996358393613012,P37840,58,K,S
0.999819308262554,P37840,58,K,P
0.997325400983762,P37840,58,K,V
0.997940604176935,P37840,58,K,I
0.997688708549798,P37840,58,K,C
0.998961056278981,P37840,58,K,Y
0.99340842465079,P37840,58,K,H
0.972978587123789,P37840,58,K,R
0.998621119883557,P37840,58,K,N
0.999187972382267,P37840,58,K,D
0.98604070863657,P37840,58,K,T
0.998649234182336,P37840,59,T,G
0.962264744724894,P37840,59,T,A
0.998404244144648,P37840,59,T,L
0.994643442388067,P37840,59,T,M
0.998735014178869,P37840,59,T,F
0.998919098322513,P37840,59,T,W
0.9988263982558,P37840,59,T,K
0.997963642951262,P37840,59,T,Q
0.99937857290288,P37840,59,T,E
0.986680621295502,P37840,59,T,S
0.999804346152538,P37840,59,T,P
0.99624963474289,P37840,59,T,V
0.997552930747143,P37840,59,T,I
0.998497144307567,P37840,59,T,C
0.999046967186363,P37840,59,T,Y
0.997953763199269,P37840,59,T,H
0.999060451937068,P37840,59,T,R
0.998255055120624,P37840,59,T,N
0.999410330016666,P37840,59,T,D
0.000235102594055125,P37840,59,T,T
0.998766528102124,P37840,60,K,G
0.991272636749199,P37840,60,K,A
0.998559434000427,P37840,60,K,L
0.983962022204071,P37840,60,K,M
0.998165289780363,P37840,60,K,F
0.998964601695408,P37840,60,K,W
0.000189558519793518,P37840,60,K,K
0.996334413665275,P37840,60,K,Q
0.999308618409634,P37840,60,K,E
0.997788150765208,P37840,60,K,S
0.999708037048355,P37840,60,K,P
0.989440714065325,P37840,60,K,V
0.998562290364234,P37840,60,K,I
0.99795664581507,P37840,60,K,C
0.999309665334213,P37840,60,K,Y
0.994321988821561,P37840,60,K,H
0.994720801357214,P37840,60,K,R
0.995273693545423,P37840,60,K,N
0.999041211219894,P37840,60,K,D
0.993837672603323,P37840,60,K,T
0.999116167424867,P37840,61,E,G
0.984191629043712,P37840,61,E,A
0.999191505421817,P37840,61,E,L
0.995022897058529,P37840,61,E,M
0.998281642148062,P37840,61,E,F
0.999098115976423,P37840,61,E,W
0.999317355452516,P37840,61,E,K
0.996753672637069,P37840,61,E,Q
0.000166755872807022,P37840,61,E,E
0.985006974402089,P37840,61,E,S
0.999685806379344,P37840,61,E,P
0.998246720411427,P37840,61,E,V
0.998648271181425,P37840,61,E,I
0.998734411130461,P37840,61,E,C
0.999345143499102,P37840,61,E,Y
0.996712022865012,P37840,61,E,H
0.998414027955562,P37840,61,E,R
0.997710197339871,P37840,61,E,N
0.973241342261433,P37840,61,E,D
0.980639590081015,P37840,61,E,T
0.969717821310902,P37840,62,Q,G
0.988172297527473,P37840,62,Q,A
0.995935024728381,P37840,62,Q,L
0.977256330041034,P37840,62,Q,M
0.994848293686414,P37840,62,Q,F
0.994601810826523,P37840,62,Q,W
0.99449405306828,P37840,62,Q,K
5.87320837621309e-05,P37840,62,Q,Q
0.997603080985124,P37840,62,Q,E
0.980383665365827,P37840,62,Q,S
0.999578317686773,P37840,62,Q,P
0.991784312530947,P37840,62,Q,V
0.991464386020916,P37840,62,Q,I
0.995232098302664,P37840,62,Q,C
0.995452822238116,P37840,62,Q,Y
0.961514121546031,P37840,62,Q,H
0.994403986405485,P37840,62,Q,R
0.99354666745323,P37840,62,Q,N
0.998077954322437,P37840,62,Q,D
0.991225940805358,P37840,62,Q,T
0.999071626305896,P37840,63,V,G
0.787635128451849,P37840,63,V,A
0.99428224347532,P37840,63,V,L
0.974202161013136,P37840,63,V,M
0.99673983920476,P37840,63,V,F
0.997325850776964,P37840,63,V,W
0.999306728105293,P37840,63,V,K
0.998076195863747,P37840,63,V,Q
0.999665472195179,P37840,63,V,E
0.998389249467501,P37840,63,V,S
0.999723495084082,P37840,63,V,P
0.000143365850538873,P37840,63,V,V
0.972712182319945,P37840,63,V,I
0.998162654139387,P37840,63,V,C
0.998304723091808,P37840,63,V,Y
0.998133025074105,P37840,63,V,H
0.999088354839655,P37840,63,V,R
0.999040542400642,P37840,63,V,N
0.999567408761058,P37840,63,V,D
0.983278200143973,P37840,63,V,T
0.967202394464372,P37840,64,T,G
0.616727510063197,P37840,64,T,A
0.985477988873898,P37840,64,T,L
0.946082497365475,P37840,64,T,M
0.990511301878006,P37840,64,T,F
0.989744232215239,P37840,64,T,W
0.980393390833442,P37840,64,T,K
0.854768156249119,P37840,64,T,Q
0.987561875673584,P37840,64,T,E
0.174972992920895,P37840,64,T,S
0.997483334431621,P37840,64,T,P
0.941065036302373,P37840,64,T,V
0.974326340299447,P37840,64,T,I
0.974485280578468,P37840,64,T,C
0.990234203505615,P37840,64,T,Y
0.958516497557085,P37840,64,T,H
0.985652166051271,P37840,64,T,R
0.775485729677274,P37840,64,T,N
0.985635293009492,P37840,64,T,D
0.000278089671440428,P37840,64,T,T
0.956211859849458,P37840,65,N,G
0.458665775947126,P37840,65,N,A
0.634290578328921,P37840,65,N,L
0.390627183287029,P37840,65,N,M
0.975034951960607,P37840,65,N,F
0.971314876266572,P37840,65,N,W
0.950108601227331,P37840,65,N,K
0.523611051814646,P37840,65,N,Q
0.923508039451919,P37840,65,N,E
0.743586361419474,P37840,65,N,S
0.995218177742356,P37840,65,N,P
0.6660330225265,P37840,65,N,V
0.899523701907294,P37840,65,N,I
0.959529282399357,P37840,65,N,C
0.978702832370279,P37840,65,N,Y
0.208798703032323,P37840,65,N,H
0.953952900377659,P37840,65,N,R
0.000388182205330161,P37840,65,N,N
0.931556993737587,P37840,65,N,D
0.777263776031318,P37840,65,N,T
0.997629418699313,P37840,66,V,G
0.971694498543323,P37840,66,V,A
0.953996109347649,P37840,66,V,L
0.953046299758489,P37840,66,V,M
0.979480270457022,P37840,66,V,F
0.992901822840983,P37840,66,V,W
0.998158612511197,P37840,66,V,K
0.994935163715913,P37840,66,V,Q
0.998959603975865,P37840,66,V,E
0.996053468041472,P37840,66,V,S
0.999241208979076,P37840,66,V,P
2.95210345670644e-05,P37840,66,V,V
0.881398998898172,P37840,66,V,I
0.995834413608213,P37840,66,V,C
0.995504898720718,P37840,66,V,Y
0.994581251347052,P37840,66,V,H
0.997712694099715,P37840,66,V,R
0.997576992508051,P37840,66,V,N
0.998668279934726,P37840,66,V,D
0.992862075181487,P37840,66,V,T
7.20019567905748e-05,P37840,67,G,G
0.926383299876146,P37840,67,G,A
0.99858355449034,P37840,67,G,L
0.992960096982922,P37840,67,G,M
0.998856517512995,P37840,67,G,F
0.999502486537168,P37840,67,G,W
0.999215725241977,P37840,67,G,K
0.998366362187497,P37840,67,G,Q
0.995869352738737,P37840,67,G,E
0.544043847221235,P37840,67,G,S
0.999762318117641,P37840,67,G,P
0.998553465174488,P37840,67,G,V
0.99890535978656,P37840,67,G,I
0.998476569690432,P37840,67,G,C
0.999607869215061,P37840,67,G,Y
0.99767691732234,P37840,67,G,H
0.9994613644765,P37840,67,G,R
0.995756381556402,P37840,67,G,N
0.996955420228558,P37840,67,G,D
0.995979505446063,P37840,67,G,T
9.5169621502584e-05,P37840,68,G,G
0.379758948434694,P37840,68,G,A
0.951181536487415,P37840,68,G,L
0.792933405209769,P37840,68,G,M
0.960351505364822,P37840,68,G,F
0.964872863843767,P37840,68,G,W
0.951361764167851,P37840,68,G,K
0.930534766089902,P37840,68,G,Q
0.0540845504964444,P37840,68,G,E
0.704031360735204,P37840,68,G,S
0.990599000177216,P37840,68,G,P
0.946516401467573,P37840,68,G,V
0.95408192159588,P37840,68,G,I
0.948761601588614,P37840,68,G,C
0.976577930279456,P37840,68,G,Y
0.893360338108579,P37840,68,G,H
0.957267848909886,P37840,68,G,R
0.880431581471364,P37840,68,G,N
0.411489392430155,P37840,68,G,D
0.857635072537395,P37840,68,G,T
0.990458043172581,P37840,69,A,G
9.57608050983937e-05,P37840,69,A,A
0.996346990794197,P37840,69,A,L
0.991696326440623,P37840,69,A,M
0.99838369171967,P37840,69,A,F
0.998413512163819,P37840,69,A,W
0.99829845876647,P37840,69,A,K
0.995140428929306,P37840,69,A,Q
0.999135379580125,P37840,69,A,E
0.835245220862826,P37840,69,A,S
0.999769163182586,P37840,69,A,P
0.884203230942124,P37840,69,A,V
0.995416157169231,P37840,69,A,I
0.995838474614446,P37840,69,A,C
0.998489320225602,P37840,69,A,Y
0.997488238544603,P37840,69,A,H
0.998346761779416,P37840,69,A,R
0.997214057720132,P37840,69,A,N
0.998201869781362,P37840,69,A,D
0.91711248789325,P37840,69,A,T
0.9965395171923,P37840,70,V,G
0.766533079457897,P37840,70,V,A
0.982175453986495,P37840,70,V,L
0.519700098338045,P37840,70,V,M
0.994459004401222,P37840,70,V,F
0.993866367057107,P37840,70,V,W
0.998256216898571,P37840,70,V,K
0.993938866317394,P37840,70,V,Q
0.998632748873516,P37840,70,V,E
0.988466875050691,P37840,70,V,S
0.999069687340911,P37840,70,V,P
3.48671818576619e-05,P37840,70,V,V
0.795082250663206,P37840,70,V,I
0.997013239831832,P37840,70,V,C
0.996533867524456,P37840,70,V,Y
0.994453428810731,P37840,70,V,H
0.997172223709327,P37840,70,V,R
0.996889949826341,P37840,70,V,N
0.997847696234154,P37840,70,V,D
0.969600027589282,P37840,70,V,T
0.997073815686872,P37840,71,V,G
0.880762690805873,P37840,71,V,A
0.963216183621367,P37840,71,V,L
0.548445772210864,P37840,71,V,M
0.978708477475049,P37840,71,V,F
0.994979960285393,P37840,71,V,W
0.998943740944715,P37840,71,V,K
0.994637554578503,P37840,71,V,Q
0.999251380639578,P37840,71,V,E
0.98940481465835,P37840,71,V,S
0.999313419538995,P37840,71,V,P
6.0452339897397e-05,P37840,71,V,V
0.249574724436921,P37840,71,V,I
0.99603721597128,P37840,71,V,C
0.996837859774895,P37840,71,V,Y
0.995033174675608,P37840,71,V,H
0.997909955665524,P37840,71,V,R
0.997476617846223,P37840,71,V,N
0.998736978359212,P37840,71,V,D
0.959284186031311,P37840,71,V,T
0.98097901970089,P37840,72,T,G
0.588306460717561,P37840,72,T,A
0.994815294991463,P37840,72,T,L
0.954453483661553,P37840,72,T,M
0.995822007062905,P37840,72,T,F
0.996604055407769,P37840,72,T,W
0.996127618355387,P37840,72,T,K
0.988920875471231,P37840,72,T,Q
0.996022930166886,P37840,72,T,E
0.477900823464173,P37840,72,T,S
0.999501812858256,P37840,72,T,P
0.982822594221561,P37840,72,T,V
0.991670691200012,P37840,72,T,I
0.990987321674023,P37840,72,T,C
0.996862488170374,P37840,72,T,Y
0.988809026125829,P37840,72,T,H
0.997098288414436,P37840,72,T,R
0.895403037816981,P37840,72,T,N
0.991776830611921,P37840,72,T,D
0.000320729233425985,P37840,72,T,T
0.000126808874706678,P37840,73,G,G
0.97680846414876,P37840,73,G,A
0.998725772025746,P37840,73,G,L
0.993150694732867,P37840,73,G,M
0.998859385185591,P37840,73,G,F
0.99960001283956,P37840,73,G,W
0.999028186261429,P37840,73,G,K
0.99840045491264,P37840,73,G,Q
0.996893751531355,P37840,73,G,E
0.595837007223473,P37840,73,G,S
0.999823643023284,P37840,73,G,P
0.99919768155627,P37840,73,G,V
0.999339802769282,P37840,73,G,I
0.998099763977623,P37840,73,G,C
0.999583203785719,P37840,73,G,Y
0.997864076691,P37840,73,G,H
0.999375236796176,P37840,73,G,R
0.997094993470772,P37840,73,G,N
0.998565849110582,P37840,73,G,D
0.9962170026801,P37840,73,G,T
0.998069730170712,P37840,74,V,G
0.897694241297205,P37840,74,V,A
0.989493050744481,P37840,74,V,L
0.755110458557013,P37840,74,V,M
0.993721527604949,P37840,74,V,F
0.995646066685499,P37840,74,V,W
0.998308554396524,P37840,74,V,K
0.995135593850786,P37840,74,V,Q
0.998916546112067,P37840,74,V,E
0.989724287537025,P37840,74,V,S
0.999385305178809,P37840,74,V,P
5.58694534549579e-05,P37840,74,V,V
0.892430929729098,P37840,74,V,I
0.997206168929966,P37840,74,V,C
0.99720949872433,P37840,74,V,Y
0.995222652709535,P37840,74,V,H
0.997702730200828,P37840,74,V,R
0.998027547287982,P37840,74,V,N
0.995915996221845,P37840,74,V,D
0.98369404830306,P37840,74,V,T
0.995522487019378,P37840,75,T,G
0.962528369325245,P37840,75,T,A
0.993862964585794,P37840,75,T,L
0.968056998280831,P37840,75,T,M
0.993334639274157,P37840,75,T,F
0.993237231955214,P37840,75,T,W
0.994307288742049,P37840,75,T,K
0.993660055404829,P37840,75,T,Q
0.99730539657136,P37840,75,T,E
0.851211706192044,P37840,75,T,S
0.999460851180183,P37840,75,T,P
0.986131050270671,P37840,75,T,V
0.991230227780516,P37840,75,T,I
0.989164485298554,P37840,75,T,C
0.995666167450009,P37840,75,T,Y
0.988425264085684,P37840,75,T,H
0.996160721256288,P37840,75,T,R
0.964335084538348,P37840,75,T,N
0.994539415086149,P37840,75,T,D
0.000231030662332184,P37840,75,T,T
0.871841976515255,P37840,76,A,G
9.67529834729192e-05,P37840,76,A,A
0.954057436732924,P37840,76,A,L
0.916745615023253,P37840,76,A,M
0.983223004451487,P37840,76,A,F
0.981918847603164,P37840,76,A,W
0.978274607833082,P37840,76,A,K
0.923346177922048,P37840,76,A,Q
0.966343778143988,P37840,76,A,E
0.760714022582801,P37840,76,A,S
0.996109121652337,P37840,76,A,P
0.323100739740769,P37840,76,A,V
0.900581469148102,P37840,76,A,I
0.959820262175525,P37840,76,A,C
0.985626823104925,P37840,76,A,Y
0.972629209440249,P37840,76,A,H
0.98101875315939,P37840,76,A,R
0.965715286571296,P37840,76,A,N
0.947737757603998,P37840,76,A,D
0.48844276937447,P37840,76,A,T
0.999352201971598,P37840,77,V,G
0.986248875086303,P37840,77,V,A
0.995265725794269,P37840,77,V,L
0.993614243983748,P37840,77,V,M
0.998207959537392,P37840,77,V,F
0.998667260076912,P37840,77,V,W
0.999348185895413,P37840,77,V,K
0.997882381200804,P37840,77,V,Q
0.999626417449172,P37840,77,V,E
0.997116181969957,P37840,77,V,S
0.999749853981341,P37840,77,V,P
9.60020333230255e-05,P37840,77,V,V
0.969347717308992,P37840,77,V,I
0.998971697452003,P37840,77,V,C
0.999109841077724,P37840,77,V,Y
0.998644736338165,P37840,77,V,H
0.99919211215928,P37840,77,V,R
0.999297681369723,P37840,77,V,N
0.999501753175035,P37840,77,V,D
0.99372210631468,P37840,77,V,T
0.950381415560709,P37840,78,A,G
6.48765189854796e-05,P37840,78,A,A
0.995557943305092,P37840,78,A,L
0.987561981400716,P37840,78,A,M
0.99745504228895,P37840,78,A,F
0.997501531166965,P37840,78,A,W
0.997387904913076,P37840,78,A,K
0.996472285793425,P37840,78,A,Q
0.998617613557109,P37840,78,A,E
0.895562609233137,P37840,78,A,S
0.999564744943502,P37840,78,A,P
0.990988611431984,P37840,78,A,V
0.994916892490642,P37840,78,A,I
0.987085562026643,P37840,78,A,C
0.997813674188111,P37840,78,A,Y
0.997192309010519,P37840,78,A,H
0.997305607054811,P37840,78,A,R
0.997357827498435,P37840,78,A,N
0.997622911989046,P37840,78,A,D
0.975284092619298,P37840,78,A,T
0.82070008185686,P37840,79,Q,G
0.511592209773388,P37840,79,Q,A
0.962276157724692,P37840,79,Q,L
0.857081657818153,P37840,79,Q,M
0.966815295812711,P37840,79,Q,F
0.961202015695463,P37840,79,Q,W
0.673273334121836,P37840,79,Q,K
9.01773504876554e-05,P37840,79,Q,Q
0.59797436167887,P37840,79,Q,E
0.280486736499676,P37840,79,Q,S
0.986960944942217,P37840,79,Q,P
0.72963543230356,P37840,79,Q,V
0.685324789534913,P37840,79,Q,I
0.941230580711915,P37840,79,Q,C
0.960425610258502,P37840,79,Q,Y
0.0797592168306527,P37840,79,Q,H
0.806946097917013,P37840,79,Q,R
0.296447813815726,P37840,79,Q,N
0.881231788476151,P37840,79,Q,D
0.361394099062264,P37840,79,Q,T
0.973378031023496,P37840,80,K,G
0.896370732224149,P37840,80,K,A
0.990262882075353,P37840,80,K,L
0.863530934568143,P37840,80,K,M
0.983569190920845,P37840,80,K,F
0.991826630969354,P37840,80,K,W
4.78826876721215e-05,P37840,80,K,K
0.749437343564999,P37840,80,K,Q
0.993101546881478,P37840,80,K,E
0.972586073590788,P37840,80,K,S
0.998470657340701,P37840,80,K,P
0.977240694153719,P37840,80,K,V
0.987680058107047,P37840,80,K,I
0.982917185795115,P37840,80,K,C
0.993633635049035,P37840,80,K,Y
0.938718237232613,P37840,80,K,H
0.809005643721454,P37840,80,K,R
0.987665401982427,P37840,80,K,N
0.991368676986666,P37840,80,K,D
0.976462912761602,P37840,80,K,T
0.994896385312265,P37840,81,T,G
0.960260013256748,P37840,81,T,A
0.997981904177653,P37840,81,T,L
0.991604524876344,P37840,81,T,M
0.998334352208309,P37840,81,T,F
0.998586693018135,P37840,81,T,W
0.997261178846832,P37840,81,T,K
0.995788942151977,P37840,81,T,Q
0.99855269621964,P37840,81,T,E
0.982925451461533,P37840,81,T,S
0.999521763996315,P37840,81,T,P
0.996478906530827,P37840,81,T,V
0.997507778418674,P37840,81,T,I
0.997140068462779,P37840,81,T,C
0.998937089996092,P37840,81,T,Y
0.995787906779744,P37840,81,T,H
0.99784943848542,P37840,81,T,R
0.991855629631828,P37840,81,T,N
0.998513021874506,P37840,81,T,D
0.000180571024292816,P37840,81,T,T
0.99971570964105,P37840,82,V,G
0.975808513945851,P37840,82,V,A
0.998816422243967,P37840,82,V,L
0.99825850996217,P37840,82,V,M
0.99933930219764,P37840,82,V,F
0.999433948511975,P37840,82,V,W
0.999820689231578,P37840,82,V,K
0.999549225970459,P37840,82,V,Q
0.999892053511341,P37840,82,V,E
0.999375905990093,P37840,82,V,S
0.999892895520761,P37840,82,V,P
0.000145507821835764,P37840,82,V,V
0.969730133214191,P37840,82,V,I
0.999607027704409,P37840,82,V,C
0.999677788668482,P37840,82,V,Y
0.999556732555496,P37840,82,V,H
0.999794221821122,P37840,82,V,R
0.999771707537599,P37840,82,V,N
0.999842478131351,P37840,82,V,D
0.999131967891412,P37840,82,V,T
0.993577892903741,P37840,83,E,G
0.956834275294016,P37840,83,E,A
0.998075590157229,P37840,83,E,L
0.986497223116961,P37840,83,E,M
0.996923796764787,P37840,83,E,F
0.997413080247589,P37840,83,E,W
0.996864547901747,P37840,83,E,K
0.983843632218151,P37840,83,E,Q
5.913715859343e-05,P37840,83,E,E
0.988673164009734,P37840,83,E,S
0.999074616565215,P37840,83,E,P
0.99548917885606,P37840,83,E,V
0.996527898467275,P37840,83,E,I
0.996826546668406,P37840,83,E,C
0.998113846637564,P37840,83,E,Y
0.990136066195042,P37840,83,E,H
0.994953383665793,P37840,83,E,R
0.993187483153748,P37840,83,E,N
0.95128011600204,P37840,83,E,D
0.990369457672196,P37840,83,E,T
0.00018214811654753,P37840,84,G,G
0.983493502928053,P37840,84,G,A
0.999124218888893,P37840,84,G,L
0.996444063697926,P37840,84,G,M
0.999223025663747,P37840,84,G,F
0.999690700562432,P37840,84,G,W
0.99925921955923,P37840,84,G,K
0.998795325104674,P37840,84,G,Q
0.99177660121998,P37840,84,G,E
0.978735205711219,P37840,84,G,S
0.999779903950446,P37840,84,G,P
0.99947177292262,P37840,84,G,V
0.999448273493076,P37840,84,G,I
0.999013448315346,P37840,84,G,C
0.999735179773635,P37840,84,G,Y
0.99822545806443,P37840,84,G,H
0.999487104864691,P37840,84,G,R
0.998301050610637,P37840,84,G,N
0.998436927716562,P37840,84,G,D
0.998214115440699,P37840,84,G,T
0.995226363585977,P37840,85,A,G
0.000148475134840488,P37840,85,A,A
0.990885957560925,P37840,85,A,L
0.994297562095568,P37840,85,A,M
0.998679361297495,P37840,85,A,F
0.998893435412462,P37840,85,A,W
0.999299593627887,P37840,85,A,K
0.998022069743251,P37840,85,A,Q
0.999614264812485,P37840,85,A,E
0.993232442646527,P37840,85,A,S
0.999830308666176,P37840,85,A,P
0.832984280409544,P37840,85,A,V
0.99502452611914,P37840,85,A,I
0.997158418861145,P37840,85,A,C
0.998990630837281,P37840,85,A,Y
0.998687727627182,P37840,85,A,H
0.998992136740509,P37840,85,A,R
0.998787561380553,P37840,85,A,N
0.999320271705057,P37840,85,A,D
0.989983850685702,P37840,85,A,T
5.43708194019586e-05,P37840,86,G,G
0.955837572376251,P37840,86,G,A
0.997887689069176,P37840,86,G,L
0.989692212815974,P37840,86,G,M
0.998025000790628,P37840,86,G,F
0.999164962337232,P37840,86,G,W
0.99842653911038,P37840,86,G,K
0.997565023374653,P37840,86,G,Q
0.910310959817446,P37840,86,G,E
0.977795004001686,P37840,86,G,S
0.999511903795532,P37840,86,G,P
0.998477012194399,P37840,86,G,V
0.998460444393529,P37840,86,G,I
0.99794257517721,P37840,86,G,C
0.999273460343083,P37840,86,G,Y
0.996073113701005,P37840,86,G,H
0.998632328145018,P37840,86,G,R
0.99513026363058,P37840,86,G,N
0.997481519795137,P37840,86,G,D
0.994101394214683,P37840,86,G,T
0.897682995592538,P37840,87,S,G
0.446225626352268,P37840,87,S,A
0.980928546740025,P37840,87,S,L
0.940053334429235,P37840,87,S,M
0.990089227393377,P37840,87,S,F
0.98683520791318,P37840,87,S,W
0.789179866310902,P37840,87,S,K
0.79128108397953,P37840,87,S,Q
0.93595554719684,P37840,87,S,E
0.000245618720993624,P37840,87,S,S
0.99691313766307,P37840,87,S,P
0.953134969580997,P37840,87,S,V
0.969031777144433,P37840,87,S,I
0.972959617134285,P37840,87,S,C
0.986993318671903,P37840,87,S,Y
0.950427657402502,P37840,87,S,H
0.987625120506355,P37840,87,S,R
0.0940585430457907,P37840,87,S,N
0.971254451002957,P37840,87,S,D
0.0821455606005569,P37840,87,S,T
0.999700663919117,P37840,88,I,G
0.98884674660782,P37840,88,I,A
0.992141232076814,P37840,88,I,L
0.993943002740944,P37840,88,I,M
0.984044356781602,P37840,88,I,F
0.999113276417067,P37840,88,I,W
0.999859636400957,P37840,88,I,K
0.999506605567746,P37840,88,I,Q
0.999864216439502,P37840,88,I,E
0.998490488654087,P37840,88,I,S
0.99990320546222,P37840,88,I,P
0.503460218949315,P37840,88,I,V
7.30990540920532e-05,P37840,88,I,I
0.999330564338191,P37840,88,I,C
0.999300362746611,P37840,88,I,Y
0.9993221850446,P37840,88,I,H
0.999755741072056,P37840,88,I,R
0.999576493658644,P37840,88,I,N
0.999859696357824,P37840,88,I,D
0.998460386668718,P37840,88,I,T
0.954518622585827,P37840,89,A,G
0.000109435622709081,P37840,89,A,A
0.993122642969857,P37840,89,A,L
0.980153166538406,P37840,89,A,M
0.995200858035132,P37840,89,A,F
0.995796271145135,P37840,89,A,W
0.997568781726555,P37840,89,A,K
0.993968286749333,P37840,89,A,Q
0.99796159762022,P37840,89,A,E
0.963909395840074,P37840,89,A,S
0.998666649557391,P37840,89,A,P
0.601007150726834,P37840,89,A,V
0.98332529256162,P37840,89,A,I
0.987239324254465,P37840,89,A,C
0.996615864139422,P37840,89,A,Y
0.994759860235962,P37840,89,A,H
0.997566413964684,P37840,89,A,R
0.994024449352106,P37840,89,A,N
0.996157398131309,P37840,89,A,D
0.986533383754174,P37840,89,A,T
0.973839140588338,P37840,90,A,G
0.000102565673459144,P37840,90,A,A
0.993167846790783,P37840,90,A,L
0.989962331619568,P37840,90,A,M
0.997774866910581,P37840,90,A,F
0.998456628015379,P37840,90,A,W
0.998817589172687,P37840,90,A,K
0.997279828255456,P37840,90,A,Q
0.998788107115342,P37840,90,A,E
0.850173978561537,P37840,90,A,S
0.999240457992007,P37840,90,A,P
0.869414844578774,P37840,90,A,V
0.927210395548606,P37840,90,A,I
0.995561583315467,P37840,90,A,C
0.998542298806585,P37840,90,A,Y
0.997897014920381,P37840,90,A,H
0.998729964402025,P37840,90,A,R
0.997455572262877,P37840,90,A,N
0.997878770125218,P37840,90,A,D
0.820339847021052,P37840,90,A,T
0.994006709735095,P37840,91,A,G
0.000126758852766965,P37840,91,A,A
0.99851360060539,P37840,91,A,L
0.995452559820442,P37840,91,A,M
0.998993878914299,P37840,91,A,F
0.998922785858956,P37840,91,A,W
0.998931778852108,P37840,91,A,K
0.998081210965683,P37840,91,A,Q
0.999337517903612,P37840,91,A,E
0.576439774658787,P37840,91,A,S
0.99988933147475,P37840,91,A,P
0.995276938267511,P37840,91,A,V
0.996315563396244,P37840,91,A,I
0.997607744026172,P37840,91,A,C
0.999045118676527,P37840,91,A,Y
0.998265157681503,P37840,91,A,H
0.999165159373895,P37840,91,A,R
0.99291176585396,P37840,91,A,N
0.998343926169448,P37840,91,A,D
0.978349538653048,P37840,91,A,T
0.999195291203024,P37840,92,T,G
0.906329037969831,P37840,92,T,A
0.999160339398503,P37840,92,T,L
0.996479622023416,P37840,92,T,M
0.999372451395303,P37840,92,T,F
0.999319403214869,P37840,92,T,W
0.998494068202529,P37840,92,T,K
0.998325098111704,P37840,92,T,Q
0.999263162841119,P37840,92,T,E
0.955663578357995,P37840,92,T,S
0.999892576437241,P37840,92,T,P
0.996913473491048,P37840,92,T,V
0.998314942866814,P37840,92,T,I
0.998599097395888,P37840,92,T,C
0.999374237909644,P37840,92,T,Y
0.998605278278717,P37840,92,T,H
0.999290859707191,P37840,92,T,R
0.998332860311053,P37840,92,T,N
0.999278293424449,P37840,92,T,D
0.00017710177397836,P37840,92,T,T
6.74062577112718e-05,P37840,93,G,G
0.96208778820264,P37840,93,G,A
0.998432571652492,P37840,93,G,L
0.994860493066556,P37840,93,G,M
0.998614039030164,P37840,93,G,F
0.99947315450902,P37840,93,G,W
0.998700265975927,P37840,93,G,K
0.998331871033124,P37840,93,G,Q
0.994726933839126,P37840,93,G,E
0.991040726689725,P37840,93,G,S
0.999572068001726,P37840,93,G,P
0.999150213150721,P37840,93,G,V
0.999267926277361,P37840,93,G,I
0.998621886641652,P37840,93,G,C
0.999544560976479,P37840,93,G,Y
0.997743110756582,P37840,93,G,H
0.994832174373357,P37840,93,G,R
0.997490218174771,P37840,93,G,N
0.994943298628274,P37840,93,G,D
0.995851035528644,P37840,93,G,T
0.96680902652205,P37840,94,F,G
0.501318528655343,P37840,94,F,A
0.112357071458265,P37840,94,F,L
0.513754374428472,P37840,94,F,M
9.34062622774164e-05,P37840,94,F,F
0.919883124175498,P37840,94,F,W
0.991150883558828,P37840,94,F,K
0.981017610517575,P37840,94,F,Q
0.989046182414901,P37840,94,F,E
0.957074614823836,P37840,94,F,S
0.997701661447466,P37840,94,F,P
0.687671567434542,P37840,94,F,V
0.579324786552322,P37840,94,F,I
0.973268899642394,P37840,94,F,C
0.709882532848343,P37840,94,F,Y
0.966831125364696,P37840,94,F,H
0.992384612160331,P37840,94,F,R
0.987236132429572,P37840,94,F,N
0.992396719832577,P37840,94,F,D
0.937672948051112,P37840,94,F,T
0.446725689132836,P37840,95,V,G
0.320823954914625,P37840,95,V,A
0.675398831368618,P37840,95,V,L
0.214878733405526,P37840,95,V,M
0.958128579021181,P37840,95,V,F
0.895073577576314,P37840,95,V,W
0.965352124207956,P37840,95,V,K
0.860796154467195,P37840,95,V,Q
0.970382043668345,P37840,95,V,E
0.638715924157882,P37840,95,V,S
0.975574214395434,P37840,95,V,P
0.000154007398690986,P37840,95,V,V
0.0778413580435544,P37840,95,V,I
0.873481973067047,P37840,95,V,C
0.95271956551508,P37840,95,V,Y
0.925520173239576,P37840,95,V,H
0.95809800304081,P37840,95,V,R
0.915611679065301,P37840,95,V,N
0.967228211118144,P37840,95,V,D
0.662426414365729,P37840,95,V,T
0.931241077456436,P37840,96,K,G
0.632892924632856,P37840,96,K,A
0.961390403059053,P37840,96,K,L
0.620556682356717,P37840,96,K,M
0.951001745740266,P37840,96,K,F
0.970493432234582,P37840,96,K,W
9.05801659337301e-05,P37840,96,K,K
0.774830557367016,P37840,96,K,Q
0.968191926189891,P37840,96,K,E
0.63696370486699,P37840,96,K,S
0.982127134277302,P37840,96,K,P
0.939666407463681,P37840,96,K,V
0.965299598313458,P37840,96,K,I
0.95510055293603,P37840,96,K,C
0.97936201194888,P37840,96,K,Y
0.354596053556403,P37840,96,K,H
0.0553628778164324,P37840,96,K,R
0.774123841971304,P37840,96,K,N
0.95187104757892,P37840,96,K,D
0.773332763399785,P37840,96,K,T
0.991243705509263,P37840,97,K,G
0.968932864988363,P37840,97,K,A
0.986849108845903,P37840,97,K,L
0.870286828019124,P37840,97,K,M
0.989491766931395,P37840,97,K,F
0.992831931902571,P37840,97,K,W
6.54571508352993e-05,P37840,97,K,K
0.948843563414643,P37840,97,K,Q
0.996593806876073,P37840,97,K,E
0.979758055290672,P37840,97,K,S
0.993571054677034,P37840,97,K,P
0.987139270779161,P37840,97,K,V
0.991250929315218,P37840,97,K,I
0.989035367864558,P37840,97,K,C
0.994958860991122,P37840,97,K,Y
0.960262103261396,P37840,97,K,H
0.489447327215661,P37840,97,K,R
0.990242032530068,P37840,97,K,N
0.992518300935708,P37840,97,K,D
0.972120851602584,P37840,97,K,T
0.977303547937077,P37840,98,D,G
0.820264804788067,P37840,98,D,A
0.99356270122769,P37840,98,D,L
0.973586250528482,P37840,98,D,M
0.993675944770156,P37840,98,D,F
0.995077752438168,P37840,98,D,W
0.989337140240712,P37840,98,D,K
0.975521704863207,P37840,98,D,Q
0.152804342541807,P37840,98,D,E
0.937494052137318,P37840,98,D,S
0.997487923767753,P37840,98,D,P
0.979817648217064,P37840,98,D,V
0.99595824893918,P37840,98,D,I
0.977937182550691,P37840,98,D,C
0.997090079374534,P37840,98,D,Y
0.952803536455868,P37840,98,D,H
0.992147988137562,P37840,98,D,R
0.921201272619643,P37840,98,D,N
5.6067735885813e-05,P37840,98,D,D
0.96569229942167,P37840,98,D,T
0.830728039384548,P37840,99,Q,G
0.170287852593342,P37840,99,Q,A
0.862868238027193,P37840,99,Q,L
0.58599476277377,P37840,99,Q,M
0.84338601571519,P37840,99,Q,F
0.804735622847392,P37840,99,Q,W
0.727664484185773,P37840,99,Q,K
0.000200461475957209,P37840,99,Q,Q
0.0752063607944978,P37840,99,Q,E
0.325937391445088,P37840,99,Q,S
0.336007228847792,P37840,99,Q,P
0.819207955031643,P37840,99,Q,V
0.857387880440813,P37840,99,Q,I
0.830997410409004,P37840,99,Q,C
0.835089249768652,P37840,99,Q,Y
0.0683486571117662,P37840,99,Q,H
0.546316871116697,P37840,99,Q,R
0.658039745035491,P37840,99,Q,N
0.335200829492625,P37840,99,Q,D
0.168969901593089,P37840,99,Q,T
0.94773304304522,P37840,100,L,G
0.314650152144759,P37840,100,L,A
6.93217125585166e-05,P37840,100,L,L
0.0266606575882108,P37840,100,L,M
0.0785842553261164,P37840,100,L,F
0.707964400880154,P37840,100,L,W
0.947814397424741,P37840,100,L,K
0.660418016812108,P37840,100,L,Q
0.968092931940346,P37840,100,L,E
0.868320522615724,P37840,100,L,S
0.907930715915023,P37840,100,L,P
0.280754629491335,P37840,100,L,V
0.0761475338354822,P37840,100,L,I
0.878040637290211,P37840,100,L,C
0.7782024263652,P37840,100,L,Y
0.875550538919558,P37840,100,L,H
0.962171528727016,P37840,100,L,R
0.921242584848525,P37840,100,L,N
0.985273988565875,P37840,100,L,D
0.311870946617455,P37840,100,L,T
0.000114884748129793,P37840,101,G,G
0.0144697047200733,P37840,101,G,A
0.166523414245804,P37840,101,G,L
0.0487452866394388,P37840,101,G,M
0.115033826166154,P37840,101,G,F
0.255980750212776,P37840,101,G,W
0.177815115994577,P37840,101,G,K
0.0635920340577934,P37840,101,G,Q
0.0469594212693022,P37840,101,G,E
0.0234435986207733,P37840,101,G,S
0.188136428054651,P37840,101,G,P
0.0735631633582247,P37840,101,G,V
0.219286358134735,P37840,101,G,I
0.0756849585364431,P37840,101,G,C
0.430369697881463,P37840,101,G,Y
0.0443893944317112,P37840,101,G,H
0.161516042949895,P37840,101,G,R
0.0493885803642148,P37840,101,G,N
0.103928211161485,P37840,101,G,D
0.0318524821034506,P37840,101,G,T
0.727374536103531,P37840,102,K,G
0.368145584566941,P37840,102,K,A
0.75699925402529,P37840,102,K,L
0.340134519389148,P37840,102,K,M
0.657625906935678,P37840,102,K,F
0.853858529733137,P37840,102,K,W
3.8074306199791e-05,P37840,102,K,K
0.293857388926616,P37840,102,K,Q
0.767590951777418,P37840,102,K,E
0.364719000174568,P37840,102,K,S
0.365084274477205,P37840,102,K,P
0.742463917499339,P37840,102,K,V
0.792697605343946,P37840,102,K,I
0.629386842588412,P37840,102,K,C
0.79408604851645,P37840,102,K,Y
0.280171283302424,P37840,102,K,H
0.189205366460012,P37840,102,K,R
0.699917630668295,P37840,102,K,N
0.771607039561537,P37840,102,K,D
0.368551411985286,P37840,102,K,T
0.04388468934031,P37840,103,N,G
0.0137587801268055,P37840,103,N,A
0.160029928516676,P37840,103,N,L
0.0940164509590342,P37840,103,N,M
0.142791634392399,P37840,103,N,F
0.168057533067055,P37840,103,N,W
0.0345388899354227,P37840,103,N,K
0.0480685829921436,P37840,103,N,Q
0.0586947620275422,P37840,103,N,E
0.0155096402288508,P37840,103,N,S
0.380159719693514,P37840,103,N,P
0.0312238307279306,P37840,103,N,V
0.123150476154224,P37840,103,N,I
0.102214345939547,P37840,103,N,C
0.0981247880889456,P37840,103,N,Y
0.0389878330391755,P37840,103,N,H
0.0547270103641671,P37840,103,N,R
0.000186067582069033,P37840,103,N,N
0.0424443760377182,P37840,103,N,D
0.0159383458183948,P37840,103,N,T
0.288146347030302,P37840,104,E,G
0.1432426652051,P37840,104,E,A
0.785754868466952,P37840,104,E,L
0.230335755913162,P37840,104,E,M
0.789608134423815,P37840,104,E,F
0.47660558728487,P37840,104,E,W
0.431390806402775,P37840,104,E,K
0.20936444910302,P37840,104,E,Q
0.000128427130845531,P37840,104,E,E
0.114910544002368,P37840,104,E,S
0.770064799997956,P37840,104,E,P
0.392854803842034,P37840,104,E,V
0.82270409714248,P37840,104,E,I
0.718462226928355,P37840,104,E,C
0.844546496840411,P37840,104,E,Y
0.213683452188577,P37840,104,E,H
0.425096954114458,P37840,104,E,R
0.160887141624626,P37840,104,E,N
0.0374615431842879,P37840,104,E,D
0.202196105768894,P37840,104,E,T
0.26247003910975,P37840,105,E,G
0.184537890888322,P37840,105,E,A
0.78567037184665,P37840,105,E,L
0.51740972752399,P37840,105,E,M
0.857935712158948,P37840,105,E,F
0.87176453096185,P37840,105,E,W
0.296279381091451,P37840,105,E,K
0.152596936332139,P37840,105,E,Q
3.09719088795777e-05,P37840,105,E,E
0.147613403418522,P37840,105,E,S
0.790674167989603,P37840,105,E,P
0.53446529506702,P37840,105,E,V
0.816600946536855,P37840,105,E,I
0.593833449433101,P37840,105,E,C
0.858282062569034,P37840,105,E,Y
0.470457263872086,P37840,105,E,H
0.583899263939963,P37840,105,E,R
0.244175773599501,P37840,105,E,N
0.0737737397919546,P37840,105,E,D
0.405598703510836,P37840,105,E,T
6.68413968068143e-05,P37840,106,G,G
0.278273710907352,P37840,106,G,A
0.595836260613818,P37840,106,G,L
0.443222730257746,P37840,106,G,M
0.81210346266617,P37840,106,G,F
0.956171783748612,P37840,106,G,W
0.872917487473585,P37840,106,G,K
0.861252106644845,P37840,106,G,Q
0.278278746125798,P37840,106,G,E
0.204047423482331,P37840,106,G,S
0.854999884250365,P37840,106,G,P
0.836891077461843,P37840,106,G,V
0.922666239765037,P37840,106,G,I
0.75462857596138,P37840,106,G,C
0.937360228710113,P37840,106,G,Y
0.770377824821104,P37840,106,G,H
0.933957758282664,P37840,106,G,R
0.685453626218537,P37840,106,G,N
0.795654024750478,P37840,106,G,D
0.433852231320253,P37840,106,G,T
0.149541767408689,P37840,107,A,G
0.000337050532595993,P37840,107,A,A
0.0674631417701084,P37840,107,A,L
0.030458506922798,P37840,107,A,M
0.0878547496587212,P37840,107,A,F
0.218658206574133,P37840,107,A,W
0.149957475946226,P37840,107,A,K
0.101733933572782,P37840,107,A,Q
0.254521937719701,P37840,107,A,E
0.154259567693504,P37840,107,A,S
0.159065374295759,P37840,107,A,P
0.0320559419715558,P37840,107,A,V
0.0557192866085796,P37840,107,A,I
0.255442721826291,P37840,107,A,C
0.0841178629313063,P37840,107,A,Y
0.163308803866869,P37840,107,A,H
0.248795848107484,P37840,107,A,R
0.210840596856341,P37840,107,A,N
0.357055689028714,P37840,107,A,D
0.0579351678515463,P37840,107,A,T
0.114714698845744,P37840,108,P,G
0.0377301899744378,P37840,108,P,A
0.119283260923021,P37840,108,P,L
0.0769153319338074,P37840,108,P,M
0.239335005619747,P37840,108,P,F
0.44387210291104,P37840,108,P,W
0.160466281582401,P37840,108,P,K
0.127388152354596,P37840,108,P,Q
0.0924557315697159,P37840,108,P,E
0.127090977910052,P37840,108,P,S
0.000446211734691459,P37840,108,P,P
0.136329198378682,P37840,108,P,V
0.211571728687518,P37840,108,P,I
0.122380401905029,P37840,108,P,C
0.360252239048346,P37840,108,P,Y
0.119014272902934,P37840,108,P,H
0.167710761947076,P37840,108,P,R
0.140971535138805,P37840,108,P,N
0.218402409393267,P37840,108,P,D
0.0485217039618904,P37840,108,P,T
0.525904084983279,P37840,109,Q,G
0.56980325289192,P37840,109,Q,A
0.824967241050013,P37840,109,Q,L
0.718998527511909,P37840,109,Q,M
0.729210118447888,P37840,109,Q,F
0.838809832552431,P37840,109,Q,W
0.844003756317493,P37840,109,Q,K
0.000116882391042307,P37840,109,Q,Q
0.267821193292677,P37840,109,Q,E
0.449153048425632,P37840,109,Q,S
0.209580654542856,P37840,109,Q,P
0.521441771863173,P37840,109,Q,V
0.878585238352234,P37840,109,Q,I
0.816926525941894,P37840,109,Q,C
0.795643298837662,P37840,109,Q,Y
0.663550350538114,P37840,109,Q,H
0.576336613108887,P37840,109,Q,R
0.605850621519109,P37840,109,Q,N
0.775211546466826,P37840,109,Q,D
0.311977002551924,P37840,109,Q,T
0.758446153733065,P37840,110,E,G
0.524070766248751,P37840,110,E,A
0.853015162447914,P37840,110,E,L
0.81709389223014,P37840,110,E,M
0.908920677258295,P37840,110,E,F
0.990236356948945,P37840,110,E,W
0.706968273853082,P37840,110,E,K
0.335762151193976,P37840,110,E,Q
4.72856157875287e-05,P37840,110,E,E
0.54762574945168,P37840,110,E,S
0.829693929403099,P37840,110,E,P
0.93498091183313,P37840,110,E,V
0.935143019152315,P37840,110,E,I
0.908603824144718,P37840,110,E,C
0.971312821366693,P37840,110,E,Y
0.753994508789085,P37840,110,E,H
0.799767641085711,P37840,110,E,R
0.76092177530907,P37840,110,E,N
0.40960305951384,P37840,110,E,D
0.864489370027219,P37840,110,E,T
8.43615687214173e-05,P37840,111,G,G
0.0721866532997482,P37840,111,G,A
0.933818608720817,P37840,111,G,L
0.798344285420942,P37840,111,G,M
0.944181571903507,P37840,111,G,F
0.980773337288443,P37840,111,G,W
0.94545138834002,P37840,111,G,K
0.870569289681023,P37840,111,G,Q
0.4501812144243,P37840,111,G,E
0.370750182335542,P37840,111,G,S
0.94231336230692,P37840,111,G,P
0.910781845861258,P37840,111,G,V
0.973908164365704,P37840,111,G,I
0.92411810870451,P37840,111,G,C
0.981377821887673,P37840,111,G,Y
0.740289997500705,P37840,111,G,H
0.903446745590133,P37840,111,G,R
0.551321789378341,P37840,111,G,N
0.617761581764006,P37840,111,G,D
0.449109837273715,P37840,111,G,T
0.409464449143884,P37840,112,I,G
0.0617083408487931,P37840,112,I,A
0.0288464689211951,P37840,112,I,L
0.0937400585872808,P37840,112,I,M
0.0449047599172632,P37840,112,I,F
0.150091269263909,P37840,112,I,W
0.434219775896098,P37840,112,I,K
0.0825077412951912,P37840,112,I,Q
0.238213184497257,P37840,112,I,E
0.121865152003832,P37840,112,I,S
0.664611276864025,P37840,112,I,P
0.0534237741153588,P37840,112,I,V
0.000135447124052095,P37840,112,I,I
0.0953464433782309,P37840,112,I,C
0.153149123045291,P37840,112,I,Y
0.12374127259363,P37840,112,I,H
0.348118182104799,P37840,112,I,R
0.12976043426221,P37840,112,I,N
0.324549567797969,P37840,112,I,D
0.0560610852626415,P37840,112,I,T
0.542321766329756,P37840,113,L,G
0.0586459733669897,P37840,113,L,A
0.000161954544238947,P37840,113,L,L
0.0430962858054367,P37840,113,L,M
0.136845541091588,P37840,113,L,F
0.156601753750892,P37840,113,L,W
0.290995682840003,P37840,113,L,K
0.159456756836109,P37840,113,L,Q
0.293664733780797,P37840,113,L,E
0.294327827850602,P37840,113,L,S
0.922190233362657,P37840,113,L,P
0.0777117963064854,P37840,113,L,V
0.0152403550636677,P37840,113,L,I
0.360670260680059,P37840,113,L,C
0.330951781301592,P37840,113,L,Y
0.275097242041047,P37840,113,L,H
0.384328100685405,P37840,113,L,R
0.290681676136104,P37840,113,L,N
0.599618557085883,P37840,113,L,D
0.10801650442087,P37840,113,L,T
0.461706880257661,P37840,114,E,G
0.129007657196806,P37840,114,E,A
0.658283124703924,P37840,114,E,L
0.23554441295397,P37840,114,E,M
0.615595938450537,P37840,114,E,F
0.578400842645526,P37840,114,E,W
0.393430658310878,P37840,114,E,K
0.0728728928346628,P37840,114,E,Q
0.000183706823053872,P37840,114,E,E
0.159118359286724,P37840,114,E,S
0.844927942100068,P37840,114,E,P
0.569475694544491,P37840,114,E,V
0.717822606301336,P37840,114,E,I
0.578443542056598,P37840,114,E,C
0.710476662294471,P37840,114,E,Y
0.325281380358577,P37840,114,E,H
0.555723109101617,P37840,114,E,R
0.278339977052488,P37840,114,E,N
0.121270018261864,P37840,114,E,D
0.194273272168724,P37840,114,E,T
0.206414430614902,P37840,115,D,G
0.0778132974404206,P37840,115,D,A
0.862470565220521,P37840,115,D,L
0.715096120004901,P37840,115,D,M
0.871273367013427,P37840,115,D,F
0.832962180479256,P37840,115,D,W
0.731705735205443,P37840,115,D,K
0.695762225260625,P37840,115,D,Q
0.121210569876252,P37840,115,D,E
0.29676216592322,P37840,115,D,S
0.376162634619996,P37840,115,D,P
0.760423168244835,P37840,115,D,V
0.791931080247478,P37840,115,D,I
0.546398879596045,P37840,115,D,C
0.91764796005936,P37840,115,D,Y
0.494379028100933,P37840,115,D,H
0.908176694636064,P37840,115,D,R
0.201566858570705,P37840,115,D,N
0.000175944458390359,P37840,115,D,D
0.710256140356907,P37840,115,D,T
0.343389490896354,P37840,116,M,G
0.0075704529827774,P37840,116,M,A
0.00755534568747226,P37840,116,M,L
1.29226820107815e-05,P37840,116,M,M
0.193565071307827,P37840,116,M,F
0.333776992063463,P37840,116,M,W
0.445879905603338,P37840,116,M,K
0.175232336692613,P37840,116,M,Q
0.543276885846373,P37840,116,M,E
0.0292086000867959,P37840,116,M,S
0.904155726793201,P37840,116,M,P
0.00819663059708193,P37840,116,M,V
0.0130676319584599,P37840,116,M,I
0.324702373012593,P37840,116,M,C
0.369171159697119,P37840,116,M,Y
0.232745043351058,P37840,116,M,H
0.0977510819895612,P37840,116,M,R
0.115429621444859,P37840,116,M,N
0.61294925850317,P37840,116,M,D
0.0123980488897489,P37840,116,M,T
0.186865548781143,P37840,117,P,G
0.0269612952089056,P37840,117,P,A
0.397054854622144,P37840,117,P,L
0.160787118112607,P37840,117,P,M
0.467450632861828,P37840,117,P,F
0.566185311975378,P37840,117,P,W
0.422610809513875,P37840,117,P,K
0.139632811024381,P37840,117,P,Q
0.317575642997712,P37840,117,P,E
0.121103680992845,P37840,117,P,S
3.6869360830452e-05,P37840,117,P,P
0.271398775801932,P37840,117,P,V
0.392140614540547,P37840,117,P,I
0.34596397991342,P37840,117,P,C
0.275910925180976,P37840,117,P,Y
0.321429103294554,P37840,117,P,H
0.54644528856319,P37840,117,P,R
0.154114073791773,P37840,117,P,N
0.292405432440115,P37840,117,P,D
0.112622075972003,P37840,117,P,T
0.487595762699037,P37840,118,V,G
0.0171082153829623,P37840,118,V,A
0.0409154206409414,P37840,118,V,L
0.0251518753543181,P37840,118,V,M
0.247708438743655,P37840,118,V,F
0.260529904641584,P37840,118,V,W
0.587405594230718,P37840,118,V,K
0.249604320150954,P37840,118,V,Q
0.908982517044811,P37840,118,V,E
0.135495898555512,P37840,118,V,S
0.964724812023203,P37840,118,V,P
2.21278478166157e-05,P37840,118,V,V
0.00579980897882405,P37840,118,V,I
0.336965317095643,P37840,118,V,C
0.611741803579098,P37840,118,V,Y
0.634292149558105,P37840,118,V,H
0.571893941314559,P37840,118,V,R
0.84656781755169,P37840,118,V,N
0.467264154704249,P37840,118,V,D
0.0414606691249385,P37840,118,V,T
0.681278650600952,P37840,119,D,G
0.252518868207157,P37840,119,D,A
0.943835368435967,P37840,119,D,L
0.838579786827424,P37840,119,D,M
0.960127035964113,P37840,119,D,F
0.960441050905701,P37840,119,D,W
0.860330406712919,P37840,119,D,K
0.843771194698382,P37840,119,D,Q
0.039197111477053,P37840,119,D,E
0.234181317773285,P37840,119,D,S
0.964189564964138,P37840,119,D,P
0.925030456062812,P37840,119,D,V
0.864774441540036,P37840,119,D,I
0.918619164818749,P37840,119,D,C
0.975371939531115,P37840,119,D,Y
0.843668494605834,P37840,119,D,H
0.912410023566808,P37840,119,D,R
0.322528888893151,P37840,119,D,N
0.000235084343187361,P37840,119,D,D
0.60399902748343,P37840,119,D,T
0.707415363782035,P37840,120,P,G
0.350418715442941,P37840,120,P,A
0.734498380711632,P37840,120,P,L
0.407780745461354,P37840,120,P,M
0.905760815253925,P37840,120,P,F
0.948072211268512,P37840,120,P,W
0.779456719009177,P37840,120,P,K
0.447682983138176,P37840,120,P,Q
0.686091156827534,P37840,120,P,E
0.501286866697391,P37840,120,P,S
0.000115688797939308,P37840,120,P,P
0.864021481833262,P37840,120,P,V
0.81387231071223,P37840,120,P,I
0.867057400891996,P37840,120,P,C
0.779841471206655,P37840,120,P,Y
0.702111994525538,P37840,120,P,H
0.870950448313996,P37840,120,P,R
0.6241305726998,P37840,120,P,N
0.780612596945519,P37840,120,P,D
0.222426439260322,P37840,120,P,T
0.233171829325557,P37840,121,D,G
0.0706145857629673,P37840,121,D,A
0.658844558648998,P37840,121,D,L
0.599793618246242,P37840,121,D,M
0.839249328608239,P37840,121,D,F
0.801134739734868,P37840,121,D,W
0.32938687352963,P37840,121,D,K
0.232923951521219,P37840,121,D,Q
0.00550105805393037,P37840,121,D,E
0.0912602217036766,P37840,121,D,S
0.97202302253603,P37840,121,D,P
0.732960293277973,P37840,121,D,V
0.824607914328497,P37840,121,D,I
0.385399488578018,P37840,121,D,C
0.87414241722466,P37840,121,D,Y
0.533719949944041,P37840,121,D,H
0.495533521404733,P37840,121,D,R
0.188231684379711,P37840,121,D,N
0.000109041239314611,P37840,121,D,D
0.633292194198659,P37840,121,D,T
0.392038847297104,P37840,122,N,G
0.112819503674295,P37840,122,N,A
0.633338422540175,P37840,122,N,L
0.805382374278785,P37840,122,N,M
0.906314591047666,P37840,122,N,F
0.885530269070926,P37840,122,N,W
0.713386312542716,P37840,122,N,K
0.69707059222134,P37840,122,N,Q
0.65857440278236,P37840,122,N,E
0.170462630606655,P37840,122,N,S
0.480075508982691,P37840,122,N,P
0.900375344172124,P37840,122,N,V
0.932600618428937,P37840,122,N,I
0.821856435465795,P37840,122,N,C
0.92683560921593,P37840,122,N,Y
0.6539862840613,P37840,122,N,H
0.675343310643374,P37840,122,N,R
0.000148525416065761,P37840,122,N,N
0.633496702904806,P37840,122,N,D
0.302438177113344,P37840,122,N,T
0.534095335801081,P37840,123,E,G
0.25240544473308,P37840,123,E,A
0.890406896564899,P37840,123,E,L
0.764921285334216,P37840,123,E,M
0.881633230521411,P37840,123,E,F
0.933024185102903,P37840,123,E,W
0.255555866172597,P37840,123,E,K
0.353946842272081,P37840,123,E,Q
4.30359767279822e-05,P37840,123,E,E
0.235323666081187,P37840,123,E,S
0.818062518616968,P37840,123,E,P
0.773850190378904,P37840,123,E,V
0.903394774232652,P37840,123,E,I
0.744169046026627,P37840,123,E,C
0.944522357086458,P37840,123,E,Y
0.492345264787275,P37840,123,E,H
0.385663956313335,P37840,123,E,R
0.72778112032709,P37840,123,E,N
0.379894820084018,P37840,123,E,D
0.712460302953842,P37840,123,E,T
0.384940213167351,P37840,124,A,G
0.000207252742179315,P37840,124,A,A
0.450786646764153,P37840,124,A,L
0.430562974762869,P37840,124,A,M
0.772109259884409,P37840,124,A,F
0.784820592020056,P37840,124,A,W
0.64512093884722,P37840,124,A,K
0.491488014279585,P37840,124,A,Q
0.548157443379102,P37840,124,A,E
0.232103349189098,P37840,124,A,S
0.677807898144859,P37840,124,A,P
0.146160338885744,P37840,124,A,V
0.473003390056613,P37840,124,A,I
0.707826525538063,P37840,124,A,C
0.853290904339065,P37840,124,A,Y
0.544134932064879,P37840,124,A,H
0.907721955160163,P37840,124,A,R
0.298647376427887,P37840,124,A,N
0.577010584357073,P37840,124,A,D
0.345873236208219,P37840,124,A,T
0.94709054031432,P37840,125,Y,G
0.586637564121649,P37840,125,Y,A
0.807081628340658,P37840,125,Y,L
0.61396323263996,P37840,125,Y,M
0.347905317260222,P37840,125,Y,F
0.617777415059562,P37840,125,Y,W
0.780743724479731,P37840,125,Y,K
0.888594161810143,P37840,125,Y,Q
0.890147981160196,P37840,125,Y,E
0.707149146819801,P37840,125,Y,S
0.86760202155528,P37840,125,Y,P
0.563064144711554,P37840,125,Y,V
0.794172260916527,P37840,125,Y,I
0.883379509518024,P37840,125,Y,C
6.07661423756957e-05,P37840,125,Y,Y
0.297931038229166,P37840,125,Y,H
0.952899439761412,P37840,125,Y,R
0.813188497641398,P37840,125,Y,N
0.971903033450883,P37840,125,Y,D
0.638571472194249,P37840,125,Y,T
0.669793520852063,P37840,126,E,G
0.360630327554367,P37840,126,E,A
0.837004713310801,P37840,126,E,L
0.763892379698961,P37840,126,E,M
0.899780266879954,P37840,126,E,F
0.958687509899819,P37840,126,E,W
0.525323822795552,P37840,126,E,K
0.580955065816252,P37840,126,E,Q
9.97362429599287e-05,P37840,126,E,E
0.290502985018495,P37840,126,E,S
0.764953385872308,P37840,126,E,P
0.90534788278476,P37840,126,E,V
0.961809880712946,P37840,126,E,I
0.911169826608688,P37840,126,E,C
0.780623312176171,P37840,126,E,Y
0.539017656562855,P37840,126,E,H
0.613034862653348,P37840,126,E,R
0.406195790465604,P37840,126,E,N
0.40473643772132,P37840,126,E,D
0.561759480245175,P37840,126,E,T
0.902665495350006,P37840,127,M,G
0.177962668203196,P37840,127,M,A
0.368602235997423,P37840,127,M,L
7.41986938473157e-06,P37840,127,M,M
0.547310074887567,P37840,127,M,F
0.78683402765235,P37840,127,M,W
0.670115321197147,P37840,127,M,K
0.622175075349939,P37840,127,M,Q
0.563309906975255,P37840,127,M,E
0.656256925956522,P37840,127,M,S
0.853658624630587,P37840,127,M,P
0.377527250347776,P37840,127,M,V
0.548063632634026,P37840,127,M,I
0.720860814108793,P37840,127,M,C
0.800503089346306,P37840,127,M,Y
0.797877428145407,P37840,127,M,H
0.799319602033466,P37840,127,M,R
0.292991767955142,P37840,127,M,N
0.358998217848959,P37840,127,M,D
0.554342377399879,P37840,127,M,T
0.352633505597493,P37840,128,P,G
0.028675689213237,P37840,128,P,A
0.359689021289887,P37840,128,P,L
0.211959313477603,P37840,128,P,M
0.549432171899536,P37840,128,P,F
0.638617514585559,P37840,128,P,W
0.497451277860274,P37840,128,P,K
0.059351326731745,P37840,128,P,Q
0.273193285086125,P37840,128,P,E
0.119897925562806,P37840,128,P,S
0.000153938057289373,P37840,128,P,P
0.407276487785027,P37840,128,P,V
0.526568504260737,P37840,128,P,I
0.303870708680573,P37840,128,P,C
0.532602255239231,P37840,128,P,Y
0.251154808850695,P37840,128,P,H
0.520910187018775,P37840,128,P,R
0.188874912399245,P37840,128,P,N
0.40960782491456,P37840,128,P,D
0.10015157321597,P37840,128,P,T
0.0661512086299372,P37840,129,S,G
0.0248639193696081,P37840,129,S,A
0.129234506334307,P37840,129,S,L
0.0665786646250868,P37840,129,S,M
0.134742785115939,P37840,129,S,F
0.262013561499678,P37840,129,S,W
0.169967673043664,P37840,129,S,K
0.0573213848771991,P37840,129,S,Q
0.0708180056210203,P37840,129,S,E
4.81010609974449e-05,P37840,129,S,S
0.107657400575181,P37840,129,S,P
0.0648897014790722,P37840,129,S,V
0.238502669712097,P37840,129,S,I
0.0823413262326204,P37840,129,S,C
0.377121690467211,P37840,129,S,Y
0.124340681305679,P37840,129,S,H
0.150030059830666,P37840,129,S,R
0.0419224454467622,P37840,129,S,N
0.207789368951455,P37840,129,S,D
0.0260536677207418,P37840,129,S,T
0.418181641936901,P37840,130,E,G
0.166113968233155,P37840,130,E,A
0.869951905388947,P37840,130,E,L
0.681915476651526,P37840,130,E,M
0.779962039553742,P37840,130,E,F
0.931506077026031,P37840,130,E,W
0.794532753099158,P37840,130,E,K
0.0837534773716219,P37840,130,E,Q
7.99845596454619e-05,P37840,130,E,E
0.223701204801303,P37840,130,E,S
0.903715896328069,P37840,130,E,P
0.860910059294232,P37840,130,E,V
0.952983304442389,P37840,130,E,I
0.772799583516261,P37840,130,E,C
0.949319794896993,P37840,130,E,Y
0.273455575483443,P37840,130,E,H
0.118006573403724,P37840,130,E,R
0.321134257386331,P37840,130,E,N
0.262222076728472,P37840,130,E,D
0.619639957399446,P37840,130,E,T
0.348989405299897,P37840,131,E,G
0.107981249673174,P37840,131,E,A
0.927335392667348,P37840,131,E,L
0.672880206379784,P37840,131,E,M
0.781996442180764,P37840,131,E,F
0.951948482202091,P37840,131,E,W
0.427429164147424,P37840,131,E,K
0.231249496090833,P37840,131,E,Q
4.69308985603215e-05,P37840,131,E,E
0.371575407914769,P37840,131,E,S
0.885929407259341,P37840,131,E,P
0.586529022094957,P37840,131,E,V
0.947566869132421,P37840,131,E,I
0.778937557548651,P37840,131,E,C
0.95946899378301,P37840,131,E,Y
0.430366271371883,P37840,131,E,H
0.669520717384765,P37840,131,E,R
0.415022301425315,P37840,131,E,N
0.196866812184149,P37840,131,E,D
0.377923025624202,P37840,131,E,T
0.000242223478538358,P37840,132,G,G
0.0485278384639339,P37840,132,G,A
0.570962427259785,P37840,132,G,L
0.275880553454771,P37840,132,G,M
0.328382942316449,P37840,132,G,F
0.650357249388963,P37840,132,G,W
0.217211355404431,P37840,132,G,K
0.079355438600304,P37840,132,G,Q
0.0934381941507154,P37840,132,G,E
0.0776576630578066,P37840,132,G,S
0.882078262872892,P37840,132,G,P
0.335099900053536,P37840,132,G,V
0.654677317161455,P37840,132,G,I
0.554322119328231,P37840,132,G,C
0.508842832856622,P37840,132,G,Y
0.1834563837771,P37840,132,G,H
0.350710388815741,P37840,132,G,R
0.27541178399993,P37840,132,G,N
0.17318021869342,P37840,132,G,D
0.193644744490511,P37840,132,G,T
0.773315487240503,P37840,133,Y,G
0.513919890422289,P37840,133,Y,A
0.305946260645126,P37840,133,Y,L
0.374063214165692,P37840,133,Y,M
0.0747379856217203,P37840,133,Y,F
0.632517294195178,P37840,133,Y,W
0.801548482926391,P37840,133,Y,K
0.374475569121742,P37840,133,Y,Q
0.854024458458369,P37840,133,Y,E
0.563918538659674,P37840,133,Y,S
0.96409113595364,P37840,133,Y,P
0.237862972298622,P37840,133,Y,V
0.475797987944343,P37840,133,Y,I
0.365672915060154,P37840,133,Y,C
5.11175855875737e-05,P37840,133,Y,Y
0.177649637861656,P37840,133,Y,H
0.420718707206693,P37840,133,Y,R
0.666297027811407,P37840,133,Y,N
0.90178931522265,P37840,133,Y,D
0.269809892108622,P37840,133,Y,T
0.65242034961748,P37840,134,Q,G
0.324007434393608,P37840,134,Q,A
0.258209026263367,P37840,134,Q,L
0.296347368814889,P37840,134,Q,M
0.944939016044134,P37840,134,Q,F
0.913949162670268,P37840,134,Q,W
0.682564915142182,P37840,134,Q,K
5.7399881783683e-05,P37840,134,Q,Q
0.221814499431349,P37840,134,Q,E
0.321295430397151,P37840,134,Q,S
0.962103182005564,P37840,134,Q,P
0.54126360286075,P37840,134,Q,V
0.59178284437188,P37840,134,Q,I
0.686683940936199,P37840,134,Q,C
0.935899998737632,P37840,134,Q,Y
0.234380634146451,P37840,134,Q,H
0.086359304955277,P37840,134,Q,R
0.367476739146352,P37840,134,Q,N
0.60329528068648,P37840,134,Q,D
0.150453297996095,P37840,134,Q,T
0.731383869239507,P37840,135,D,G
0.374982293332535,P37840,135,D,A
0.818485521342852,P37840,135,D,L
0.724386091782734,P37840,135,D,M
0.930919815275976,P37840,135,D,F
0.887453704235199,P37840,135,D,W
0.774892009170101,P37840,135,D,K
0.471384423779358,P37840,135,D,Q
0.0947634732111087,P37840,135,D,E
0.248138199447697,P37840,135,D,S
0.943250861631525,P37840,135,D,P
0.91530631556269,P37840,135,D,V
0.961828466089718,P37840,135,D,I
0.828091526893105,P37840,135,D,C
0.965390425366661,P37840,135,D,Y
0.606625668887431,P37840,135,D,H
0.605515075660336,P37840,135,D,R
0.421725778333581,P37840,135,D,N
0.000220780057311767,P37840,135,D,D
0.603964863735306,P37840,135,D,T
0.783725886995139,P37840,136,Y,G
0.249359287290464,P37840,136,Y,A
0.399657515301992,P37840,136,Y,L
0.252702790437025,P37840,136,Y,M
0.102084791436069,P37840,136,Y,F
0.571669761681846,P37840,136,Y,W
0.752986201047857,P37840,136,Y,K
0.735460453142971,P37840,136,Y,Q
0.896936257977738,P37840,136,Y,E
0.566483896824832,P37840,136,Y,S
0.936046320018705,P37840,136,Y,P
0.334174311509173,P37840,136,Y,V
0.693667507866093,P37840,136,Y,I
0.553971086842537,P37840,136,Y,C
2.8027926275558e-05,P37840,136,Y,Y
0.167589799040794,P37840,136,Y,H
0.717979578022667,P37840,136,Y,R
0.88502516070178,P37840,136,Y,N
0.927940122310656,P37840,136,Y,D
0.470665819543525,P37840,136,Y,T
0.159702565636976,P37840,137,E,G
0.101368671653207,P37840,137,E,A
0.37504175985409,P37840,137,E,L
0.241966476469715,P37840,137,E,M
0.765050353319839,P37840,137,E,F
0.84393783949508,P37840,137,E,W
0.538143980288399,P37840,137,E,K
0.195582663086431,P37840,137,E,Q
5.75358866599146e-05,P37840,137,E,E
0.106987480323572,P37840,137,E,S
0.607880765959308,P37840,137,E,P
0.715154446891765,P37840,137,E,V
0.817000773480086,P37840,137,E,I
0.554895266500893,P37840,137,E,C
0.745294411374026,P37840,137,E,Y
0.30321742856921,P37840,137,E,H
0.444306894960053,P37840,137,E,R
0.352168696297395,P37840,137,E,N
0.234774702058421,P37840,137,E,D
0.39158548620732,P37840,137,E,T
0.618760803604876,P37840,138,P,G
0.0956880963518799,P37840,138,P,A
0.714323708642017,P37840,138,P,L
0.205968901371884,P37840,138,P,M
0.776617278762217,P37840,138,P,F
0.924948982918905,P37840,138,P,W
0.660195702558934,P37840,138,P,K
0.428594821047765,P37840,138,P,Q
0.683571515097195,P37840,138,P,E
0.222028865251894,P37840,138,P,S
8.52178255595629e-05,P37840,138,P,P
0.702028535789378,P37840,138,P,V
0.768941531160566,P37840,138,P,I
0.727215280340232,P37840,138,P,C
0.690882149316805,P37840,138,P,Y
0.637943207968067,P37840,138,P,H
0.836839774028512,P37840,138,P,R
0.513474881219551,P37840,138,P,N
0.824430147108336,P37840,138,P,D
0.426177061359864,P37840,138,P,T
0.600199275693452,P37840,139,E,G
0.233276157842315,P37840,139,E,A
0.574929522938357,P37840,139,E,L
0.499163592079137,P37840,139,E,M
0.661282861001453,P37840,139,E,F
0.86546933237272,P37840,139,E,W
0.562127840263673,P37840,139,E,K
0.189986038995906,P37840,139,E,Q
7.16837467984914e-05,P37840,139,E,E
0.109056315632751,P37840,139,E,S
0.864819626974513,P37840,139,E,P
0.784159168939781,P37840,139,E,V
0.852412909695423,P37840,139,E,I
0.367306618558727,P37840,139,E,C
0.852972678987146,P37840,139,E,Y
0.229486548395877,P37840,139,E,H
0.326577657936115,P37840,139,E,R
0.107563589411926,P37840,139,E,N
0.107003502052549,P37840,139,E,D
0.274534352996116,P37840,139,E,T
0.561142885731391,P37840,140,A,G
9.18766018637833e-05,P37840,140,A,A
0.743533622619789,P37840,140,A,L
0.544195435984384,P37840,140,A,M
0.872220814076154,P37840,140,A,F
0.862599153821532,P37840,140,A,W
0.94709435441565,P37840,140,A,K
0.782060725202522,P37840,140,A,Q
0.856391760527702,P37840,140,A,E
0.336196731249244,P37840,140,A,S
0.944595536743548,P37840,140,A,P
0.728911614063237,P37840,140,A,V
0.752671766266695,P37840,140,A,I
0.754213520248784,P37840,140,A,C
0.856313602153733,P37840,140,A,Y
0.839463067630823,P37840,140,A,H
0.888423036473061,P37840,140,A,R
0.636939221274922,P37840,140,A,N
0.793701338485107,P37840,140,A,D
0.551381106696144,P37840,140,A,T
