variant_info,PHACTboost,PHACT,MSAboost,prot_vars
1,0.934831602730211,0.000156375076763464,0.0482235384721981,O00329-524Y/S
1,0.711023038654009,0.000787984548972521,0.494904746665617,O00571-369T/S
1,0.414012602637815,0.00048155102794994,0.216081680461099,O00764-75N/K
1,0.0448061997337849,0.00116358519525111,0.0284058411999599,O14686-2647D/N
1,0.677536424935878,0.000651101429542281,0.50591589438867,O14746-1040A/T
1,0.441590587442774,0.000304013871287246,0.681649566578884,O14746-938R/W
-1,0.172678661332477,0.00035557752544193,0.190797038438014,O14841-459R/C
-1,0.028649290456419,0.00100078062653567,0.522959609625098,O14976-1265K/R
1,0.470971562660376,3.8191981043394e-05,0.490874987006327,O15020-2077A/V
1,0.114109546238823,0.000393853648063041,0.0203136970725276,O15020-1453D/V
1,0.125477615054199,0.00108646275638221,0.395704181202477,O15118-1036T/S
1,0.119081307772613,0.00154520283920674,0.105805155788297,O15118-978R/S
1,0.149062077668402,0.000546209688923257,0.613541232011237,O15118-372R/W
1,0.239951248673598,0.000410713853400264,0.311893153783538,O15230-513G/E
1,0.607063539989627,0.000692414944101455,0.927662381804685,O15266-112Q/P
1,0.998007585608898,0.00022377810947685,0.960130601751302,O15305-162R/P
1,0.457305090407465,0.000612038519823322,0.0959347775656274,O15305-195H/R
1,0.738018749868885,0.000473523751540499,0.54327570463216,O15305-239R/S
1,0.995059138524912,0.000288880970472848,0.924186091447083,O15305-238R/P
-1,0.260147155526859,0.000131971721851064,0.217696797446792,O15393-160V/M
1,0.437788610083056,0.000125134617743117,0.0818992908605808,O15528-112P/L
1,0.999984402709199,0,0.999997607808152,O43291-1M/I
1,0.853216798006096,0.00016713016372535,0.680381513586015,O43497-161I/F
1,0.999999679631741,0,0.999996009204953,O43511-1M/R
1,0.997384611854228,1.62555863239482e-05,0.975632460163118,O43526-256G/V
1,0.866653036174835,0.000145550428111088,0.348038156263144,O43776-226V/L
1,0.481524639601853,0.000286745315211477,0.615191142759353,O43918-18I/M
1,0.913629910152786,0.000198579500537723,0.335788501289563,O60500-806A/T
1,0.0866129603696636,0.000441423236893729,0.109764171855753,O60524-926P/L
-1,0.0387521391628474,0.000171400979065582,0.0835119818624503,O60568-629T/M
-1,0.230509437105776,0.000342719742999306,0.0771444245773756,O60716-915R/K
1,0.998782646860379,5.55494607122675e-07,0.991735284146465,O60741-397I/M
1,0.999998091392087,0,0.99999019530876,O60762-1M/V
-1,0.0212373417743602,0.0024094170378041,0.023268183137135,O60885-1097R/H
-1,0.345669889402642,0.00015999714590558,0.444707590275847,O75051-46R/H
1,0.283618922104314,0.000710181686074338,0.599830473450824,O75197-70F/Y
1,0.880011534580128,0.000143376579919517,0.878757668218342,O75197-395R/W
1,0.79813295494206,2.12595504228549e-05,0.904862914700245,O75369-167D/E
1,0.897659086590338,0.000139457874610739,0.162891736731191,O75445-2347V/E
1,0.0772270739857114,0.000818185149674028,0.379876422603782,O75445-192N/T
1,0.995124545616907,9.68173945978926e-07,0.559640337066151,O75445-3130W/L
1,0.620186581127226,0.000155267989322195,0.884567028683739,O75445-2356N/S
1,0.990392645952654,1.11131053977061e-05,0.953921850667004,O75445-391S/R
1,0.999993810194632,0,0.999997072958354,O75489-1M/I
1,0.945986548195107,0.000118336516856855,0.865652084058487,O76024-629R/W
1,0.93987911065134,0.000207207487957661,0.894165116894876,O76082-38S/C
1,0.999992999069537,0,0.99999138974967,O95363-1M/I
-1,0.197068698998078,0.0001852745802904,0.337561352521702,O95425-668S/L
1,0.999971360555271,0,0.999985377831056,O95528-1M/V
1,0.999997166648798,0,0.999998010770079,O95571-1M/K
-1,0.00622502725064852,0.00041240902541749,0.366299402342324,O95644-751C/G
1,0.537973178354042,0.000232802593654186,0.686552987527483,O95721-40D/Y
-1,0.483515039287093,8.93146301260907e-05,0.386158538807155,O95786-580D/E
1,0.999441743977363,9.96008667002338e-05,0.999123226154078,P00439-145D/E
1,0.800811113663318,0.00177561713072704,0.875310752405603,P00439-104A/V
1,0.986120244397523,0.000294179983250816,0.984697798136987,P00441-91D/V
1,0.999150049412045,0.000171938001227772,0.986816499759108,P00441-112C/Y
1,0.858560702677387,0.000252725604750802,0.877964690884882,P00451-1764Q/R
1,0.99777148918153,3.35905200613931e-05,0.987535104718191,P00451-644L/V
-1,0.0843440932994388,0.00267415168511117,0.097303434480447,P00505-2A/S
1,0.00483261392658356,0.00049642865603358,0.0227098190225857,P00734-357E/G
1,0.9875369607158,0.000214746940467339,0.968137663550997,P00740-294R/L
1,0.901097727951706,0.000380569236419089,0.832031153781,P00740-380A/T
1,0.989469377602658,0.000156331055333126,0.838805298912094,P00740-342T/A
1,0.999994216103461,0,0.999989118508235,P00813-1M/V
1,0.211650542342646,0.000125671477842623,0.0913448212123805,P01024-161R/W
1,0.995151299991649,9.71513769316207e-05,0.991071803130916,P01130-350R/G
1,0.212763271965615,2.55801474130301e-05,0.834662835287099,P01148-31R/H
1,0.68664018758802,0.000606015198775659,0.663466792925922,P01241-85P/L
1,0.520908121422043,0.000147994015859692,0.729560267468987,P01308-98S/I
1,0.99996700658098,0,0.999689499499849,P02462-420G/R
-1,0.217072238770906,0.000239488477925039,0.422601727731599,P02538-335A/T
1,0.861157520510421,0.000173638397746416,0.941577822001007,P02647-197R/P
1,0.913250746987584,5.94061904965873e-05,0.994442817644802,P02766-54R/T
1,0.976660432918053,0.000388335618192429,0.728711949579424,P02766-55K/E
1,0.990964725836036,0.000325576142733651,0.916638602982762,P02766-79T/A
1,0.00887905058399076,0.000785586035624654,0.0542828377659157,P02771-608G/R
1,0.976685897528777,7.61783310880299e-05,0.993302463493189,P04062-272E/D
1,0.928940182550797,0.000777391994960108,0.676464671277284,P04062-310S/N
1,0.984888858715436,5.16205508643645e-05,0.970486262637854,P04070-51R/C
1,0.995919619509809,1.30924822087349e-05,0.971334557279741,P04070-158R/W
1,0.990677691263947,6.98230556139094e-05,0.409974718352487,P04264-178S/P
1,0.991320273319769,0.000324262038723186,0.824451122605399,P04275-2663R/C
1,0.465291893680625,0.000356171171338573,0.885603154628508,P04275-1421N/K
1,0.103209945177773,0.00022949535811545,0.491960207051944,P04629-101S/R
1,0.703111341368413,0.000278705556475448,0.421894253778494,P05106-27G/R
1,0.418055662407132,7.30553469671883e-05,0.54821954703488,P05129-140R/Q
1,0.99309577413883,6.85419657980048e-05,0.831501106813754,P05155-460S/P
1,0.999998797359415,0,0.999994092034044,P05186-1M/V
1,0.98860950785563,3.76439740676819e-05,0.982982704634241,P05186-359I/M
1,0.974855229331048,0.000101877962600404,0.572443300781952,P05186-414L/M
1,0.855975777989124,0.00044349496841973,0.818952720805838,P05186-493N/K
1,0.592325584263637,0.000449681355168166,0.796871931566603,P05186-275L/F
1,0.712793175779881,0.000285864493375707,0.656488585269116,P05186-367S/T
1,0.179211505465092,0.00120158449951254,0.763740886388816,P05186-424V/A
1,0.901518781996664,0.000176339902717074,0.736109244631218,P06213-238E/K
1,0.992397568979649,0.000366709989303518,0.940449250609152,P06280-19L/P
1,0.99999932214998,0,0.999999349640789,P06280-1M/I
1,0.921116664419377,0.00042012574791016,0.508489919390538,P06400-220L/V
1,0.999994719231513,6.50855705369117e-09,0.999995435597139,P07225-1M/L
1,0.323615110852008,0.000300278271796568,0.471570350810764,P07333-741D/N
1,0.982373376871873,3.63199086540741e-06,0.981406177895604,P07359-20C/G
1,0.402675143866166,6.17209533792817e-05,0.931162320083494,P07359-83L/F
1,0.917624539380625,0.000244091861141942,0.0454886438229374,P07741-54H/D
-1,0.133233681259095,0.00133636907630063,0.134343573870556,P07858-53S/G
1,0.999999722504985,5.02227149087445e-08,0.999997991433697,P07902-1M/R
1,0.999458777693006,3.3738356531838e-07,0.965061903285934,P07911-63C/W
1,0.395208185034994,0.000237498412384477,0.748205881802458,P07949-77R/C
1,0.999997857622599,0,0.999999390188464,P08246-1M/V
1,0.975034103006972,0.000102491148793612,0.853364123241631,P08246-101V/M
1,0.921192850803126,0.000113211260005033,0.270926021037956,P08246-53H/Q
1,0.991165339769418,5.18365983337002e-05,0.893924458728682,P08246-154M/R
1,0.766172530965658,9.23947207932269e-05,0.706138731461444,P08514-160S/R
1,0.932781413179771,9.23481668469973e-05,0.961486436316571,P08709-96R/G
-1,0.866786288667531,0.000100110054249407,0.924421398192396,P08779-41R/C
1,0.889637482394892,0.00037716193649618,0.243868432038005,P08F94-2665L/P
1,0.542242341196578,0.000510229189550589,0.707362487743567,P08F94-2957I/M
1,0.958802811197538,0.000286611859186577,0.848794663219898,P08F94-2840R/G
1,0.988798693222682,0.000126764287768736,0.901875587108944,P08F94-2827L/P
1,0.975701954461733,8.42945406576912e-05,0.972154665091111,P08F94-1968I/S
1,0.995057912971503,3.54611943939241e-06,0.932921845594853,P08F94-1431C/F
1,0.887562940639973,0.000851137313596916,0.519029798095956,P08F94-36T/A
1,0.121759631370636,0.00120948895030009,0.110377419664843,P09884-397D/N
1,0.999998413602023,0,0.999997658441533,P10253-1M/T
1,0.143180076056898,0.00032876832932257,0.537407607840432,P10275-355E/Q
1,0.999997486472905,0,0.999997050266222,P10589-1M/L
1,0.00646752812467482,0.000583269018953546,0.0138668377262915,P10745-1017M/K
1,0.949359776336782,0.000543672136733173,0.876944660956308,P10746-212S/P
1,0.96444786543781,3.74996799573309e-06,0.912372098568201,P11055-834F/S
1,0.999989841628274,0,0.999999754596562,P11166-1M/L
1,0.680213390368749,0.000363610820118065,0.542244246255516,P11217-704A/V
1,0.589876012351891,0.00180916486518295,0.543325573274961,P11310-78I/V
1,0.412979542373657,0.00183971627670445,0.80424780946018,P11413-355I/V
1,0.944861078378951,0.000316165089988,0.839507730251186,P11413-155H/D
1,0.870149213853486,0.0010602435641019,0.336182371559675,P11413-63E/K
1,0.281931195685247,0.00187485425947838,0.088417234044424,P11413-3E/K
-1,0.887310484133419,0.000145541411112432,0.810726415343159,P11586-769L/F
-1,0.466318536183094,5.23826062019008e-05,0.784762659860309,P12035-375R/G
1,0.814471798130044,0.000149119306735208,0.569680736931158,P12110-96Y/C
1,0.489136574758877,0.00023967741869429,0.747536667683805,P12755-28S/T
1,0.999994830777662,0,0.999997103693999,P12830-1M/L
1,0.999993330335365,0,0.999999692945344,P13224-1M/T
1,0.729936353693957,0.000107748969237073,0.497732139716926,P13224-158L/R
1,0.999985679014381,0,0.999968328624126,P13497-1M/T
1,0.981627438749393,9.08528375405947e-05,0.958507909713583,P13569-223A/V
1,0.993566240504865,2.31391579898499e-05,0.933481594430365,P13637-127A/V
1,0.999982888767936,0,0.999984491712701,P13805-1M/V
1,0.573268332585144,4.35538085774215e-06,0.646159637799149,P14136-236K/E
1,0.989583407358727,0.000111948137427741,0.173036716891709,P14222-410R/P
1,0.960293520578942,9.73073783810027e-05,0.274730571595491,P14222-317G/R
1,0.999996485088167,0,0.999998060988783,P14222-1M/T
1,0.999994558286078,0,0.999998060988783,P14222-1M/V
1,0.872366633045333,0.000176524845378141,0.204508280075363,P14222-410R/W
1,0.999995701732868,0,0.999998060988783,P14222-1M/I
1,0.998801468963752,3.00842238076341e-05,0.987459408992201,P14679-44S/R
1,0.540022307832679,0.000234596327055689,0.24059673638307,P14679-355A/G
1,0.99826335140807,0.000100473296460612,0.963743545165655,P14679-379G/V
1,0.807643956679101,0.000384802785946066,0.135265590769711,P14679-406P/A
1,0.978043392566752,7.77245750758766e-05,0.784367061322797,P14867-28Q/H
1,0.994815118137648,1.96245027230507e-06,0.979256063607577,P15538-384R/G
1,0.978432061569235,4.07684440005848e-05,0.973379350372135,P15538-332R/G
1,0.995027057860727,1.30156359946977e-05,0.986978716068834,P15538-384R/L
1,0.993768991541834,8.67946058896733e-05,0.983116599990998,P15538-384R/P
1,0.998034462017771,2.3016495736012e-06,0.925368185351619,P15538-332R/W
1,0.793600724233364,0.000206092819929134,0.939369676030365,P15538-306A/T
1,0.96108579176826,2.01903519928874e-06,0.946597511491294,P15538-42P/A
1,0.984751095591825,1.48486726626026e-06,0.964619937845489,P15538-42P/T
1,0.126695418781888,0.000486881966658292,0.765810318391471,P15848-486D/E
1,0.615713618509548,0.000177786894377436,0.31089528394779,P16112-756G/R
1,0.00442159955386843,0.000164004817820484,0.0312189133941835,P16157-1027S/R
-1,0.995667843020539,0,0.964005352712782,P17066-198L/F
1,0.924086244926799,8.5115325585176e-05,0.944137348343441,P17405-411E/D
1,0.176307917279296,0.000659806619750728,0.338128917102065,P17405-595L/V
1,0.991114531996241,0.000168617138009327,0.959940356417708,P17813-437R/P
1,0.234101714024361,0.00032291153280894,0.0176684954822355,P20585-1044G/S
1,0.123555842408988,0.000244458528259871,0.462791660603075,P20711-23G/V
-1,0.00240288081878275,0.00239268720375416,0.0465443986935853,P20810-537A/V
1,0.999998997517852,0,0.999982286717056,P20908-1M/R
1,0.947690924310998,0.000466589350542965,0.521736070198313,P21549-156G/A
1,0.888038666925916,7.7572537101797e-05,0.992737167774171,P21810-147K/N
1,0.998268719526855,8.41218284226061e-06,0.963612570060141,P21817-2676R/Q
1,0.999998398384166,0,0.999993157947722,P21953-1M/V
1,0.999993125515956,0,0.999997850309793,P22304-1M/T
1,0.344699872576095,0.000620284886458857,0.10488572647221,P22314-554P/S
1,0.0287677070640863,0.00113029575164197,0.62211071442793,P23416-396P/T
1,0.458985826573738,0.000182160762782158,0.0725669742578518,P24386-314G/R
1,0.999831953221169,1.08243729579556e-06,0.991774784384719,P25189-101W/C
1,0.736327549536946,0.000198052405561337,0.511859134331764,P26640-1115T/R
1,0.356114496547142,0.000440772986501013,0.40866418599112,P29400-76Q/H
1,0.999998469226064,0,0.999998599696985,P30084-1M/I
1,0.999999210196784,0,0.999998599696985,P30084-1M/T
1,0.999998755066434,0,0.999998599696985,P30084-1M/V
1,0.999466850074697,0.000249590531596206,0.95446570607253,P30084-238A/P
1,0.990120707970127,0.000267966621323446,0.952564647052291,P30084-159Q/H
1,0.731691268613879,0.000660425200034354,0.645877834871965,P30084-238A/V
1,0.993998476315164,0.000280601587485545,0.857961933536655,P30613-75L/P
-1,0.0187289691798724,0.000495622548306953,0.0983172499856079,P31415-140Y/F
-1,0.17893293844638,0.001768522105538,0.201251227249446,P31629-1242Y/C
1,0.782628103308547,0.000195975536317869,0.00357645220221817,P32004-1076T/P
1,0.994861817443822,0.000154874716660767,0.940479368498609,P33897-420H/P
1,0.98048253035073,7.3410154835505e-05,0.77320929091901,P34059-216F/L
1,0.999996588188592,0,0.999996993755678,P34059-1M/V
1,0.699762580729221,0.000218215547659545,0.757454901179373,P34949-398I/T
1,0.991968713754061,0.000115914337236689,0.92636093001733,P35498-1394T/I
1,0.998166690528157,1.21498276547511e-07,0.987127195478816,P35670-1304L/F
-1,0.74194197902445,1.69888752449374e-06,0.672310646968053,P36980-72C/Y
1,0.965187531126848,0.000148256609584117,0.813593732351596,P38398-1713V/L
1,0.127802382765173,0.00125802424362021,0.119554354726583,P38398-1688V/F
1,0.0874208812780835,0.000680579225717583,0.0294597056293837,P40855-54S/L
1,0.701147437386022,0.000121970347432225,0.737007496610771,P40879-393G/W
1,0.414035209752935,0.000253161500935469,0.946570249965986,P42262-766A/T
1,0.102838111597764,0.00102009998213609,0.00560906726768342,P43004-230I/T
1,0.69080487618174,0.000451932446209536,0.0402628702692647,P46821-1656Q/P
1,0.676766184437748,0.000133156492666337,0.295157525115045,P46937-86M/T
1,0.849165157528278,0.000388373512849953,0.147261464812952,P48048-110P/L
-1,0.111084182978019,0.000644687465566086,0.939636322685888,P48668-182R/Q
1,0.999996257335274,0,0.999996734198001,P48728-1M/T
1,0.999999344593459,0,0.999996734198001,P48728-1M/K
-1,0.0271153075871473,0.000255953929275151,0.018726646029423,P48736-522N/S
-1,0.0442447651009944,0.000241610100681044,0.0343556349982921,P50281-273D/N
1,0.0211756145776095,0.00184021674233723,0.0515015776690539,P50440-87C/R
-1,0.111901906986177,0.000336468642912672,0.267646671919361,P51178-257R/H
1,0.0261187075974766,1.23220470733017e-05,0.042122267622715,P51532-1273H/R
1,0.999981952325788,0,0.999992977033244,P51659-1M/L
1,0.578431993236032,0.000298111444306183,0.578278502302281,P51690-285R/K
1,0.646847722054644,0.000227469623665451,0.707024257568381,P51787-567I/F
1,0.898752106025795,4.7817670762904e-05,0.94974799329543,P51787-587T/R
1,0.0856379127764703,0.000114589155730143,0.208202931644371,P51816-1068S/W
1,0.991861030056478,5.20843770009609e-05,0.981499997804151,P53420-478G/E
1,0.99996991154242,0,0.999995963980357,P54760-1M/V
1,0.999996582717746,8.22747313214851e-07,0.999994374652252,P54802-1M/I
1,0.0620503011491122,0.000553951265709649,0.121215308580665,P54802-127N/K
1,0.923065993480888,0.000203993963325147,0.549574897799895,P55017-24T/I
1,0.971964241053549,0.000156074538707997,0.984141130346417,P55017-321R/W
1,0.997961469797139,0,0.98914160971114,P55017-495F/L
1,0.382414899248959,0.000391860492428626,0.383129082822943,P55160-371M/V
1,0.999996735053182,0,0.999979312180277,P56693-1M/V
1,0.999981118094361,2.50966827135342e-08,0.999991307368802,P57727-1M/V
1,0.999833330444784,0,0.9989759123832,P60709-28R/Q
1,0.999999010128109,0,0.999999561270199,P61764-1M/R
1,0.999980293258623,0,0.99999776806788,P61960-1M/V
1,0.883825823125996,0.0022683537907584,0.233723029178172,P61978-370D/G
1,0.999701109300048,0,0.91738417883459,P62805-33P/L
1,0.999310895076027,0,0.99939783741885,P62873-55L/V
1,0.899844595597781,0.00013022514838473,0.980656873180587,P69905-33M/I
1,0.995824844994672,0.000120402548764437,0.972834483799366,P78363-1748G/E
1,0.962401623651462,0.000136604806489306,0.975141650677156,P78363-413N/Y
1,0.826278675430275,0.000412686937659386,0.391631701410781,P78363-2263R/Q
1,0.999719460598624,7.84269439998577e-11,0.999422353545765,P78363-1022E/D
1,0.999840266510522,9.30694843315886e-05,0.981784973991055,P78363-617Q/P
1,0.943222593490477,0.000248110979218911,0.96827132992926,P78363-153I/T
1,0.99199648658812,0.000134139330312099,0.9733898046831,P78363-1897Q/H
1,0.967280861119812,0.000303707252798697,0.985015773228878,P78363-1860R/W
-1,0.0121962425292744,0.000471213048872372,0.390051272755924,P78386-189D/N
1,0.103654083338147,0.00068675901716265,0.214916054035835,P78504-972P/A
1,0.992764954263187,0.000105673610725968,0.919526068435124,P78562-413A/P
1,0.993750438285059,0.000175842765319798,0.988196470063447,P82279-937A/P
1,0.998101897582828,2.37943257579577e-05,0.96736107287438,P82279-702Y/C
1,0.953907533719908,0.000164493914837704,0.578691589345145,P82279-880N/K
-1,0.388154639243954,0.00128499608196745,0.183892141288125,P86791-410M/L
1,0.92089758687232,0.000200374355599805,0.559831448205066,P98161-3886R/P
1,0.86995851166016,0.00034790449347168,0.067476753378247,Q01082-2244A/D
1,0.999997604006691,0,0.999994650719664,Q01831-1M/R
1,0.999992241811015,0,0.999994650719664,Q01831-1M/T
1,0.999997231997176,0,0.999994650719664,Q01831-1M/K
-1,0.239152076638113,0.000136419057897857,0.199929037851225,Q01973-518T/M
1,0.859149748583808,0.00103406322865157,0.625492140846178,Q02388-1957R/Q
1,0.294489433866746,0.000602165158687146,0.220055018156537,Q02388-1924Q/R
1,0.986171597884764,0.000236681041588968,0.833034596838644,Q02388-2063R/G
1,0.999969978012289,0,0.999984756326146,Q02846-1M/V
1,0.999995982038035,0,0.99999552539761,Q03393-1M/V
1,0.86395576954639,0.000488403300575066,0.127330803902448,Q03393-129K/E
-1,0.0813896028149014,0.000438103995628185,0.00924609054639323,Q03519-313R/H
1,0.996733473997041,4.51496143176053e-05,0.929326767116866,Q04446-615A/P
1,0.166749599287434,0.000218001629426923,0.262446032764552,Q04671-211P/A
1,0.983883671575436,0.000203161975476804,0.789205972091102,Q05586-483K/Q
1,0.99925237988154,2.62230534373191e-05,0.983992938804454,Q05586-619I/M
1,0.981627022663524,0.000262489287117408,0.635468244466162,Q05586-794R/G
1,0.999991089694815,0,0.999995777855533,Q07001-1M/T
-1,0.0480378355827984,0.000679469920502365,0.0180346129268121,Q07954-2080D/N
1,0.983530184481254,0.00016453424085905,0.931281324176469,Q09428-111G/E
1,0.481818085938953,0.000451628131506604,0.333887489400847,Q12756-27I/V
1,0.93984358850665,0.000110425351395761,0.852191888846487,Q12809-78A/T
1,0.118635831540104,0.000489647346423648,0.0192426889739742,Q12873-99P/Q
-1,0.117342181948231,0.000584180681480587,0.0791032264284077,Q13099-205S/G
1,0.651983624763456,0.000166598446896847,0.878980572703674,Q13144-156I/M
1,0.553152082792668,0.000186401414902364,0.0771886920676278,Q13415-73E/K
-1,0.0954107738277888,0.00223030946780843,0.223375901666961,Q13423-63K/R
1,0.999988897982607,0,0.999999340237529,Q13510-1M/I
1,0.999576218523132,0,0.999170016299747,Q13554-147K/N
1,0.32770376128028,1.96065442125371e-05,0.691053509357983,Q13563-325R/Q
1,0.999977522569506,0,0.999997516656478,Q13608-1M/V
1,0.854783994869069,0.00026386959116337,0.946836979246302,Q13698-1242R/G
1,0.425449395517639,0.000466951762122877,0.330990110977992,Q13702-45V/L
1,0.216439522136227,0.000239281178991361,0.0368478935949897,Q14004-1070S/F
1,0.631838612142323,0.000545742051112332,0.549259210144828,Q14204-2745T/K
1,0.999852474381822,8.53647662619247e-05,0.990570221401851,Q14204-666E/D
1,0.999996238201642,0,0.999999493968414,Q14353-1M/T
1,0.542665630760343,0.00020610985310005,0.139655859507375,Q14721-590S/N
-1,0.0222343023825904,0.000883421923144764,0.0318802547955859,Q14839-1648S/L
1,0.726569188049786,3.30236704182376e-07,0.859927087359946,Q15170-90C/Y
1,0.999665931423091,3.41504174656125e-06,0.996290003769626,Q16281-419S/P
1,0.999433875710447,1.07508669110769e-06,0.952082218421537,Q16518-135N/K
1,0.41177771333444,0.000394361677303877,0.0503469154842253,Q16586-32V/A
1,0.0371275280099559,0.000192390353979491,0.621345603244517,Q16665-692S/C
-1,0.00324207710466805,0.00171913815714482,0.208534683883797,Q2KHM9-566P/L
1,0.999970440982493,2.24295636016245e-10,0.999988535092241,Q3T906-1M/T
-1,0.0832358799392816,0.000883327433073045,0.033754982733384,Q3V6T2-1189K/R
1,0.999987053508206,0,0.999961027995466,Q49MI3-1M/I
1,0.999997331759423,0,0.999961027995466,Q49MI3-1M/K
-1,0.483118793840493,0.000208875025084607,0.705280937882984,Q4AC94-1777A/E
-1,0.137040310286608,0.000390818015544673,0.680713246428632,Q4AC94-240H/D
1,0.0467895313762234,0.000701311089489271,0.233776859160206,Q4J6C6-698K/N
-1,0.765976486687156,0.000143181714567753,0.607385633909524,Q53EZ4-378H/L
1,0.239276971565732,0.000290581057571791,0.373572998842697,Q5HYA8-694T/N
1,0.645586512775946,0.000906375334127667,0.482105732831087,Q5HYA8-696L/V
1,0.406343321222348,2.50363746449696e-05,0.755822874625068,Q5IJ48-1073D/E
-1,0.0532393475113434,0.000549965878492181,0.0893685188637149,Q5JRX3-963V/I
1,0.313657145892689,0.000217655343965109,0.555309316891538,Q5JTZ9-580R/W
1,0.623670419417178,0.00019014066675823,0.489908199758482,Q5JUK3-982T/S
1,0.999985907828625,0,0.999993453551407,Q5T160-1M/T
1,0.999997152814346,0,0.999993453551407,Q5T160-1M/K
1,0.518110952302389,6.46601837042276e-09,0.891466573647499,Q5T1H1-2443E/A
-1,0.0338552776766109,0.00072346345580587,0.582207931221379,Q5TAP6-319R/H
-1,0.0715538284878827,0.000642166360979991,0.0310127946846266,Q5TAT6-151A/T
1,0.00192585840010157,0.00249797805602326,0.00140717849145459,Q5VU43-1226R/C
1,0.0061523743164104,0.00138750868551608,0.00542808797476398,Q5VU43-1478I/V
1,0.266040929117631,0.0006241850905248,0.00119553149509413,Q68CP9-1169G/S
1,0.0104502118666003,0.00071549894042174,0.0057668022115181,Q68CZ1-550Q/R
-1,0.0319699273804899,0.00864723888664369,0.352002553900516,Q6ICL3-245D/E
-1,0.119842087500936,0.00668604656240881,0.37113950148365,Q6ICL3-210E/K
-1,0.958510739000244,3.15736573767423e-05,0.471052227893704,Q6IWH7-435V/E
1,0.928958046617965,0.000152602538009247,0.465989911145482,Q6NVY1-259F/L
1,0.989486264749749,0,0.997578586424639,Q6NW34-145L/F
1,0.890263310161607,0.000366032740177218,0.73490890165672,Q6P2Q9-13P/L
1,0.999965123723891,0,0.999934511927119,Q6PD74-1M/V
-1,0.703313707277586,0,0.9993625295563,Q6PEY2-156R/W
1,0.978170245644307,4.52442884774307e-05,0.523615376662117,Q6VVB1-146D/E
-1,0.0929735243388263,0.000546742919959956,0.0775816155355872,Q6WRI0-124T/I
-1,0.449052766611134,8.44293733413851e-05,0.553135640528182,Q6XZB0-364G/E
-1,0.53678154701848,7.22219879983136e-05,0.844065556210876,Q6ZMH5-374S/T
1,0.0627878057779864,0.000416482792756288,0.0233526224400784,Q6ZRS2-1980M/I
-1,0.528069097249177,3.06933878759772e-05,0.109216508641353,Q6ZSZ5-453Y/F
1,0.692295567515581,0.000350260598828096,0.0294471210975906,Q71F56-761H/N
1,0.999995637830924,0,0.999830703147743,Q71F56-1M/L
1,0.991650489625818,0.000317646502441259,0.873160912834017,Q71U36-293N/S
-1,0.0669642253734134,0.000327451870721979,0.0528485079992208,Q75N90-1869N/K
-1,0.414093149627475,0.000384140489204022,0.887338536624339,Q75N90-1083R/W
1,0.999998915498525,0,0.999999428940613,Q7L5A8-1M/V
-1,0.269221760697287,0.000784141775393,0.095841441467744,Q7Z2Z2-991A/T
1,0.989351892816406,9.39835363848259e-06,0.473981660850195,Q7Z333-389L/F
-1,0.00411947177740537,0.000146784274308101,0.00904150761935117,Q7Z3T1-122R/W
-1,0.00273723762474542,7.32029040788832e-11,0.0803344616101719,Q7Z3T1-169C/S
-1,0.305393301275017,0.000320169899639841,0.733237491317986,Q7Z3Z0-267R/H
1,0.99999732897041,0,0.999957563819195,Q7Z449-1M/L
1,0.456019354898849,7.40528756777699e-05,0.375260656748341,Q7Z494-1253L/V
1,0.0514040559138541,0.000184137348267277,0.82470133831558,Q7Z4Q2-240P/L
1,0.964933656433363,9.45067850876141e-05,0.482518085573453,Q86XE5-220L/F
1,0.999153692431589,1.37539542176676e-05,0.766188242276573,Q86XK2-138R/G
1,0.998998220805121,9.46485903056272e-05,0.230776337541931,Q86XK2-135K/R
1,0.999994510344574,0,0.999987304023828,Q8IUX7-1M/K
-1,0.927963913871436,9.10831519534217e-05,0.707391213726575,Q8IVG5-522A/V
-1,0.438326602137573,0.00066614652018418,0.272203279239164,Q8IVS8-170L/V
-1,0.659797509969012,0.000140611250489328,0.472963675515773,Q8IWX7-367R/C
-1,0.398679864901284,9.25885942793766e-05,0.691479750591299,Q8IYG6-128L/V
-1,0.503864735430175,0.000223668004446347,0.968523341232292,Q8IYI6-672A/G
1,0.991261525420928,0.000104236871081241,0.930814018224264,Q8IZF0-322I/M
-1,0.55605737749868,0.000182697337740437,0.523107239925733,Q8IZJ3-322V/M
1,0.96686506769155,9.14546850154329e-05,0.940723386624724,Q8N119-119V/G
-1,0.0777407471602652,0.00019815230396145,0.497623373402301,Q8N2C7-529A/S
-1,0.0523887823170583,0.0022839681386181,0.0461369236866743,Q8N2C7-669S/T
-1,0.830237882839247,0.000149496277717836,0.52395803600058,Q8N2C7-1984V/L
-1,0.912893072830404,9.32612246761235e-06,0.908546532184801,Q8N441-424R/L
1,0.999993193822999,0,0.9999754202503,Q8N766-1M/V
1,0.999999180837924,0,0.9999754202503,Q8N766-1M/R
-1,0.027889720078492,0.000606462685915655,0.147111070281489,Q8NCN5-375V/L
1,0.708352690997691,0.00076051086798748,0.0822551477737681,Q8NFJ9-277R/K
-1,0.371728013204776,0.000426781704436351,0.42487238777117,Q8NFM7-566P/S
-1,0.0265835044765522,0.000126050879151019,0.933555482175794,Q8TCU3-330L/F
1,0.667001084662404,2.97112493397598e-05,0.425913186071813,Q8TD43-376I/T
1,0.975366754939951,0.000109489222367882,0.230626412674186,Q8TDI0-1419I/M
-1,0.143262643611706,5.09503657631513e-05,0.00698336628374142,Q8TDX9-1278P/Q
-1,0.00778659158213703,0.000437183272101276,0.239494220856163,Q8TEA7-425T/M
-1,0.0112668917183593,0.000396626216328936,0.0160264151231799,Q8TEA7-145D/N
-1,0.359955553500741,0.000432123732423046,0.487538215469515,Q8WWT9-303G/A
1,0.933250592784467,0,0.996009331572711,Q8WWZ3-190D/E
-1,0.00485082188324446,0.00196488150102079,0.23086891329239,Q8WXW3-630I/V
1,0.999935601364005,0,0.999980850520426,Q8WXX7-1M/L
1,0.0874367960372992,0,0.56468346354027,Q8WZ42-7004E/K
1,0.495955292409323,0.000283505429129128,0.946945808085757,Q8WZ55-33V/L
1,0.999999532297856,0,0.999996627325008,Q92560-1M/L
1,0.930087511960827,0.000343276172014114,0.792726283838076,Q92600-292R/W
1,0.999728668563313,8.54333351371883e-07,0.999502790307551,Q92736-2168H/Q
-1,0.0248801442654446,0.000405399994630633,0.365177800981178,Q92823-545P/A
1,0.970948844581758,0.000391359228113012,0.657051410343077,Q92947-268G/V
1,0.936674415248947,0.000259082600645036,0.930379296581452,Q92947-404A/G
1,0.960612723814583,0.000358454290542014,0.389255606307923,Q92947-53P/S
-1,0.550038308671647,0.00106864906872387,0.171065333762244,Q969P5-56N/S
-1,0.0662713464526449,0.000481964858484956,0.114337438790357,Q96AJ1-68A/S
1,0.100720716479622,0.00012792205364331,0.558241208628735,Q96AY3-36P/T
1,0.0400682891685707,0.00017402708012092,0.213211544697759,Q96D09-788S/I
1,0.999996057254094,0,0.999999284888109,Q96EY8-1M/L
-1,0.495929834780957,9.27431533259098e-05,0.350577967558115,Q96FC9-347A/D
-1,0.00160540119156856,0.00117135463668817,0.000271601924152642,Q96HY7-272Y/D
-1,0.000189634833657175,0.000598326559823051,6.8846464706578e-05,Q96HY7-607I/M
1,0.236587236762326,3.033781005311e-05,0.927172255645766,Q96IR7-251H/Q
1,0.0285866441899787,0.00109722480477343,0.00476354863241331,Q96JI7-815R/K
1,0.996811661598344,0.000117160070313857,0.57088794318705,Q96JM2-1747S/F
1,0.378555508684617,0.000812240652036915,0.110364639885165,Q96LB3-179Q/E
1,0.0179742095832771,2.58751110638314e-08,0.0248445268322165,Q96M86-304R/Q
-1,0.0362619751860127,0.00119519271347752,0.190210337770698,Q96NH3-1232E/A
-1,0.173208486222734,0.000112616225145875,0.136515222085267,Q96NY8-146L/M
-1,0.218685277369594,0.000139522570286226,0.442945618454385,Q96NY8-104P/T
1,0.634211793385824,0.000117396128919722,0.101329951073028,Q96PV0-1051G/C
1,0.964363868948763,5.1144122160428e-05,0.893603819480219,Q96PV0-1066P/S
1,0.999996988500958,3.30704516987653e-08,0.999998742533122,Q96RQ3-1M/T
-1,0.151044818857231,0.000602780355433525,0.0932669991374212,Q96RT1-914K/R
-1,0.23505597402175,0.00327207532497462,0.146631779011258,Q96S38-319P/L
-1,0.277630470766171,0.000246654639628007,0.0837140866234795,Q96S44-123R/Q
1,0.999656556659958,1.71051846255693e-05,0.989065309292339,Q99250-273N/K
1,0.995990169053294,0,0.995428643960242,Q99502-513L/M
1,0.420877699332576,5.76914854437214e-05,0.318455350484023,Q99607-187T/N
1,0.797005459640733,9.30526772237606e-05,0.985605996996584,Q99972-499I/F
-1,0.28772847189202,0.000362504437251233,0.199634561827369,Q9BQI3-392W/R
1,0.994955786323644,0,0.996380729124556,Q9BX84-252D/E
1,0.586697479979714,0.000244894418538931,0.907464937723651,Q9BXJ9-16R/G
-1,0.58164165537622,0.000136397712242374,0.0640012152468302,Q9BXT6-182R/C
-1,0.214221178415168,0.000277976688394359,0.179825312283578,Q9C000-354G/D
-1,0.0205346826550346,0.00015176043542489,0.0157041379569627,Q9C0G6-1331R/H
1,0.999989193091085,0,0.999990962863279,Q9GZT5-1M/I
1,0.999999488126476,1.59477318409902e-06,0.999998852547797,Q9GZZ9-1M/V
-1,0.680352746986663,9.8846554562572e-05,0.432664619699367,Q9H1B5-56D/N
1,0.900368113500126,3.27766237971389e-05,0.287393559629166,Q9H222-437N/K
1,0.0385975246843729,0.000324950515381562,0.123526523551762,Q9H251-2685A/S
1,0.116088531657662,0.000213559163355862,0.0101389939520532,Q9H6K4-8M/V
-1,0.990099516929966,2.43149054368768e-05,0.706835039592107,Q9H790-151L/P
1,0.196857330080511,0.000411840983098194,0.500280044739263,Q9H845-15R/C
1,0.984275719419257,0.000393919999247243,0.728025726189863,Q9H9S5-176R/G
1,0.999209519622637,9.70138085280874e-05,0.916618955140819,Q9HAB3-52S/P
-1,0.0103554345137199,0.00017653680259118,0.773249574732116,Q9HB55-340P/A
-1,0.60540518039303,4.30070663409369e-05,0.517234298742285,Q9HCU4-2881R/C
-1,0.450927262203665,1.84765842178516e-05,0.984583959313415,Q9NPA1-53A/T
1,0.363026655510117,0.000505685204581968,0.0507153185048489,Q9NPF4-53I/F
-1,0.059854134528039,0.000911081768413043,0.187108802699653,Q9NQ48-246D/N
1,0.08672942902506,0.000317433536637335,0.074319692152533,Q9NRF2-616S/P
-1,0.0216763298284514,0.00097564029867515,0.268662123729665,Q9NRH3-413M/V
1,0.570765624363013,0.000100153653242755,0.815478212175092,Q9NRR6-456N/T
-1,0.00859221669033031,0.000242007712693113,0.104380133411603,Q9NS15-438A/V
-1,0.740539520841554,0.000120476559196728,0.637093530967663,Q9NTQ9-103R/C
1,0.99998324125863,0,0.999997023311756,Q9NUX5-1M/T
1,0.999989011287944,0,0.999981162878162,Q9NW38-1M/I
1,0.999998364692633,0,0.999981162878162,Q9NW38-1M/R
1,0.999990485700774,0,0.999986771979618,Q9NWF4-1M/I
1,0.730299949564026,0.000163420813944117,0.151536622525161,Q9NWS8-287I/F
-1,0.381368669203053,0.000263010385897122,0.194422085916303,Q9NYL2-784K/T
1,0.632618478404291,0.00133992749652368,0.713379400481449,Q9NZW4-18V/G
1,0.398845694196866,0.000590930756556386,0.683431895877386,Q9P2D1-699S/G
1,0.977228486618421,8.43883089510449e-05,0.88595897364094,Q9UBP0-290K/N
1,0.876930800559939,0.000170732504441486,0.2799153574236,Q9UBP0-349L/F
-1,0.229135237388951,7.84265060055725e-05,0.242797597864469,Q9UFH2-1914V/M
-1,0.039678235001522,0.00045746352746662,0.0484265263828668,Q9UFH2-1547P/T
-1,0.211735340193322,0.000476844528268487,0.00778394245527103,Q9UFH2-1157G/R
-1,0.104831492530015,0.000394515719580042,0.449666927843095,Q9UGP5-438R/W
1,0.999980795888183,0,0.999990671040288,Q9UI09-1M/V
1,0.568102420473827,0.000279006101330691,0.478998946938025,Q9UKA2-566I/V
1,0.993495691703441,8.65585990296736e-05,0.958056461877951,Q9UKA2-450C/W
-1,0.682833190036414,0.000311579039006778,0.272879116177392,Q9UKG1-334D/E
1,0.918884310005693,0.000279747624801738,0.345637410366701,Q9UKN7-236Y/C
1,0.955059678415044,0.000279660065086383,0.92869507563411,Q9UM47-1309R/C
1,0.294731451935015,0.000194237833095549,0.00907581048596084,Q9UMN6-1017A/V
1,0.999991692823183,0,0.999995680960959,Q9UMX9-1M/I
1,0.00919967756692594,0.00119764092273359,0.0507679473912756,Q9UPM9-114R/Q
1,0.930248447240451,9.67915038939291e-05,0.890235990989955,Q9UPW6-234V/M
1,0.285999425671596,0.000392712562333713,0.131392450829733,Q9UQE7-682V/I
1,0.497885184484662,0.000191013117480331,0.0783971803462912,Q9UQR1-638P/Q
-1,0.183369112292611,0.00128889035427425,0.0273379194895859,Q9Y297-543A/S
1,0.725137696495571,0.000373636308138786,0.65520066347342,Q9Y2I8-260D/N
1,0.949919127786048,0.000273411394464978,0.972705908228941,Q9Y4A5-1031I/M
1,0.257347653599118,0.000658581731992462,0.350188415976882,Q9Y5N6-22R/K
1,0.830703042742451,0.000133683100452203,0.928795098344061,Q9Y5X4-188P/R
1,0.974737853644427,8.04024439368769e-05,0.488024331519036,Q9Y5X4-309R/G
-1,0.0480997140160913,0.000811779089684248,0.215853040344255,Q9Y5X9-298T/S
-1,0.0836530057360733,0.000643434411242787,0.128360626592847,Q9Y618-1699A/T
1,0.999631910276853,0,0.993646249131164,Q9Y6X0-867S/R
1,0.972730649340677,0.000127762945877582,0.63179821500597,Q9Y6X9-431A/V
-1,0.00878489491049728,2.51961582371257e-09,0.452608838461866,P31358-10T/N
-1,0.377840820055912,0.00022759369277837,0.955106581806669,Q9H7F4-42A/G
-1,0.326487278656455,0.000274620991470848,0.0238609427684301,O60287-798L/P
-1,0.0219677236834086,2.21545076085537e-09,0.244133131484103,M0QZD8-849P/S
-1,0.00484663158029356,5.42378474364805e-05,0.432640213087671,A6NET4-44G/D
-1,0.0183656357445676,0.000508344426339832,0.411024771538971,Q147U7-71M/T
-1,0.011129299353689,0.000409337589990862,0.101868766251939,Q9NRR5-501P/H
-1,0.470722975887038,0.000779357704883715,0.723811648889989,Q6ZMG9-6A/T
-1,0.416904940561294,7.94721337910209e-05,0.683159356538331,Q9C0B2-1069G/R
-1,0.273478578532121,0.000117866440781622,0.8258786134654,P60827-238Y/S
-1,0.329058428270902,0.000179456312653085,0.0650051978804503,Q9Y2G4-122Q/E
-1,0.390965421616439,0.00020954030183276,0.316103817406292,Q99571-242S/G
-1,0.168880295566256,0.000205747940568811,0.289551443322939,Q8IWJ2-1280H/Y
-1,0.00872770696829755,0.000176258457156791,0.0689487590712892,Q9BV44-459R/Q
-1,0.285482407253373,0.000158383596118671,0.787687575053685,Q8N413-285R/C
-1,0.823426809529005,0.000258383165190851,0.393044024365197,Q8IZU2-417T/S
-1,0.0184970941206222,0.00138563263318169,0.00816447015836487,Q5T0Z8-260S/A
-1,0.0753897053720876,0.000349478668055941,0.382236525046952,Q66K14-948T/I
-1,0.0221617914916637,0.000534732391711345,0.026505578082563,Q96ER3-426S/G
-1,0.182346989384593,9.63584098531001e-05,0.387482549416367,Q9H6Y2-210S/F
-1,0.0826620604116965,0.00041434435318964,0.032274413266524,Q5T124-165E/G
-1,0.131652279097014,5.16165170653009e-06,0.350670925929305,Q8WXS8-937L/M
-1,0.828570318351504,3.8535977615926e-05,0.740306486807795,P12645-67Y/N
-1,0.437874776067322,0.000371933683519157,0.118589584468006,Q9NSY0-397L/P
-1,0.00898777777543609,0,0.0681886254695526,Q3LI64-48G/V
-1,0.377515170761892,0.00010240529175608,0.36941824068535,Q8N8Z6-714L/F
-1,0.15232955228457,5.04728534569586e-12,0.0856933879681316,A6NCV1-61L/F
-1,0.045907577099116,1.7309273919343e-05,0.124976845898541,Q86WI3-142E/V
-1,0.646148466193108,0.000164178257603191,0.480165055298714,Q96CN9-87C/W
-1,0.00929397474905682,0.00186895355789181,0.021545355177851,Q5VYJ5-1277I/V
-1,0.0168541344797364,0.000492900033046579,0.0654336417533867,P14415-124Q/L
-1,0.960949041081648,0.000158014540793154,0.770624724777513,Q86YB8-129D/V
-1,0.0279619188831369,0.00015068453568622,0.0068554879050567,Q5VZ89-793S/C
-1,0.0397834822975788,0.00066144960585193,0.0883791982754927,Q14802-40G/S
-1,0.1030915430242,7.31784428237208e-05,0.0551806357353294,Q2KJY2-579L/V
-1,0.0228556452992349,0.000450956106248986,0.106781594982556,Q9Y6Y8-638D/H
-1,0.352754472124938,7.39549343189887e-06,0.0511106104148689,Q8NGE0-279Y/H
-1,0.298953817840087,0.000382321625707259,0.308167955354039,Q14849-117R/Q
-1,0.133037152193468,0.000251856359633374,0.392937631224815,O15090-412P/H
-1,0.287315210593622,9.49747655916178e-05,0.871619612738101,Q6P9F0-141T/M
-1,0.0768772221559687,0.000269301448784611,0.109898963262644,P32926-771S/F
-1,0.0363997275442207,0.000657631923817259,0.211304672559334,Q96PD2-723D/N
-1,0.0196345614449681,0.000730962898949986,0.028976317924743,Q9NXL6-363T/I
-1,0.913368773402185,1.23746184182811e-10,0.60907339179214,Q6NUM6-389H/R
-1,0.0142593410214745,0.00117923091218237,0.0299839849889559,O43861-732M/L
-1,0.11980633701274,0.00120434428757051,0.00689786263067406,Q9GZV5-74P/Q
-1,0.284917016204395,0.00082399529743005,0.19928094462837,Q9Y490-1984A/T
-1,0.00644473908860886,0.000224151650948597,0.306967844432566,Q9Y2K3-454R/Q
-1,0.0293801038889618,0.000665573323137633,0.0685627963048931,Q9HCH5-306I/V
-1,0.32486019750098,5.21751532636623e-05,0.032037576026713,Q8IWI9-1270C/R
-1,0.0383333164647961,9.78206808894441e-06,0.996816091837302,A6PVI3-126G/S
-1,0.179188225019841,0.000448702145992484,0.181607740976857,Q96GX9-20D/N
-1,0.00971568482862589,0.000130401030539668,0.0476042917290788,P42694-74V/M
-1,0.00604213400656444,0.000442918941030429,0.0963072222840421,Q13332-991A/V
-1,0.167779600645381,0.00017881691007806,0.901895366459535,Q9H009-174T/R
-1,0.0364664873454007,1.32956119199678e-05,0.858750226498775,A0A1B0GVV1-53R/Q
-1,0.0408780920452746,8.08157805140213e-06,0.970436797306267,Q5VT03-541L/H
-1,0.299311544335861,2.20214008568183e-05,0.365116562827746,Q86V20-244S/G
-1,0.00442064540518078,0.000633754124922323,0.0272183342571119,P38570-892Q/H
-1,0.0837886779420189,0.000237088236780293,0.0769584604877494,Q6P4H8-75T/M
-1,0.143428465468306,8.83280076640997e-05,0.544402242693323,Q496H8-89E/A
-1,0.00225832185726632,5.05938279814006e-05,0.664788377568347,Q96RD2-105F/Y
-1,0.00914550311535554,0.000374102130512445,0.837907663827845,Q6PF05-195K/T
-1,0.554722879922691,9.4229122607952e-05,0.517614691561378,O94919-446G/V
-1,0.0148505960333006,0.000575717236404264,0.161918544623611,Q6ZWJ8-731G/E
-1,0.305846461107831,0.000479084356762387,0.244701428624951,Q8TBY9-870V/L
-1,0.0438914519516351,0.000522525806456027,0.0207506684593187,Q8TCT0-211T/M
-1,0.00504482139469564,0.000206180116855237,0.158617059152268,Q53H47-126D/G
-1,0.0115403599087099,0.000119062199074612,0.556966558018859,P0DPD7-170R/W
-1,0.913008896186381,3.50597083850164e-05,0.916157741107154,Q587I9-124A/E
-1,0.00996828960103817,9.71825718548246e-05,0.0167064894784828,Q8NGD1-58P/A
-1,0.0724416778331115,0.0024143296830941,0.00885063017958451,P62917-98I/V
-1,0.0890463601312417,8.74866100697046e-06,0.117352586044767,Q6ISU1-106V/I
-1,0.465012828549014,0.00018616590478284,0.10367015040644,O95881-80T/M
-1,0.0411743678378985,0.000601985364471501,0.00371005865401296,Q8IYK2-156R/L
-1,0.790610496519092,0.000141919017017231,0.285225073429348,Q8IV35-53K/E
-1,0.347280819124722,0.000143423865254534,0.0417239543285838,Q3KQU3-433R/W
-1,0.00365585043278162,0.000278366447348346,0.495596975985468,Q8IYU4-429M/T
-1,0.283983656569369,0.000568490356463764,0.0219213849106066,Q969V3-214E/D
-1,0.0335616369519406,0.0005393192307481,0.11698497363023,Q8WU76-512L/S
-1,0.025402501577097,0.00121975626032632,0.0339075604247639,Q9UDX4-364R/C
-1,0.0475814068380189,0.000159560242447682,0.616949518180125,Q9Y5I3-549V/M
-1,0.598818524683916,1.65205781930306e-08,0.961088975104756,P0DN25-205C/F
-1,0.740990655711132,0.000861756570267832,0.258020435553633,Q9UJX5-465R/Q
-1,0.0237705123665353,0.00019972876414712,0.302135042526989,O75155-476P/L
-1,0.794033622141466,7.53542203602216e-05,0.809972493163373,P16444-104V/M
-1,0.00192789388676579,0.00028450947111163,0.00550771862852333,Q8NGJ1-102F/S
-1,0.337353977979352,2.82806194733666e-05,0.663453401434713,Q9H3Y6-301V/L
-1,0.0201439437377069,0.00152135658448741,0.429096299982412,Q15109-82G/S
-1,0.0152911503680293,0.00019420367998065,0.0109530596714188,O15516-208S/C
-1,0.00656478295731811,7.39915279924713e-06,0.674315503036817,Q9BYR3-5C/F
-1,0.00400833016143207,0.000395420652445404,0.0505306732278418,A5D8V6-8T/N
-1,0.0167114963035521,0.00157577318965479,0.356449210455675,Q96N06-129T/I
-1,0.0157629266761491,0.00025463796583805,0.639056893715717,Q86V87-684L/F
-1,0.113211502961792,0.000321374012890119,0.0806239260917057,Q9NWH7-478C/Y
-1,0.213373437440117,0.000125860022258209,0.0119081807377826,Q9Y661-419R/L
-1,0.00225211624791428,0.000493229845410849,0.0575704484694,O95050-219E/G
-1,0.106299413674649,0.000626432893200993,0.723479429378103,P32856-54K/R
-1,0.0787327387967202,1.77917528198069e-06,0.349885094779475,Q674R7-141R/W
-1,0.110005769757612,0.000107244230481699,0.46757985704966,Q8N8V2-86P/H
-1,0.0600657107160686,0.000880334946652612,0.0737364459618977,B0I1T2-49V/M
-1,0.320481288358477,2.22659084092851e-05,0.0710597932045228,A8MXQ7-248G/R
-1,0.197774946718039,2.51756975185826e-05,0.740144026353284,Q86VI1-242R/G
-1,0.335861851629445,0.000113226616786691,0.152998243494831,Q4VNC0-344K/E
-1,0.014838199892264,0.000474597710982099,0.189245057355802,Q8IWA6-398G/D
-1,0.0053889717666005,0.000271206187020122,0.356288271822921,Q8IUA7-1306K/T
-1,0.719239107717422,0.000160493761902297,0.561191410169107,Q92546-286H/Q
-1,0.517870401869025,8.82609303202398e-06,0.735567513065955,P54855-330A/V
-1,0.106497121577373,0.00020975567826744,0.127083311590357,Q15678-857G/D
-1,0.034283571792911,0.000909993239247051,0.0396521422214432,Q9UJA9-171I/V
-1,0.96817898891206,0.000146715628037411,0.748510040537653,Q8N7P3-177L/P
-1,0.198973953145001,0.00100778050719357,0.309332070497681,Q9Y490-1227S/L
-1,0.413150983517121,7.97779591970088e-05,0.823846745936105,Q8TCD5-68P/L
-1,0.116018520278573,0.000200226100916788,0.911056148442775,P98196-915A/T
-1,0.0219288750088759,0.000164957837145159,0.213177404613919,Q6MZZ7-596I/T
-1,0.299329991836107,0.000474117303296167,0.192198291853687,Q9P286-335R/P
-1,0.00477699833440193,0.000804406182801859,0.403833789866209,Q96KJ4-228G/R
-1,0.0394470323859513,0.000191893236488668,0.565220067325264,Q9Y5E2-689V/L
-1,0.0499578323473643,0.000304909133620451,0.246688230383986,Q8NGP4-3N/S
-1,0.0426539454881802,8.35337161297493e-05,0.0156964976383262,Q6V1P9-1606A/T
-1,0.247743256728233,0.000142840112375888,0.00139086162315599,A2A2Y4-485D/Y
-1,0.0188794991063525,9.78175055011751e-05,0.486781515506282,Q9UBD6-202R/C
-1,0.00893829257438241,0.000500041683921418,0.00918529688776738,Q9ULE4-887E/Q
-1,0.00356213221179398,3.71690204389061e-05,0.462945626311966,Q13291-333P/T
-1,0.0335362231734764,0.000173301209627617,0.450496638727166,Q02386-303P/R
-1,0.0320901985102844,0.000147877894045018,0.915467006768946,A0PJW8-81A/V
-1,0.370815036190674,2.20174330457352e-05,0.859110674111023,Q7Z3Z3-375P/S
-1,0.142672519494855,0.000493776572823515,0.209040734638918,Q9H3Z7-10L/Q
-1,0.131640121019825,0.000311982239417941,0.616823907337164,Q4G0M1-294R/C
-1,0.282833915713202,0.000251029039583027,0.0218400505771491,Q96SB8-464R/G
-1,0.28548331286552,0.000126266391794806,0.800800212954011,Q96JK9-1064P/H
-1,0.089067508585041,0.000483557654688918,0.0568439830013305,Q9UPZ6-841R/H
-1,0.650568466294873,8.62426262960838e-05,0.0182514227569721,O95359-2730G/R
-1,0.300125189667754,7.93933720621603e-05,0.576035089460004,O95154-309P/L
-1,0.0122998044440656,0.000393350688075629,0.139492380983134,Q8NEN9-11A/V
-1,0.537625878282638,1.06090840417555e-06,0.943690376924756,Q6PEY0-43V/M
-1,0.00276977430854634,5.65640986255224e-06,0.0136637966956567,Q8NH73-105F/S
-1,0.00864430734488497,0.000195726107312572,0.722753356594139,Q14CN4-405R/W
-1,0.281019480651844,0.000515546241124317,0.106773341971278,Q9NTK5-254Y/C
-1,0.564286509095441,0.000347718250636088,0.645901282675224,Q8TDV0-40P/L
-1,0.669201001632332,0.000134620658837708,0.168780907301219,Q9H792-792S/I
-1,0.483006755985401,0.000141805078930884,0.425650593152742,Q9UNX4-210A/V
-1,0.979569703380038,6.91655040648311e-05,0.765391467668937,P0C5J1-96L/P
-1,0.0212928858917121,0.000296885511283198,0.0314556735278316,Q658N2-408V/I
-1,0.0074882679105425,0.000427184992160137,0.1697088376236,Q8N2E2-1176V/L
-1,0.837248204200437,3.08197062411103e-05,0.562502636079501,Q8TD08-221T/K
-1,0.00370224966492351,0.0026491878573553,0.00383509285324624,P23467-127S/G
-1,0.537334999857415,1.03068677042235e-05,0.752228462165969,Q5VY43-802S/C
-1,0.092992555348717,0.0001522307405609,0.358609358804931,O94823-1148I/V
-1,0.0284046756409407,0.000220246273748365,0.581687394338495,Q9Y2K3-949T/I
-1,0.888500940883458,0,0.542165746096381,Q6S8J3-753Y/N
-1,0.0997008286960202,0.000210264965869082,0.113058898788568,Q8N4W6-163A/T
-1,0.00275376243129749,0.000201572782647365,0.0254679333189947,P56180-363K/N
-1,0.0180241416759986,0.000244632509471113,0.108849432522541,P58180-290R/K
-1,0.0943737409365772,3.84069761966067e-05,0.872090497544337,Q9BRR9-50R/G
-1,0.0255980069554788,0.000197982834743534,0.649863748458798,Q5SZD4-104Q/K
-1,0.126108575882401,0.000130845780092092,0.786874738297061,Q6HA08-159R/H
-1,0.676341079125361,0.000111407603950909,0.219796682687577,O60229-2306G/R
-1,1.13696135117474e-05,0.000730104498361564,1.14610053250438e-05,Q5SRD1-43C/S
-1,0.00467468202763619,0.000609303065564501,0.0199051765747448,Q9NPR2-809S/N
-1,0.00592730981095949,0.000953409839631993,0.0594050827624036,Q9Y2K5-948R/H
-1,0.894559476023125,0.000117217803471127,0.130647511302941,Q9H611-77F/L
-1,0.258576973090086,0.000259859200294785,0.387765505062821,O14579-117T/I
-1,0.323720823891577,0.000132891941186467,0.186136012352463,Q96H86-52R/Q
-1,0.779656080391663,0.000583892868580219,0.164972988233033,Q96J01-193D/N
-1,0.646259415713697,0,0.989799683099637,A0A1W2PRP0-112G/S
-1,0.125368255730297,0.000554213273273838,0.496535949918434,Q96LW4-168R/Q
-1,0.850968673489088,8.76896436565549e-05,0.691950622634475,Q8NGK6-284L/P
-1,0.101567695539939,0.000818724567150741,0.56282172934694,Q9Y6G9-147M/T
-1,0.216047465171848,5.25016061967308e-05,0.717405096234492,P20742-1003T/M
-1,0.0191558856793678,0.000525781468982427,0.201801192822343,A8MPS7-263A/T
-1,0.287836128098081,0.00029925052469554,0.0949646047395051,A6NKB5-845A/V
-1,0.0552267661374274,0.000610918065094238,0.0737463659068363,Q9C026-338V/I
-1,0.836304104353107,9.08139427659578e-05,0.840055743713325,Q86WB0-416R/Q
-1,0.596335318022166,0.000239619050477307,0.0602066243340305,Q6N043-914G/V
-1,0.129847167570977,0.000119978154038153,0.800590038482792,P19801-332S/F
-1,0.211931018929401,0.000577370622290755,0.827490740846604,Q9H201-170R/H
-1,0.00613722180469756,0.00129911967170485,0.0292429534696761,Q8WXX0-7K/I
-1,0.0131348194123867,0.00019874223050193,0.0101787330851466,Q6IEV9-147W/S
-1,0.320214257451451,0.000190074493269409,0.458107772423887,Q9HB75-652R/W
-1,0.896402000072415,0.000114035779351374,0.764900271824562,Q2VPJ9-115R/L
-1,0.311001343574296,0.000238244175515741,0.819536653390245,Q96HJ3-264E/A
-1,0.00890602763006554,0.000294878634067758,0.0692937797104684,O00339-932V/I
-1,0.28884231257225,7.22257867005507e-05,0.477073350380774,Q8NE28-119I/T
-1,0.666359653256703,8.65416484518827e-05,0.819770293209638,Q32M88-122R/C
-1,0.00416213286728496,0.000778680702674671,0.0291808578959345,O00526-47A/S
-1,2.00517656151388e-05,0.00103526588265483,5.64709927156545e-06,P78345-181A/G
-1,0.180531036637132,0.000149724468663533,0.0182180601179835,Q8TDD1-821P/L
-1,0.498265735449897,0.000457868314111969,0.138242084280334,Q68DE3-1818S/G
-1,0.0386033581509763,0.000125708705453258,0.0230097612908202,Q7Z7A1-889A/T
-1,0.0482872061008406,0.00421177836300638,0.0977650465162537,Q9NRJ4-522S/N
-1,0.209019184162413,0.00027035733952151,0.707106801060788,A6NDY0-214G/D
-1,0.427122844139835,0.000363925141189445,0.281384326040084,O75570-407I/V
-1,0.188190471922981,0.000530890765240634,0.00743757556468161,Q15345-44P/R
-1,0.324850697718048,0.000170646831080081,0.138606288358185,O43306-674A/S
-1,0.0113740054942482,0.00178224329498806,0.341969178028493,Q03405-317L/P
-1,0.103861128138672,0.000163064057011278,0.714067685508561,Q13671-238R/Q
-1,0.0387160723284045,0.00049691058855772,0.15421340603049,Q8N4P2-117R/H
-1,0.0514713007192943,0.000510921357687196,0.493994428757003,Q8N5C6-811K/R
-1,0.367005868955994,0.000386386117830637,0.227725466319289,P22234-201K/N
-1,7.51961304614464e-05,0.000744425098871521,0.000428956116039871,Q9H343-124R/H
-1,0.00383212144885717,0.00155760707599115,0.114806466501338,P28072-107P/A
-1,0.0370652504156548,0.000910033059499505,0.219204340522891,Q8IV38-71D/N
-1,0.0325261070999948,5.10827209473101e-05,0.0261432241540995,Q6ZWJ8-1201P/S
-1,0.00175639473791311,0.000542549239500555,0.21938086497321,Q96QV1-404V/M
-1,0.0136253243701203,0.00117571376642218,0.0133767124076973,A6NCV1-120R/C
-1,0.719766785368882,5.4551572286903e-05,0.326890166476452,Q6UX82-24Q/P
-1,0.0563169479591718,0.00060601457103873,0.281751185026518,Q9H7M9-191I/V
-1,0.1129918154602,0.000272075953228185,0.159862247817786,Q9BQK8-199D/A
-1,0.029098660237891,7.71460804997472e-05,0.902376472371409,Q2M3G0-369I/V
-1,0.0109379486596106,0.000546920961957052,0.0540443816354162,P23467-1228R/W
-1,0.680216081919949,1.57188866524198e-06,0.924901901582205,Q9BR84-18D/G
-1,0.00280405319972683,0.00010120741915405,0.0425154626195711,Q96R54-285P/S
-1,0.270860660416009,0.000372702177258125,0.0600175486480618,Q9Y2B5-377D/N
-1,0.030976676092858,0.00047498853021846,0.147621471399533,P14091-82I/V
-1,0.267407352116066,0.000123524417723374,0.65960571348978,Q9P2K2-152N/Y
-1,0.00262782677570752,1.50276554674018e-05,0.0110414923159414,Q8WZ84-102F/V
-1,0.00433620672117624,0.000217291572318864,0.00109517685084568,Q6NUM6-372L/W
-1,0.0373655071125782,0.000796974418356826,0.0244768516049756,Q14088-6L/V
-1,0.0125826288867925,6.4609023467153e-05,0.265699315570464,O60391-982E/K
-1,0.0845933193185129,0.00029926674571044,0.178575774860575,P42330-77E/G
-1,0.702693165872007,0.000361879593766937,0.198951519478381,Q92890-130P/A
-1,0.109215258391472,0.00015337197314999,0.665709377368205,Q5VUY0-104P/S
-1,0.00985138664002304,0.000538632217657985,0.185534672791957,Q9P2R6-794P/L
-1,0.0448818295323717,0.00310271351225906,0.0217778456832401,Q9UKV3-257R/K
-1,0.00541467259412047,0.000441600083958427,0.0536026894896133,A6NKT7-1154P/S
-1,0.2610797429017,0.00167011469475003,0.21288079399418,Q9BTY2-356M/V
-1,0.985625472707722,0,0.998953789704883,Q16695-8A/T
-1,0.0563355647805921,0.000348340318256013,0.179014807142757,A6PVS8-129M/I
-1,0.848368097368813,7.10411399382371e-07,0.772094596325527,Q6JQN1-939R/L
-1,0.269894103137672,0.000255785224261914,0.244284240069859,Q9Y6L7-333R/Q
-1,0.00953114163901615,0.000128154229945659,0.377508129120074,O75335-803A/S
-1,0.0166062516763092,0.000454733821046172,0.158439393754228,Q96MA6-130D/G
-1,0.31723805974814,0.000309272069505049,0.750660526788576,Q9Y5X2-268T/I
-1,0.0625655176654115,0.000253632163735768,0.235421213231724,Q9UDX3-200V/M
-1,0.696608148206509,0.000148145303623309,0.610355012713475,Q7Z7A3-203E/Q
-1,0.0854585276702764,8.54114645501905e-05,0.106106106976366,Q96LD4-187R/W
-1,0.110219375334523,5.19071632881013e-05,0.480425981186796,Q5T6F2-14R/Q
-1,0.192589256773095,2.95242487178311e-05,0.88807829416865,Q9H2F9-249V/A
-1,0.466256423519042,4.99256795353986e-05,0.467749509657307,Q9BYK8-338S/L
-1,0.644371626509861,0.000112536168811878,0.695318960836461,Q9H0N0-83I/S
-1,0.975496363054061,0.000384782600679101,0.854301652320753,Q15911-1852Q/P
-1,0.189987817601814,0.000184847866146017,0.588682087788464,Q8NHA4-217Y/C
-1,0.201031344687958,0.000211120623053992,0.596623913182648,Q9HAS3-513Y/F
-1,0.346447957851597,3.72201899486871e-05,0.887215181253431,Q8IYW4-109I/T
-1,0.00420825990134869,0.00024239063620254,0.531160142428035,Q6PKH6-43G/W
-1,0.0222139370204285,0.000273527382097095,0.470327824812685,P24462-409T/R
-1,0.0437949011398324,0.00101073367276873,0.162937630208216,O43815-380P/S
-1,0.0494203150060963,2.0407289333578e-05,0.682756413242636,A2CJ06-122P/R
-1,0.0286203655742712,0.00103483501534607,0.0478315851373419,Q9HAW4-1280S/L
-1,0.545123690921564,9.9451763965702e-05,0.278650065978651,Q6U7Q0-122A/V
-1,0.0574310398690224,0.000184432294145893,0.0847570860773268,Q9P0K1-128E/K
-1,0.00107140575707234,8.6101432803672e-06,0.0184787365713101,Q8NH83-219L/Q
-1,0.404997442032321,5.92777375558478e-05,0.119339017836819,Q6UXB8-68K/R
-1,0.209067768572825,0.000161087254311501,0.477109030972254,Q96P44-753E/V
-1,0.228348194901607,0.000163543145904633,0.468605824776658,Q9NRS4-413P/L
-1,0.00300922626341133,0.0011216726900402,0.298245645494731,Q8TES7-681A/V
-1,0.0022258140423938,0.000121810963739145,0.00395076229377476,Q8NGJ1-59M/V
-1,0.0462008961769904,7.82531720148676e-05,0.378119416934551,Q9C037-367P/S
-1,0.0817145758308722,0.00133710908960429,0.29150400078025,Q17RW2-7R/K
-1,0.411358546344567,0.000181121368215396,0.716269214471343,O60496-274P/L
-1,0.0305407019185041,0.000178979138311671,0.0173982990999861,Q6UB98-507T/I
-1,0.0041353746803034,0.000497668622772445,0.904824869054511,Q03405-220K/R
-1,0.0270486027697285,0.00097297605820033,0.404675942484911,P29218-109I/V
-1,0.766294187149423,0.000130985423450688,0.000637955252051643,Q9NZP0-133M/T
-1,0.00130050833496742,0.000119937162328646,0.648349764725273,Q8NH53-79T/N
-1,0.0591916510709308,0.000314794576314435,0.00795430364008561,Q9NZJ6-134K/E
-1,0.00243214146543966,0.000421307986711978,0.320935115258216,Q96KJ4-530N/T
-1,0.0163074366094805,0.000389522887091353,0.0484753489531993,Q9P2F8-1403S/L
-1,0.181166470519044,0.000325067724497726,0.368338045597554,Q01546-283A/T
-1,0.0198982753453989,0.000760131078065366,0.00161051742337978,P49750-636P/A
-1,0.00591570974386947,0.00134562720970736,0.0227780776417988,Q6UXI9-473G/S
-1,0.00503201135721908,0.000309783701339296,0.292091677379994,Q9Y5I3-759C/F
-1,0.0426573538122718,0.000266882299872396,0.38150122768675,Q86XS5-268T/M
-1,0.227888203581364,0.000112519137049763,0.248171035837181,Q9UJX0-457V/A
-1,0.0232628273886283,0.000124406244227306,0.0104533331958669,Q8NGM1-150G/E
-1,0.0665785393100654,0.000220485628732883,0.147759119260796,O14939-632E/G
-1,0.00909654329869387,0.00107947903683655,0.00127266853036864,Q1X8D7-509G/S
-1,0.714501063180828,9.20162796659773e-05,0.0897804839230276,P0DMV9-110E/D
-1,0.72434235828036,6.95334032350796e-05,0.84298372569053,Q9BTY7-54G/V
-1,0.078878850286573,0.00038823217477843,0.204165116652417,Q13349-282R/C
-1,0.0087431405184938,0.00040928693682672,0.132772337224499,Q9Y5G0-188G/S
-1,0.00990983001862645,0.000566064585792443,0.103341232456027,Q02083-153R/H
-1,0.000247341668684001,0.00544473101598936,0.0250924395874075,C9JL84-518T/S
-1,0.338601944526986,0.000130725857085473,0.751392877232618,Q6NUM6-129A/V
-1,0.631899091005763,0.000195686229435567,0.231347735599888,Q3B7T1-1117A/T
-1,0.809758081952584,0.000135086470901587,0.29102387058839,A6NNS2-227S/L
-1,0.0597561510881804,8.63135188794337e-05,0.192834749639623,Q9BQN1-134E/K
-1,0.00971257495935806,0.000117285038962956,0.936813251244534,Q8NH81-122L/Q
-1,0.252794241051538,0.000972556599615447,0.15015246429608,Q9NR19-601G/A
-1,0.0531175657141067,0.00048175549580929,0.0448329362969179,A8MYP8-131G/R
-1,0.272806711210929,0.00027249928863313,0.51389494160432,Q9NXL6-456A/S
-1,0.0311318998819044,0.000503582529349362,0.0934774980302278,Q08495-231K/R
-1,0.00561615323806365,0.000211406525804134,0.0874336868221049,Q9Y3Q7-142Q/L
-1,0.047735602348023,0.000305463874860656,0.00740082200962425,Q96C45-348S/G
-1,0.397923910994285,0.000296533667310396,0.565387234188756,Q4V339-159D/N
-1,0.00437253396237658,5.61473918834304e-08,0.133675009886935,Q8N146-293R/I
-1,0.258159691498805,0.000382224073698943,0.158502636474586,Q8N0Z3-824T/P
-1,0.013868636300466,0.000109411263262348,0.797661314029442,Q9UK13-337P/A
-1,0.134919604780793,0.000152077921086729,0.471424982750341,Q99572-155Y/H
-1,0.0409474959430481,0.000589151341852182,0.199730482048252,Q6P1K2-150R/C
-1,0.0351430422927362,0.000187721991256723,0.489721328932218,O95789-1233E/K
-1,0.0301177377450575,0.000320382000890704,0.645444415261062,O14556-93A/S
-1,0.00180048425625388,0.000179658564343957,0.03576626580593,Q9H340-40N/S
-1,0.0294101608926549,0.000457007177177716,0.172919571625254,Q5VUB5-465P/S
-1,0.00966927808782593,0.000553915244050721,0.0319254931581021,Q13607-122R/C
-1,0.0292112137326056,0.000889114024941071,0.0552401621420371,Q9UBD9-161P/S
-1,0.0271300416547814,0.00024789074046307,0.194891382034372,Q58EX2-1553T/M
-1,0.27175221669056,0.000102781280526029,0.842866624568314,Q5SZD4-118A/D
-1,0.0207459651536135,0.000284956852425532,0.00796079983267671,A6NCV1-247S/F
-1,0.0102404462570062,0.00205146490821759,0.0441481128169167,P12270-960S/N
-1,0.16390703450653,0.00020687704791426,0.097470374160441,Q14209-226Q/H
-1,0.0865807368759869,0.00107064247231763,0.0325117934037576,P16591-412M/V
-1,0.106719620854546,0.000783092341890352,0.322807798198097,Q96L50-136T/A
-1,0.00333774845244224,8.44363524474854e-06,0.0337343635900248,Q8NGM1-221L/S
-1,0.00768193002848023,0.000511750687291625,0.00410548636652506,O15534-37P/S
-1,0.779905779021487,0.00010750595298355,0.739335519230701,O60563-362H/R
-1,0.785183240784731,2.85108400914141e-05,0.679809386256292,Q9H987-2G/S
-1,0.0490008424022608,0.000189619517262048,0.432487034545846,Q8TCG1-293P/T
-1,0.00120259705492825,0.000177488333848995,0.00983051736560028,Q8NGS8-262P/L
-1,0.0124682408628337,0.000971161076733656,0.469030344451505,Q9P1Z3-69K/R
-1,0.032177201497901,0.000511160273885326,0.39035240292705,Q08AH1-176A/P
-1,0.396380972461773,7.83634118897375e-05,0.345095173133642,Q6A555-19G/R
-1,0.259305483104206,0.000932292442891178,0.0854551379901276,P53367-174N/S
-1,0.0035911531145289,0.000148336250670459,0.01218057984892,Q6V1P9-3088H/Y
-1,0.0112980766413288,0.000246939333438451,0.0401880071389294,Q8TDM6-1089P/L
-1,0.56656402355009,0,0.988508557958488,Q8IUC3-51S/P
-1,0.0375116639710192,0.000393335247462498,0.18084948678233,Q9H0W9-312I/T
-1,0.0538069839148375,8.37510232963621e-05,0.233540270766578,P42330-180P/S
-1,0.0123460191447138,0.000351085565958097,0.37140496224324,Q14CN4-300R/C
-1,0.000416418907186306,0.000141841997008106,0.0989734156085737,Q8NGV6-195C/R
-1,0.735149562491148,8.43224245274741e-11,0.90958361321047,Q494X3-233H/Y
-1,0.00625448752692793,0.000870299594647266,0.00387468345946561,Q5CZC0-3105E/Q
-1,0.00870274932285101,0.000442158882929922,0.108570128613331,Q8N0Z6-336V/I
-1,0.559520506661292,5.09057372556537e-05,0.823240165385263,Q8TAT5-117P/R
-1,0.527921162711162,6.74500759308586e-05,0.437567882982091,Q8NG66-488E/V
-1,0.220181684828781,9.86750024822595e-06,0.173518219156923,A0A286YEU6-115L/P
-1,0.981446636461883,4.09419096379533e-07,0.992404493789444,Q14990-223P/T
-1,0.0106807225368335,0.000176612056277097,0.470499783026529,Q3I5F7-40D/N
-1,0.0813848949146228,0.000742893111981204,0.228715379307039,Q9H019-31N/S
-1,0.11565695094456,0.000135174713148751,0.74569286597519,Q5TCY1-649P/R
-1,0.237616438992227,0.000194446378569734,0.828932473577683,Q86W11-378I/S
-1,0.105969656527954,0.000511143034275831,0.0738404004887513,Q96HA8-116F/I
-1,0.998175825224035,5.87058386776417e-06,0.990832791379294,Q6VUC0-305V/M
-1,0.283869888806782,0.000106224925262244,0.879000725258659,Q15561-239P/L
-1,0.107460911292438,0.000427360055564164,0.750768400144226,Q8IYX1-83R/Q
-1,0.987050286437183,6.69799329361147e-05,0.485628057612195,P86790-214E/D
-1,0.156157271237235,0.000230610672587099,0.24816571992166,Q15032-270M/V
-1,0.000233265466310499,0.000264171459362704,0.108947705846165,Q8NGR8-15L/F
-1,0.00150484773531438,0.00114883338660282,0.0159800064321397,Q0VD83-174R/G
-1,0.00450623162676423,3.91124055184974e-10,0.0447933337767397,Q8NH04-218Y/H
-1,0.0710738710942108,4.8951120384751e-05,0.724388246966077,Q8NFQ5-149P/T
-1,0.560123675195725,9.55656244581902e-05,0.592159178567259,Q04756-225V/M
-1,0.0140512294337784,4.26649574950042e-05,0.042068458744588,Q7Z443-593V/M
-1,0.00113892562983602,9.92508260263946e-06,0.0266242468301573,Q9UGM3-1084H/Y
-1,0.720029173815428,0.000166191423972084,0.622261666588371,Q2TAC6-891R/W
-1,0.0101903794068054,0.000219647280401747,0.0348998214659857,Q9UKX5-972P/L
-1,0.0659021911837711,2.61507125831495e-05,0.808028683514773,Q9BZJ3-70L/F
-1,0.0312414854826086,0.000775237625373132,0.244315970861888,P07478-56Q/K
-1,0.118164576885056,0.000317988163067809,0.125095288519248,P49643-399Q/E
-1,0.00347147855004936,0.000235640639673075,0.000240910675668955,Q5CZC0-1002D/H
-1,0.00184792640844172,0.000629242483312961,0.0141940918986643,Q8IVW1-64A/G
-1,0.00124729208630378,0.000131785999918724,0.00146556149974864,P0C645-28R/W
-1,0.00161675447236607,0.000918578848978954,0.144897231212612,Q9BYT8-372K/R
-1,0.00560812509625095,0.00104702244226902,0.726966869158892,Q9H1P6-99I/V
-1,0.299891722696015,0.000151272533273873,0.0567538166185923,Q9ULL4-1596V/E
-1,0.0439592074236965,0.00052356608008775,0.424772494179674,Q6NT32-176R/W
-1,0.068275906630344,0.000190759521222588,0.152064607195178,Q9UN66-322A/V
-1,0.00508322496916971,0.000533300343317315,0.508625347549675,A1IGU5-489P/L
-1,0.0402637544077692,0.000257900121152672,0.0475133639750784,O00233-197E/G
-1,0.0782397145328053,0.000270600758001092,0.48675009341622,Q7Z5N4-1027T/M
-1,0.515794795703455,0.000724384990194406,0.717971680017106,O43747-685P/H
-1,0.00467062102864774,1.04937439380433e-05,0.0391534553416678,O75129-874A/T
-1,0.282619540040661,7.32603187564845e-05,0.329371026132029,Q9NUJ7-260Y/C
-1,0.00909629917081357,0.00325550157633238,0.0353472980544468,O43852-4R/Q
-1,0.0648513148764555,0.000654245962550303,0.328686720776283,Q9NTJ5-434Y/F
-1,0.257977301501818,0.000159604469761304,0.633054508892037,P29376-535D/N
-1,0.00388252249640991,0.00103212892905583,0.00706840390015646,Q9C0C2-96P/S
-1,0.585377734734198,2.80890586885173e-05,0.464561715234896,Q6W5P4-241S/R
-1,0.0238654031420979,0.00011342284767796,0.244508696262315,Q8NGG7-133T/R
-1,0.0127723601638177,0,0.0129235376510149,A0A286YF01-89C/Y
-1,0.199843825041125,0.000591787700995916,0.00396802555693198,Q7Z7A4-481K/R
-1,0.0543059626221389,0.000512292549083643,0.110398718839621,O43374-606T/M
-1,0.0681588073949199,0.000252364099904272,0.728868214462237,P14151-213P/S
-1,0.024922191629795,0.000213782032071181,0.176575893525492,Q53LP3-367D/N
-1,0.0117069550144128,0.000179719981783907,0.159096990366753,A6NET4-177F/L
-1,0.327641952886868,0.000155987194049312,0.120124484678361,P35228-221R/W
-1,0.00222562678121048,0.00148638158036318,0.0231043122727159,Q7LBC6-5A/T
-1,0.199492862899184,1.10149209884615e-10,0.989193746919817,Q96NU0-996C/W
-1,0.0632703297563107,0.00109909831329216,0.168557000479017,Q96MM7-471E/K
-1,0.257691678652656,0.000196090190949192,0.619555180251921,E5RIL1-64T/M
-1,0.0732396129811538,0.000289700003245982,0.00539169243699137,Q5VV67-1244A/P
-1,0.949956977093277,0.000120092195430297,0.899495890805963,Q53H96-105V/M
-1,0.469255015446455,0.000392450374701185,0.25559824837506,O60353-345M/L
-1,0.0191025008802957,0.000345483360150049,0.123135272245486,Q9BV38-62I/V
-1,0.171740753665502,0.000165203546636476,0.50780558666614,Q969U6-340E/K
-1,0.00614516298899389,0.000193966445491933,0.00169407589752009,P34982-240T/I
-1,0.0177176061269943,0.000453268481923313,0.183882124781083,Q5VU65-1491V/I
-1,0.12467259330347,0.000144852996922747,0.129481859116183,Q6UW02-346L/F
-1,0.421421590809207,0.000332113598493342,0.691024452500012,Q8NHV5-124N/H
-1,0.0441162031901495,0.000124726932173382,0.81776804409746,Q7Z5Y6-106M/V
-1,0.0219278418503352,0.000221902971918864,0.482638194193279,Q8N6F8-216R/W
-1,0.0898969391442309,0.000639454196375846,0.0770246680252443,Q9H0J9-463V/M
-1,0.0178028026197586,0.000572801942072129,0.0757314342605727,P01911-70D/N
-1,0.0117815434371589,0.000599065119621981,0.252288195194893,Q8WW18-110D/H
-1,0.12427959996172,0.00125311105669385,0.0310883236118203,Q14789-1212Y/C
-1,0.0343932576864911,0.000180897948406622,0.662091456349751,P78329-519L/M
-1,0.0982475446702143,0.000118500089240237,0.61699026734474,Q9UNA4-261I/M
-1,0.0432743905824904,0.000213638671596667,0.298736502737506,Q96GA7-291L/I
-1,0.0777437256493718,0.000151458658511742,0.594608934549005,Q9HCE3-761E/D
-1,0.674926528608638,4.91713899192933e-05,0.087032642295776,Q5SVQ8-327D/Y
-1,0.024175299998539,0.000318562683580901,0.0435374754755977,Q96KD3-242E/K
-1,0.742890142240612,5.38979907160912e-05,0.994437361577091,Q2VIR3-243I/F
-1,0.502000625592341,9.79282461388043e-05,0.0826426232156958,Q7Z2Z1-747V/A
-1,0.602021538472919,0.000277497247004563,0.634013076137039,Q9Y485-1589M/V
-1,0.39852777837679,0.00101060547295661,0.0542368822781487,A1YPR0-250P/S
-1,0.237153197666219,0.000409557946455235,0.926267717708154,Q2VIQ3-680R/H
-1,0.0208036324595375,8.06006262983117e-05,0.797669725655317,Q96P64-492R/H
-1,0.0163443673687026,0.000206662832175255,0.24359062413423,Q9NY99-200S/L
-1,0.017854633765206,0.000830408306770456,0.316559319759949,Q12802-2457G/S
-1,0.012451074348024,0.000579772946734343,0.293205998110481,P34913-52R/W
-1,0.336727347603477,5.24147227658067e-05,0.381556137058582,Q8IVL6-304R/C
-1,0.152365834012263,0.000688808112445071,0.405867957449334,Q8IY82-433P/L
-1,0.0195476458470581,0.00050695787714265,0.143198228633182,P13284-76R/Q
-1,0.529298611093986,4.24101789691355e-05,0.0424819193722259,Q5T5S1-113L/R
-1,0.010115953651011,0.000340677739030059,0.261472372895355,Q4VX76-414P/S
-1,0.0362986192693121,0.000612065563856153,0.39077862084442,Q5VY09-285P/S
-1,0.0045662906621197,6.99694157916356e-07,0.0426382354336641,Q8NH43-16G/V
-1,0.0190443154174581,0.000160160325282237,0.56160155174855,Q30154-80T/R
-1,0.87945312868709,0.000155294489560641,0.690198258610089,Q7Z4N8-419R/W
-1,0.0354121538490357,0.000121081190233426,0.0168179460382808,Q92598-61N/H
-1,0.000314844931354695,0.00022883962115835,0.017823336579818,P20853-420K/M
-1,0.97805374004112,0,0.994633735322646,Q8NGC0-117L/F
-1,0.629406015079598,0.000226895135892723,0.990592205631141,Q96J77-118F/L
-1,0.0203908979093741,0.000309231332380841,0.40616969352716,O43815-439T/I
-1,0.0386382994959213,0.000319447176452804,0.0010829263610888,P43121-89E/G
-1,0.0510421714049896,0.000288092217257991,0.304914345944068,Q9UGM5-202G/S
-1,0.00717158862287587,0.000342562408458721,0.0702146937676814,P82987-821P/S
-1,0.0130711321058029,0.000772395326417248,0.000379630458007166,Q9H344-263R/C
-1,0.0199950348602574,0.000993624457680152,0.0414562443903682,Q8N884-261P/H
-1,0.114455802538829,0.00174983510599464,0.00641753433089079,Q9C009-20L/P
-1,0.0805056366821923,0.000498660427616227,0.171034052466419,Q8N0V4-452Q/R
-1,0.0610433733055519,7.34835284732996e-05,0.0381645047754251,Q9NYL5-288Y/H
-1,0.176921871637328,0.000104697305500736,0.289789299019868,Q9NVE5-1025T/M
-1,0.00403380164041973,0.000525566353320089,0.0655490243510845,Q9NZN5-973Y/F
-1,0.0170186572517932,8.98526696817631e-05,0.931462147139526,Q76KX8-621C/G
-1,0.541458195271364,1.06751448411602e-06,0.780286049233371,Q9Y493-1742C/R
-1,0.474934506338318,6.49986280290607e-05,0.878242787320713,Q8N4X5-769R/C
-1,0.284612224242457,0.00027731663934315,0.0324659756978645,Q13395-425A/T
-1,0.00256085211673971,0.000887320129824062,0.097858115493447,Q9NQX4-783A/T
-1,0.00407684158074732,0.00080317365305229,0.134753538441073,Q9BYD3-253M/V
-1,0.528563677495301,5.97560016658557e-05,0.587258380100774,Q96LB9-272A/V
-1,0.0182271962664494,0.00113831386167202,0.18573506924234,Q9H930-88M/T
-1,0.997691224592957,0.000205875741438257,0.965115565505001,O75396-192T/P
-1,0.872023938262078,9.33858198999283e-05,0.588958380277976,Q5FVE4-96S/Y
-1,0.60989991941795,0.000148092622077084,0.409975910813828,P53675-691E/K
-1,0.461096340210551,2.82390205784651e-06,0.884456808029926,A4D1Z8-76P/L
-1,0.175188369071281,0.000964926159512323,0.034339139126929,Q9H0A0-564P/S
-1,0.120339088736932,1.33231633098717e-06,0.194074351137913,Q5JZY3-807R/Q
-1,0.0350732391599005,2.38460420174323e-05,0.00966064114179592,P23229-265S/G
-1,0.772248917369693,5.67870803567566e-07,0.979359808341994,Q9BX82-430P/R
-1,0.0526844165796323,0.00029055786915388,0.0221186123275094,Q7Z570-1108A/T
-1,0.828382664931663,0.00010643791340654,0.100313267033218,Q9H252-80S/F
-1,0.0245231816634951,0.000981598435610985,0.271991667399785,Q15059-255A/V
-1,0.00104769561406512,0.00157602208273237,0.00362274052162825,Q7Z7D3-8L/P
-1,0.800028460754194,0.000268858891922053,0.19620390981546,Q8WWX8-258F/L
-1,0.0030817203575987,0.000113392330949833,0.118310429283337,Q8NGS8-70D/G
-1,0.00944610748152923,0.000250732137984794,0.177927114657793,Q6UXI7-559L/I
-1,0.321649117330632,0.00049285555773689,0.156167310991318,P32455-265Q/K
-1,0.53064720194858,0.000384128657891028,0.0161795017517129,Q96C03-324G/E
-1,0.0144014662360133,0.000231128740065632,0.127970602867894,A6NJ78-149A/T
-1,0.0106522566998184,7.86179139172839e-05,0.0069368650972015,Q13606-50L/S
-1,0.0752431168873539,0.00040711401608078,0.648082765961171,Q8IXT1-12V/I
-1,0.353958614615508,0.000100579857843941,0.522064247144931,O60229-1893S/L
-1,0.000672969886090825,0.000292755573692372,0.493937132860428,P04440-207L/M
-1,0.215737611589518,0.000160152006228421,0.042652688080889,Q8IZM8-145R/C
-1,0.35525321909193,6.03635631989589e-06,0.337705945055152,P59827-206G/W
-1,0.263753867107937,8.31328156220809e-05,0.504651752066468,Q08AH3-78E/K
-1,0.521830152076669,0.000596695398767092,0.322799310639677,Q05BV3-269I/V
-1,0.109912462505175,0.000728065282006127,0.164923305031722,Q9P2A4-44R/Q
-1,0.86450534535286,0.000113897720184268,0.834304319212097,Q9Y2K1-531A/P
-1,0.647331025444259,8.60013671205101e-05,0.773315411996365,Q9BZZ2-464R/H
-1,0.473512520749602,0.000382451280976999,0.175277822259891,Q9GZM7-451F/L
-1,0.0690149225951373,0.000143405585882264,0.0092260597257071,Q5W0A0-495G/A
-1,0.0938748168140898,0.000356516721168667,0.0637013945544124,Q8N3F8-685H/R
-1,0.0273949576243844,0.000158412689793609,0.0755929108483726,Q6ZU35-85Q/R
-1,0.686360088008215,6.40567545334992e-05,0.259013336344431,P47901-65K/N
-1,0.0813976603335283,0.000467463983691367,0.286101981980758,Q6UXH1-189R/G
-1,0.279357541842467,4.56325223631391e-05,0.297561121580905,Q8ND23-1161G/V
-1,0.135476531986506,0.000103190599020472,0.143078082936285,Q5VYJ5-738F/I
-1,0.0231506942809409,0.00139525941246137,0.0210606142080705,Q8NDZ2-529M/V
-1,0.053205957364863,0.000285483963576568,0.397068123115668,O15394-347D/N
-1,0.809635578751618,2.16484328619108e-06,0.922674172727339,Q32MQ0-288P/L
-1,0.749572597895516,0.000220073035964653,0.719094578227673,Q9UGR2-363D/N
-1,0.956223993525662,0.000132391964628341,0.330414455378579,A0A1B0GVZ2-64L/P
-1,0.000645892078828162,0.000366761790610025,0.0418171483637118,P41238-108P/S
-1,0.86579519105525,0.000284954605647209,0.24142277529192,A4D1E9-164L/F
-1,0.113979787878601,0.000481248810807441,0.594389665414653,Q15155-1081E/K
-1,0.00032718222881911,0.000579427128492964,0.00293224478325812,P0C645-274V/A
-1,0.00732745761670466,0.00231813320968378,0.0246711520004231,Q5VXU9-1425R/C
-1,0.00146944048278763,0.000210455170626851,0.000589760404085996,Q8IY85-541D/V
-1,0.268317385283334,7.34524358211196e-05,0.735503888219283,Q6Q8B3-215T/I
-1,0.346185450975649,0.000167497062376116,0.321851565903466,Q86XR2-292G/R
-1,0.000133871409734221,0.000873687102091142,0.0840108542574454,Q8IUC1-111C/S
-1,0.0194224532036593,0.000622652972529363,0.0868967131872744,Q5M9N0-482E/K
-1,0.592803659672738,3.34031077105815e-06,0.87874931908298,Q7Z4J2-195H/R
-1,0.0206686011574293,0.000507331514575165,0.231873357780382,Q8WWI5-193T/A
-1,0.0182265080484064,0.00153385637993496,0.0496522708445113,H3BR10-62V/M
-1,0.0332121651721313,0.000452710039196251,0.080942133698707,Q8N697-239V/A
-1,0.133872165863931,0.000442954697307059,0.065667681791226,Q96GY0-279S/F
-1,0.133106904835312,0.000203002954344333,0.914786233436308,Q5SXM1-351C/Y
-1,0.203888561056402,0.000263339911354857,0.0356053355295654,Q8NBN7-93A/T
-1,0.0585879617153896,0.000298804534548603,0.0601710661887709,Q8TC36-174A/T
-1,0.00218165516528981,0.000202287253706589,0.0765034581126747,Q02297-616G/V
-1,0.0188713152846831,0.00047936472512084,0.82249952757174,O75691-502S/C
-1,0.334889164643958,0,0.599481607818445,A5A3E0-1071H/Y
-1,0.000822955152105424,0.000122729884354153,0.000434365882991677,A6NHA9-240S/F
