prot_vars,variant_info,PHACTboost
O00329-524Y/S,1,0.934831602730211
O00571-369T/S,1,0.711023038654009
O00744-301P/S,-1,0.35658974078574
O14686-1476S/C,1,0.388263023502117
O14686-2647D/N,1,0.0448061997337849
O14746-1040A/T,1,0.677536424935878
O14746-938R/W,1,0.441590587442774
O14841-459R/C,-1,0.172678661332477
O15020-1453D/V,1,0.114109546238823
O15118-978R/S,1,0.119081307772613
O15230-513G/E,1,0.239951248673598
O15305-162R/P,1,0.998007585608898
O15305-195H/R,1,0.457305090407465
O43291-1M/I,1,0.999984402709199
O43424-68T/M,-1,0.00573618004147026
O43497-161I/F,1,0.853216798006096
O43511-1M/R,1,0.999999679631741
O43526-256G/V,1,0.997384611854228
O43918-18I/M,1,0.481524639601853
O60500-806A/T,1,0.913629910152786
O60524-926P/L,1,0.0866129603696636
O60568-629T/M,-1,0.0387521391628474
O60885-1097R/H,-1,0.0212373417743602
O75051-46R/H,-1,0.345669889402642
O75197-70F/Y,1,0.283618922104314
O75197-395R/W,1,0.880011534580128
O75445-2347V/E,1,0.897659086590338
O75445-192N/T,1,0.0772270739857114
O75445-2356N/S,1,0.620186581127226
O75445-391S/R,1,0.990392645952654
O75477-291I/V,-1,0.0527846506784289
O75489-1M/I,1,0.999993810194632
O76024-629R/W,1,0.945986548195107
O76082-38S/C,1,0.93987911065134
O76090-11N/S,1,0.708366373595586
O76090-234L/V,1,0.99799925378542
O95425-668S/L,-1,0.197068698998078
O95528-1M/V,1,0.999971360555271
O95571-1M/K,1,0.999997166648798
O95786-580D/E,-1,0.483515039287093
P00451-1764Q/R,1,0.858560702677387
P00451-644L/V,1,0.99777148918153
P00505-222R/H,-1,0.422831214690456
P00505-2A/S,-1,0.0843440932994388
P00734-357E/G,1,0.00483261392658356
P00740-294R/L,1,0.9875369607158
P00740-380A/T,1,0.901097727951706
P00740-342T/A,1,0.989469377602658
P00813-1M/V,1,0.999994216103461
P01024-161R/W,1,0.211650542342646
P01130-350R/G,1,0.995151299991649
P01148-31R/H,1,0.212763271965615
P01241-85P/L,1,0.68664018758802
P02462-420G/R,1,0.99996700658098
P02538-335A/T,-1,0.217072238770906
P02647-197R/P,1,0.861157520510421
P02766-54R/T,1,0.913250746987584
P02766-55K/E,1,0.976660432918053
P02766-79T/A,1,0.990964725836036
P02771-608G/R,1,0.00887905058399076
P04062-310S/N,1,0.928940182550797
P04264-178S/P,1,0.990677691263947
P04275-2663R/C,1,0.991320273319769
P04275-1421N/K,1,0.465291893680625
P05106-27G/R,1,0.703111341368413
P05155-460S/P,1,0.99309577413883
P05186-1M/V,1,0.999998797359415
P05186-414L/M,1,0.974855229331048
P05186-493N/K,1,0.855975777989124
P05186-275L/F,1,0.592325584263637
P05186-367S/T,1,0.712793175779881
P05186-424V/A,1,0.179211505465092
P06213-238E/K,1,0.901518781996664
P07333-741D/N,1,0.323615110852008
P07359-20C/G,1,0.982373376871873
P07911-63C/W,1,0.999458777693006
P08684-301I/T,1,0.0020136087895966
P08779-41R/C,-1,0.866786288667531
P08F94-2665L/P,1,0.889637482394892
P08F94-2957I/M,1,0.542242341196578
P08F94-2840R/G,1,0.958802811197538
P08F94-2827L/P,1,0.988798693222682
P08F94-1431C/F,1,0.995057912971503
P10253-1M/L,1,0.999995198657176
P10253-1M/T,1,0.999998413602023
P10253-1M/I,1,0.999995793667382
P11055-834F/S,1,0.96444786543781
P11586-769L/F,-1,0.887310484133419
P12035-375R/G,-1,0.466318536183094
P12110-96Y/C,1,0.814471798130044
P12271-1M/L,1,0.999966878368591
P12755-28S/T,1,0.489136574758877
P12830-1M/L,1,0.999994830777662
P13569-223A/V,1,0.981627438749393
P13637-127A/V,1,0.993566240504865
P13805-1M/V,1,0.999982888767936
P14136-386N/S,1,0.0872379810143334
P14136-236K/E,1,0.573268332585144
P14222-410R/P,1,0.989583407358727
P14222-317G/R,1,0.960293520578942
P14222-1M/T,1,0.999996485088167
P14222-1M/V,1,0.999994558286078
P14222-410R/W,1,0.872366633045333
P14222-1M/I,1,0.999995701732868
P16112-756G/R,1,0.615713618509548
P16157-1027S/R,1,0.00442159955386843
P17405-411E/D,1,0.924086244926799
P17405-595L/V,1,0.176307917279296
P17813-437R/P,1,0.991114531996241
P20585-1044G/S,1,0.234101714024361
P20711-23G/V,1,0.123555842408988
P20810-537A/V,-1,0.00240288081878275
P20908-1M/V,1,0.999994483731211
P20908-1M/R,1,0.999998997517852
P21549-156G/A,1,0.947690924310998
P21810-147K/N,1,0.888038666925916
P21817-2676R/Q,1,0.998268719526855
P22314-554P/S,1,0.344699872576095
P24386-314G/R,1,0.458985826573738
P25189-101W/C,1,0.999831953221169
P26640-1115T/R,1,0.736327549536946
P29400-76Q/H,1,0.356114496547142
P30084-1M/I,1,0.999998469226064
P30084-1M/T,1,0.999999210196784
P30084-1M/V,1,0.999998755066434
P30084-238A/V,1,0.731691268613879
P31415-140Y/F,-1,0.0187289691798724
P31629-1242Y/C,-1,0.17893293844638
P32004-1076T/P,1,0.782628103308547
P34059-1M/L,1,0.999997049128442
P34059-1M/V,1,0.999996588188592
P35498-1394T/I,1,0.991968713754061
P38398-1688V/F,1,0.127802382765173
P40424-21G/S,-1,0.0798708790497479
P40879-393G/W,1,0.701147437386022
P42262-766A/T,1,0.414035209752935
P43004-230I/T,1,0.102838111597764
P46937-86M/T,1,0.676766184437748
P48668-182R/Q,-1,0.111084182978019
P48728-1M/T,1,0.999996257335274
P48728-1M/K,1,0.999999344593459
P50281-273D/N,-1,0.0442447651009944
P50995-191R/Q,-1,0.858100234818652
P51178-257R/H,-1,0.111901906986177
P51532-1273H/R,1,0.0261187075974766
P51659-1M/L,1,0.999981952325788
P51688-1M/R,1,0.999998269240705
P51690-285R/K,1,0.578431993236032
P53420-478G/E,1,0.991861030056478
P54760-1M/V,1,0.99996991154242
P54802-1M/I,1,0.999996582717746
P54802-127N/K,1,0.0620503011491122
P55017-24T/I,1,0.923065993480888
P55160-371M/V,1,0.382414899248959
P57727-1M/V,1,0.999981118094361
P60709-28R/Q,1,0.999833330444784
P78363-1748G/E,1,0.995824844994672
P78363-413N/Y,1,0.962401623651462
P78363-2263R/Q,1,0.826278675430275
P78363-617Q/P,1,0.999840266510522
P78363-153I/T,1,0.943222593490477
P78363-1897Q/H,1,0.99199648658812
P78504-972P/A,1,0.103654083338147
P86791-410M/L,-1,0.388154639243954
P86790-214E/D,-1,0.987050286437183
P98161-3886R/P,1,0.92089758687232
Q01082-2244A/D,1,0.86995851166016
Q01831-1M/R,1,0.999997604006691
Q01831-1M/T,1,0.999992241811015
Q01831-1M/K,1,0.999997231997176
Q01973-518T/M,-1,0.239152076638113
Q02388-1957R/Q,1,0.859149748583808
Q02388-1924Q/R,1,0.294489433866746
Q02388-2063R/G,1,0.986171597884764
Q02643-161R/W,1,0.995465092950446
Q02846-1M/V,1,0.999969978012289
Q03393-1M/V,1,0.999995982038035
Q03393-129K/E,1,0.86395576954639
Q04446-615A/P,1,0.996733473997041
Q07001-1M/T,1,0.999991089694815
Q09428-111G/E,1,0.983530184481254
Q09472-2220P/L,1,0.443968836338943
Q10471-554V/M,-1,0.346470449010133
Q12809-78A/T,1,0.93984358850665
Q12873-99P/Q,1,0.118635831540104
Q13099-205S/G,-1,0.117342181948231
Q13144-156I/M,1,0.651983624763456
Q13415-73E/K,1,0.553152082792668
Q13423-63K/R,-1,0.0954107738277888
Q13510-1M/I,1,0.999988897982607
Q13554-147K/N,1,0.999576218523132
Q13563-325R/Q,1,0.32770376128028
Q13608-1M/V,1,0.999977522569506
Q13698-1242R/G,1,0.854783994869069
Q13702-45V/L,1,0.425449395517639
Q14004-1070S/F,1,0.216439522136227
Q14204-2745T/K,1,0.631838612142323
Q14204-666E/D,1,0.999852474381822
Q14353-1M/T,1,0.999996238201642
Q14721-590S/N,1,0.542665630760343
Q14839-1648S/L,-1,0.0222343023825904
Q16281-419S/P,1,0.999665931423091
Q16665-692S/C,1,0.0371275280099559
Q3SY84-90G/R,-1,0.49592144704433
Q3T906-1M/T,1,0.999970440982493
Q49MI3-1M/I,1,0.999987053508206
Q49MI3-1M/K,1,0.999997331759423
Q4AC94-1832R/G,-1,0.0551218688825414
Q4AC94-1777A/E,-1,0.483118793840493
Q4AC94-240H/D,-1,0.137040310286608
Q5HYA8-694T/N,1,0.239276971565732
Q5HYA8-696L/V,1,0.645586512775946
Q5JTZ9-580R/W,1,0.313657145892689
Q5JUK3-982T/S,1,0.623670419417178
Q5T160-1M/T,1,0.999985907828625
Q5T160-1M/K,1,0.999997152814346
Q5T1H1-2188I/T,1,0.191558686404376
Q5T1H1-2443E/A,1,0.518110952302389
Q5TAP6-319R/H,-1,0.0338552776766109
Q5TAT6-151A/T,-1,0.0715538284878827
Q5VU43-1226R/C,1,0.00192585840010157
Q5VU43-1478I/V,1,0.0061523743164104
Q68CZ1-550Q/R,1,0.0104502118666003
Q6ICL3-245D/E,-1,0.0319699273804899
Q6ICL3-210E/K,-1,0.119842087500936
Q6NVY1-259F/L,1,0.928958046617965
Q6NW34-145L/F,1,0.989486264749749
Q6PD74-1M/V,1,0.999965123723891
Q6PEY2-156R/W,-1,0.703313707277586
Q6VVB1-146D/E,1,0.978170245644307
Q6ZMH5-374S/T,-1,0.53678154701848
Q71F56-761H/N,1,0.692295567515581
Q71F56-1M/L,1,0.999995637830924
Q7L5A8-1M/V,1,0.999998915498525
Q7Z2Z2-991A/T,-1,0.269221760697287
Q7Z3Z0-267R/H,-1,0.305393301275017
Q7Z494-1253L/V,1,0.456019354898849
Q7Z4Q2-240P/L,1,0.0514040559138541
Q86XK2-138R/G,1,0.999153692431589
Q86XK2-135K/R,1,0.998998220805121
Q8IUX7-1M/K,1,0.999994510344574
Q8IVG5-522A/V,-1,0.927963913871436
Q8IVV2-772I/F,1,0.794877292090456
Q8IWX7-367R/C,-1,0.659797509969012
Q8IYG6-128L/V,-1,0.398679864901284
Q8IYI6-672A/G,-1,0.503864735430175
Q8IZF0-322I/M,1,0.991261525420928
Q8IZJ3-322V/M,-1,0.55605737749868
Q8N119-119V/G,1,0.96686506769155
Q8N2C7-529A/S,-1,0.0777407471602652
Q8N2C7-669S/T,-1,0.0523887823170583
Q8N2C7-1984V/L,-1,0.830237882839247
Q8N766-1M/V,1,0.999993193822999
Q8N766-1M/R,1,0.999999180837924
Q8N8W4-60A/T,1,0.730170649453849
Q8NFJ9-277R/K,1,0.708352690997691
Q8NFM7-566P/S,-1,0.371728013204776
Q8NHS3-1M/V,1,0.9999916384635
Q8TD43-376I/T,1,0.667001084662404
Q8TDI0-1419I/M,1,0.975366754939951
Q8TDX9-1278P/Q,-1,0.143262643611706
Q8TEA7-425T/M,-1,0.00778659158213703
Q8TEA7-145D/N,-1,0.0112668917183593
Q8WWT9-303G/A,-1,0.359955553500741
Q8WWZ3-190D/E,1,0.933250592784467
Q8WXW3-630I/V,-1,0.00485082188324446
Q8WXX7-1M/L,1,0.999935601364005
Q8WZ42-7004E/K,1,0.0874367960372992
Q8WZ55-33V/L,1,0.495955292409323
Q92560-1M/L,1,0.999999532297856
Q92600-292R/W,1,0.930087511960827
Q92736-2168H/Q,1,0.999728668563313
Q96AJ1-68A/S,-1,0.0662713464526449
Q96D09-788S/I,1,0.0400682891685707
Q96EY8-1M/L,1,0.999996057254094
Q96FC9-347A/D,-1,0.495929834780957
Q96HY7-272Y/D,-1,0.00160540119156856
Q96HY7-607I/M,-1,0.000189634833657175
Q96IR7-251H/Q,1,0.236587236762326
Q96JI7-815R/K,1,0.0285866441899787
Q96JM2-1747S/F,1,0.996811661598344
Q96L58-1M/K,1,0.999999472657628
Q96LB3-179Q/E,1,0.378555508684617
Q96M86-304R/Q,1,0.0179742095832771
Q96NY8-146L/M,-1,0.173208486222734
Q96NY8-104P/T,-1,0.218685277369594
Q96RQ3-1M/T,1,0.999996988500958
Q96S38-319P/L,-1,0.23505597402175
Q96S44-123R/Q,-1,0.277630470766171
Q99250-273N/K,1,0.999656556659958
Q99502-513L/M,1,0.995990169053294
Q99575-994L/V,-1,0.244427288733534
Q99959-1M/L,1,0.999983701997673
Q99972-499I/F,1,0.797005459640733
Q9BVQ7-252R/Q,-1,0.0389740503073967
Q9BX84-252D/E,1,0.994955786323644
Q9BXT6-182R/C,-1,0.58164165537622
Q9C000-354G/D,-1,0.214221178415168
Q9GZT5-1M/I,1,0.999989193091085
Q9GZZ9-1M/V,1,0.999999488126476
Q9H1B5-56D/N,-1,0.680352746986663
Q9H222-437N/K,1,0.900368113500126
Q9H251-2685A/S,1,0.0385975246843729
Q9H845-15R/C,1,0.196857330080511
Q9HCU4-2881R/C,-1,0.60540518039303
Q9NQ48-246D/N,-1,0.059854134528039
Q9NQT5-1M/T,1,0.999991924528826
Q9NQT5-1M/R,1,0.999998350423395
Q9NRR6-456N/T,1,0.570765624363013
Q9NS15-438A/V,-1,0.00859221669033031
Q9NTQ9-103R/C,-1,0.740539520841554
Q9NUX5-1M/T,1,0.99998324125863
Q9NW38-1M/I,1,0.999989011287944
Q9NW38-1M/R,1,0.999998364692633
Q9NWF4-1M/I,1,0.999990485700774
Q9NWS8-287I/F,1,0.730299949564026
Q9NYL2-784K/T,-1,0.381368669203053
Q9NZU0-378Q/H,-1,0.255749699164951
Q9NZW4-18V/G,1,0.632618478404291
Q9P2D1-699S/G,1,0.398845694196866
Q9UFH2-1914V/M,-1,0.229135237388951
Q9UFH2-1547P/T,-1,0.039678235001522
Q9UFH2-1157G/R,-1,0.211735340193322
Q9UKA2-566I/V,1,0.568102420473827
Q9UKA2-450C/W,1,0.993495691703441
Q9UKN7-236Y/C,1,0.918884310005693
Q9UMN6-1017A/V,1,0.294731451935015
Q9UPM9-114R/Q,1,0.00919967756692594
Q9UQE7-682V/I,1,0.285999425671596
Q9UQR1-638P/Q,1,0.497885184484662
Q9Y297-543A/S,-1,0.183369112292611
Q9Y399-179A/V,-1,0.878425023873708
Q9Y5X4-188P/R,1,0.830703042742451
Q9Y5X4-309R/G,1,0.974737853644427
Q9Y618-1699A/T,-1,0.0836530057360733
O60287-798L/P,-1,0.326487278656455
M0QZD8-849P/S,-1,0.0219677236834086
Q9NRR5-501P/H,-1,0.011129299353689
Q6ZMG9-6A/T,-1,0.470722975887038
Q9C0B2-1069G/R,-1,0.416904940561294
P60827-238Y/S,-1,0.273478578532121
Q8IWJ2-1280H/Y,-1,0.168880295566256
Q9BV44-459R/Q,-1,0.00872770696829755
O00148-142V/I,-1,0.00395135613861746
Q5T0Z8-260S/A,-1,0.0184970941206222
Q96ER3-426S/G,-1,0.0221617914916637
Q5T124-165E/G,-1,0.0826620604116965
Q8WXS8-937L/M,-1,0.131652279097014
P12645-67Y/N,-1,0.828570318351504
Q9NSY0-397L/P,-1,0.437874776067322
Q8N8Z6-714L/F,-1,0.377515170761892
Q86WI3-142E/V,-1,0.045907577099116
P14415-124Q/L,-1,0.0168541344797364
Q86YB8-129D/V,-1,0.960949041081648
Q14802-40G/S,-1,0.0397834822975788
Q9Y6Y8-638D/H,-1,0.0228556452992349
Q8NGE0-279Y/H,-1,0.352754472124938
O15090-412P/H,-1,0.133037152193468
Q6P9F0-141T/M,-1,0.287315210593622
P32926-771S/F,-1,0.0768772221559687
Q96PD2-723D/N,-1,0.0363997275442207
Q16798-418A/T,-1,0.164346954281501
Q6NUM6-389H/R,-1,0.913368773402185
Q6NUM6-372L/W,-1,0.00433620672117624
Q6NUM6-129A/V,-1,0.338601944526986
P08922-167R/Q,-1,0.100311260187574
O43861-732M/L,-1,0.0142593410214745
Q9Y2K3-454R/Q,-1,0.00644473908860886
Q9HCH5-306I/V,-1,0.0293801038889618
Q8IWI9-1270C/R,-1,0.32486019750098
A6PVI3-126G/S,-1,0.0383333164647961
P42694-74V/M,-1,0.00971568482862589
Q13332-991A/V,-1,0.00604213400656444
Q9H009-174T/R,-1,0.167779600645381
A0A1B0GVV1-53R/Q,-1,0.0364664873454007
Q6QHC5-57A/T,-1,0.135104144471149
Q86V20-244S/G,-1,0.299311544335861
Q496H8-89E/A,-1,0.143428465468306
O94919-446G/V,-1,0.554722879922691
Q53H47-126D/G,-1,0.00504482139469564
P0DPD7-170R/W,-1,0.0115403599087099
Q587I9-124A/E,-1,0.913008896186381
P62917-98I/V,-1,0.0724416778331115
Q6ISU1-106V/I,-1,0.0890463601312417
O95881-80T/M,-1,0.465012828549014
Q8IV35-53K/E,-1,0.790610496519092
Q3KQU3-433R/W,-1,0.347280819124722
Q969V3-214E/D,-1,0.283983656569369
Q8WU76-512L/S,-1,0.0335616369519406
Q9UDX4-364R/C,-1,0.025402501577097
P0DN25-205C/F,-1,0.598818524683916
Q9BYD9-117Q/L,-1,0.0151513114522517
O75155-476P/L,-1,0.0237705123665353
Q8NGJ1-102F/S,-1,0.00192789388676579
Q8NGJ1-59M/V,-1,0.0022258140423938
Q15109-82G/S,-1,0.0201439437377069
Q6V1P9-1660S/L,-1,0.0173224194470689
Q6V1P9-1606A/T,-1,0.0426539454881802
Q6V1P9-3088H/Y,-1,0.0035911531145289
Q96N06-129T/I,-1,0.0167114963035521
P0CAP1-277A/V,-1,0.315831105104921
O95050-219E/G,-1,0.00225211624791428
Q2VPA4-475C/Y,-1,0.106371128154609
Q674R7-141R/W,-1,0.0787327387967202
Q8N8V2-86P/H,-1,0.110005769757612
B0I1T2-49V/M,-1,0.0600657107160686
Q86VI1-242R/G,-1,0.197774946718039
Q4VNC0-344K/E,-1,0.335861851629445
Q8IWA6-398G/D,-1,0.014838199892264
Q8IUA7-1306K/T,-1,0.0053889717666005
P54855-330A/V,-1,0.517870401869025
Q15678-857G/D,-1,0.106497121577373
Q9UJA9-171I/V,-1,0.034283571792911
Q9Y490-1227S/L,-1,0.198973953145001
Q8TCD5-68P/L,-1,0.413150983517121
Q6MZZ7-596I/T,-1,0.0219288750088759
Q12888-1026V/A,-1,0.00628730561401755
P35125-162Y/H,-1,0.28399213089302
P35125-912R/Q,-1,0.0290117269239949
Q9UBD6-202R/C,-1,0.0188794991063525
Q9ULE4-887E/Q,-1,0.00893829257438241
Q13291-333P/T,-1,0.00356213221179398
Q02386-303P/R,-1,0.0335362231734764
Q96SB8-464R/G,-1,0.282833915713202
Q9H987-508P/H,-1,0.0254156914904514
Q9H987-2G/S,-1,0.785183240784731
Q9UPZ6-841R/H,-1,0.089067508585041
O95359-2730G/R,-1,0.650568466294873
O95154-309P/L,-1,0.300125189667754
Q8NEN9-11A/V,-1,0.0122998044440656
Q8TDV0-40P/L,-1,0.564286509095441
Q9UNX4-210A/V,-1,0.483006755985401
P0C5J1-96L/P,-1,0.979569703380038
Q658N2-408V/I,-1,0.0212928858917121
Q8TD08-221T/K,-1,0.837248204200437
P23467-127S/G,-1,0.00370224966492351
P23467-1228R/W,-1,0.0109379486596106
Q5VY43-802S/C,-1,0.537334999857415
O94823-1148I/V,-1,0.092992555348717
P58180-290R/K,-1,0.0180241416759986
Q9BRR9-50R/G,-1,0.0943737409365772
Q6HA08-159R/H,-1,0.126108575882401
Q9NPR2-809S/N,-1,0.00467468202763619
Q9Y2K5-948R/H,-1,0.00592730981095949
O14579-117T/I,-1,0.258576973090086
A0A1W2PRP0-112G/S,-1,0.646259415713697
Q96LW4-168R/Q,-1,0.125368255730297
Q8NGK6-284L/P,-1,0.850968673489088
Q9Y6G9-147M/T,-1,0.101567695539939
Q9Y2L9-162L/V,-1,0.0378519278377139
A8MPS7-263A/T,-1,0.0191558856793678
Q9C026-338V/I,-1,0.0552267661374274
Q9UPX6-258N/H,-1,0.0153075272937353
O00526-47A/S,-1,0.00416213286728496
P78345-181A/G,-1,2.00517656151388e-05
Q8TDD1-821P/L,-1,0.180531036637132
Q68DE3-1818S/G,-1,0.498265735449897
Q7Z7A1-889A/T,-1,0.0386033581509763
O43306-674A/S,-1,0.324850697718048
Q13671-238R/Q,-1,0.103861128138672
Q8N4P2-117R/H,-1,0.0387160723284045
P22234-201K/N,-1,0.367005868955994
Q96QV1-404V/M,-1,0.00175639473791311
Q6UX82-24Q/P,-1,0.719766785368882
Q9H7M9-191I/V,-1,0.0563169479591718
Q9BQK8-199D/A,-1,0.1129918154602
Q2M3G0-369I/V,-1,0.029098660237891
O43670-224A/S,-1,0.370879031164717
Q96R54-285P/S,-1,0.00280405319972683
P14091-82I/V,-1,0.030976676092858
Q9NVI7-224R/Q,-1,0.57043083164753
O60391-982E/K,-1,0.0125826288867925
P42330-77E/G,-1,0.0845933193185129
P42330-180P/S,-1,0.0538069839148375
Q5VUY0-104P/S,-1,0.109215258391472
Q9P2R6-794P/L,-1,0.00985138664002304
Q9UKV3-257R/K,-1,0.0448818295323717
Q9BTY2-356M/V,-1,0.2610797429017
Q16695-8A/T,-1,0.985625472707722
A6PVS8-129M/I,-1,0.0563355647805921
Q6JQN1-939R/L,-1,0.848368097368813
Q9Y6L7-333R/Q,-1,0.269894103137672
Q96MA6-130D/G,-1,0.0166062516763092
Q9Y5X2-268T/I,-1,0.31723805974814
Q9UDX3-200V/M,-1,0.0625655176654115
Q9UDX3-124R/G,-1,0.0242600962497345
O14924-225I/V,-1,0.00236354493404288
Q96LD4-187R/W,-1,0.0854585276702764
Q5T6F2-14R/Q,-1,0.110219375334523
Q8IVE3-1385S/C,-1,0.0117309628209883
Q9H2F9-249V/A,-1,0.192589256773095
P04439-199G/R,-1,0.000859426214587952
Q9H0N0-83I/S,-1,0.644371626509861
Q15911-1852Q/P,-1,0.975496363054061
Q9HAS3-513Y/F,-1,0.201031344687958
P24462-409T/R,-1,0.0222139370204285
A2CJ06-122P/R,-1,0.0494203150060963
Q9HAW4-1280S/L,-1,0.0286203655742712
Q9H307-671S/G,-1,0.00141524568371908
Q96P44-753E/V,-1,0.209067768572825
Q9NRS4-413P/L,-1,0.228348194901607
Q6ZVH7-876K/E,-1,0.0863648325666939
Q17RW2-7R/K,-1,0.0817145758308722
O60496-274P/L,-1,0.411358546344567
Q6UB98-507T/I,-1,0.0305407019185041
P29218-109I/V,-1,0.0270486027697285
Q9NZP0-133M/T,-1,0.766294187149423
Q8NH53-79T/N,-1,0.00130050833496742
Q9P2F8-1403S/L,-1,0.0163074366094805
Q01546-283A/T,-1,0.181166470519044
Q86XS5-268T/M,-1,0.0426573538122718
Q9UJX0-457V/A,-1,0.227888203581364
Q6L9W6-992R/H,-1,0.0622551459823408
P0DMV9-110E/D,-1,0.714501063180828
Q659C4-462P/R,-1,0.265526408168538
Q13349-282R/C,-1,0.078878850286573
A6NNS2-227S/L,-1,0.809758081952584
Q9NR19-601G/A,-1,0.252794241051538
Q4V339-159D/N,-1,0.397923910994285
Q6P1K2-150R/C,-1,0.0409474959430481
O95789-1233E/K,-1,0.0351430422927362
Q5VUB5-465P/S,-1,0.0294101608926549
Q9UBD9-161P/S,-1,0.0292112137326056
Q58EX2-1553T/M,-1,0.0271300416547814
P12270-960S/N,-1,0.0102404462570062
P12270-779V/I,-1,0.0559624974670971
Q14209-226Q/H,-1,0.16390703450653
Q96L50-136T/A,-1,0.106719620854546
Q9P1Z3-69K/R,-1,0.0124682408628337
Q08AH1-176A/P,-1,0.032177201497901
Q8TDM6-1089P/L,-1,0.0112980766413288
Q8IUC3-51S/P,-1,0.56656402355009
Q8NGV6-195C/R,-1,0.000416418907186306
Q494X3-233H/Y,-1,0.735149562491148
Q8N0Z6-336V/I,-1,0.00870274932285101
P0CW27-147Y/C,-1,0.00328564053082553
A0A286YEU6-115L/P,-1,0.220181684828781
Q14990-223P/T,-1,0.981446636461883
Q3I5F7-40D/N,-1,0.0106807225368335
Q9H019-31N/S,-1,0.0813848949146228
Q5TCY1-649P/R,-1,0.11565695094456
Q86W11-378I/S,-1,0.237616438992227
Q7Z5N4-441G/R,-1,0.170671925553849
Q7Z5N4-1027T/M,-1,0.0782397145328053
Q15032-270M/V,-1,0.156157271237235
Q8NH04-218Y/H,-1,0.00450623162676423
Q04756-225V/M,-1,0.560123675195725
Q9UGM3-1084H/Y,-1,0.00113892562983602
Q9UKX5-972P/L,-1,0.0101903794068054
Q9BZJ3-70L/F,-1,0.0659021911837711
P07478-56Q/K,-1,0.0312414854826086
P49643-399Q/E,-1,0.118164576885056
Q9HD90-223H/R,-1,0.461243694967867
P0C645-28R/W,-1,0.00124729208630378
P0C645-274V/A,-1,0.00032718222881911
Q9H1P6-99I/V,-1,0.00560812509625095
Q8TE23-595I/T,-1,0.101047308873336
Q9ULL4-1596V/E,-1,0.299891722696015
Q6NT32-176R/W,-1,0.0439592074236965
A1IGU5-489P/L,-1,0.00508322496916971
O43747-685P/H,-1,0.515794795703455
O75129-874A/T,-1,0.00467062102864774
Q9NUJ7-260Y/C,-1,0.282619540040661
Q9NTJ5-434Y/F,-1,0.0648513148764555
Q9UK80-321G/D,-1,0.0369092768380762
Q9C0C2-96P/S,-1,0.00388252249640991
Q6W5P4-241S/R,-1,0.585377734734198
Q8NGG7-133T/R,-1,0.0238654031420979
Q7Z7A4-481K/R,-1,0.199843825041125
O43374-606T/M,-1,0.0543059626221389
A6NET4-177F/L,-1,0.0117069550144128
Q7LBC6-5A/T,-1,0.00222562678121048
E5RIL1-64T/M,-1,0.257691678652656
Q5VV67-1244A/P,-1,0.0732396129811538
Q53H96-105V/M,-1,0.949956977093277
O60353-345M/L,-1,0.469255015446455
Q9BV38-62I/V,-1,0.0191025008802957
Q8NHV5-124N/H,-1,0.421421590809207
Q8N6F8-216R/W,-1,0.0219278418503352
Q9H0J9-463V/M,-1,0.0898969391442309
Q14789-1212Y/C,-1,0.12427959996172
Q9UNA4-261I/M,-1,0.0982475446702143
Q9HCE3-761E/D,-1,0.0777437256493718
Q5SVQ8-327D/Y,-1,0.674926528608638
Q9Y485-1589M/V,-1,0.602021538472919
A1YPR0-250P/S,-1,0.39852777837679
Q96P64-492R/H,-1,0.0208036324595375
Q9NY99-200S/L,-1,0.0163443673687026
P34913-52R/W,-1,0.012451074348024
O00418-75P/A,-1,0.0347274882738164
Q8IVL6-304R/C,-1,0.336727347603477
Q5T5S1-113L/R,-1,0.529298611093986
Q4VX76-414P/S,-1,0.010115953651011
Q5VY09-285P/S,-1,0.0362986192693121
O14960-24I/T,-1,0.515702529904414
Q9UGM5-202G/S,-1,0.0510421714049896
Q9NYL5-288Y/H,-1,0.0610433733055519
Q9NZN5-973Y/F,-1,0.00403380164041973
Q8WXD9-38K/R,-1,0.00564420242542328
Q8N4X5-769R/C,-1,0.474934506338318
Q96LB9-272A/V,-1,0.528563677495301
Q9H930-88M/T,-1,0.0182271962664494
P53675-691E/K,-1,0.60989991941795
Q7Z3V5-573L/H,-1,0.23185730056662
Q5T9S5-1080L/V,-1,0.0514620525492431
Q5JZY3-807R/Q,-1,0.120339088736932
P23229-265S/G,-1,0.0350732391599005
Q9BX82-430P/R,-1,0.772248917369693
Q15059-255A/V,-1,0.0245231816634951
Q8WWX8-258F/L,-1,0.800028460754194
Q6UXI7-559L/I,-1,0.00944610748152923
Q6ZVD8-919S/N,-1,0.00911473820049808
Q92982-110A/D,-1,0.911864856517338
Q8IXT1-12V/I,-1,0.0752431168873539
O60229-1893S/L,-1,0.353958614615508
Q8IZM8-145R/C,-1,0.215737611589518
P59827-206G/W,-1,0.35525321909193
Q08AH3-78E/K,-1,0.263753867107937
Q9BZZ2-464R/H,-1,0.647331025444259
Q9GZM7-451F/L,-1,0.473512520749602
P47901-65K/N,-1,0.686360088008215
Q8ND23-1161G/V,-1,0.279357541842467
Q8NDZ2-529M/V,-1,0.0231506942809409
Q8IVF2-678P/R,-1,0.0678490861633278
Q9HCG8-656A/V,-1,0.0670355957381395
Q32MQ0-288P/L,-1,0.809635578751618
Q8N819-285L/M,-1,0.710417147075838
A0A1B0GVZ2-64L/P,-1,0.956223993525662
P41238-108P/S,-1,0.000645892078828162
A4D1E9-164L/F,-1,0.86579519105525
Q5VXU9-1425R/C,-1,0.00732745761670466
Q8IY85-541D/V,-1,0.00146944048278763
Q5M9N0-482E/K,-1,0.0194224532036593
Q7Z4J2-195H/R,-1,0.592803659672738
Q8WWI5-193T/A,-1,0.0206686011574293
Q8N697-239V/A,-1,0.0332121651721313
Q96GY0-279S/F,-1,0.133872165863931
Q5SXM1-351C/Y,-1,0.133106904835312
Q12901-231P/L,-1,0.0030857318288111
Q8TC36-174A/T,-1,0.0585879617153896
Q02297-616G/V,-1,0.00218165516528981
A0A1B0GTH9-100R/Q,-1,0.0532821371057417
Q49A92-245R/Q,-1,0.0110188425319539
Q5VXM1-244G/R,-1,0.652900233503068
Q9P255-314C/Y,-1,0.882245663486463
Q70Z53-251S/F,-1,0.458743251141375
A6NHA9-240S/F,-1,0.000822955152105424
