variant_info,PHACTboost,PHACT,EVE,CPT-1,prot_vars
1,0.934831602730211,0.000156375076763464,0.230165874408512,0.0909931877574159,O00329-524Y/S
1,0.711023038654009,0.000787984548972521,NA,0.201943198608216,O00571-369T/S
1,0.414012602637815,0.00048155102794994,NA,0.292611302557313,O00764-75N/K
1,0.0448061997337849,0.00116358519525111,NA,0.168210799468253,O14686-2647D/N
1,0.677536424935878,0.000651101429542281,NA,0.252693846381266,O14746-1040A/T
1,0.441590587442774,0.000304013871287246,0.583916885775123,0.356575207817457,O14746-938R/W
-1,0.172678661332477,0.00035557752544193,NA,0.194165050775323,O14841-459R/C
-1,0.028649290456419,0.00100078062653567,NA,0.122889864444618,O14976-1265K/R
1,0.470971562660376,3.8191981043394e-05,0.320752475058696,0.197108281876474,O15020-2077A/V
1,0.114109546238823,0.000393853648063041,0.344776236179425,0.127456514121965,O15020-1453D/V
1,0.125477615054199,0.00108646275638221,0.16259692232189,0.092287070894192,O15118-1036T/S
1,0.119081307772613,0.00154520283920674,0.119037881479591,0.0843980143952401,O15118-978R/S
1,0.149062077668402,0.000546209688923257,0.635265886796924,0.238775293059324,O15118-372R/W
1,0.239951248673598,0.000410713853400264,NA,0.461671228156412,O15230-513G/E
1,0.607063539989627,0.000692414944101455,0.154275428085454,0.331167876485672,O15266-112Q/P
1,0.998007585608898,0.00022377810947685,0.513848944907529,0.685732020717998,O15305-162R/P
1,0.457305090407465,0.000612038519823322,0.186959626340945,0.498002580733249,O15305-195H/R
1,0.738018749868885,0.000473523751540499,0.127496306788603,0.257377253681468,O15305-239R/S
1,0.995059138524912,0.000288880970472848,0.455458477497606,0.539588415263135,O15305-238R/P
-1,0.260147155526859,0.000131971721851064,NA,0.482403302395824,O15393-160V/M
1,0.437788610083056,0.000125134617743117,0.213532472458,0.149098941621925,O15528-112P/L
1,0.999984402709199,0,NA,0.419617174456113,O43291-1M/I
1,0.853216798006096,0.00016713016372535,0.413151138489505,0.239428355296596,O43497-161I/F
1,0.999999679631741,0,NA,0.328648946613353,O43511-1M/R
1,0.997384611854228,1.62555863239482e-05,0.144488236702696,0.406008892559757,O43526-256G/V
1,0.866653036174835,0.000145550428111088,NA,0.202334348082815,O43776-226V/L
1,0.481524639601853,0.000286745315211477,0.618786985234846,0.553333620674612,O43918-18I/M
1,0.913629910152786,0.000198579500537723,0.51527188967744,0.260428953127059,O60500-806A/T
1,0.0866129603696636,0.000441423236893729,NA,0.112250395519107,O60524-926P/L
-1,0.0387521391628474,0.000171400979065582,0.183887070270106,0.284409674935034,O60568-629T/M
-1,0.230509437105776,0.000342719742999306,NA,0.16333200480491,O60716-915R/K
1,0.998782646860379,5.55494607122675e-07,0.737909245749459,0.669996683121146,O60741-397I/M
1,0.999998091392087,0,NA,0.221558315204011,O60762-1M/V
-1,0.0212373417743602,0.0024094170378041,0.236525469808562,0.138678796235767,O60885-1097R/H
-1,0.345669889402642,0.00015999714590558,0.115316687135006,0.217870432797059,O75051-46R/H
1,0.283618922104314,0.000710181686074338,0.146736834154775,0.0773876713859363,O75197-70F/Y
1,0.880011534580128,0.000143376579919517,0.357597563517898,0.322458007618736,O75197-395R/W
1,0.79813295494206,2.12595504228549e-05,0.575442106891669,0.487639957942875,O75369-167D/E
1,0.897659086590338,0.000139457874610739,0.675781031565028,0.770940931707013,O75445-2347V/E
1,0.0772270739857114,0.000818185149674028,NA,0.179007936196762,O75445-192N/T
1,0.995124545616907,9.68173945978926e-07,0.730062352139302,0.5481721139931,O75445-3130W/L
1,0.620186581127226,0.000155267989322195,0.715154905851342,0.368833049166297,O75445-2356N/S
1,0.990392645952654,1.11131053977061e-05,NA,0.385994801183137,O75445-391S/R
1,0.999993810194632,0,NA,0.482630594049262,O75489-1M/I
1,0.945986548195107,0.000118336516856855,0.701982533120359,0.234903926500163,O76024-629R/W
1,0.93987911065134,0.000207207487957661,0.520171822629187,0.282687820167198,O76082-38S/C
1,0.999992999069537,0,NA,0.365832491543416,O95363-1M/I
-1,0.197068698998078,0.0001852745802904,0.269337361511468,0.136514060719962,O95425-668S/L
1,0.999971360555271,0,NA,0.278516368623467,O95528-1M/V
1,0.999997166648798,0,NA,0.51655495223303,O95571-1M/K
-1,0.00622502725064852,0.00041240902541749,NA,0.147888080698624,O95644-751C/G
1,0.537973178354042,0.000232802593654186,0.481214056066488,0.18957024662754,O95721-40D/Y
-1,0.483515039287093,8.93146301260907e-05,0.590638923382323,0.269541049772735,O95786-580D/E
1,0.999441743977363,9.96008667002338e-05,0.311474855830759,0.341393617171875,P00439-145D/E
1,0.800811113663318,0.00177561713072704,0.0834233159819616,0.120257898111719,P00439-104A/V
1,0.986120244397523,0.000294179983250816,0.239484268616483,0.338637835397177,P00441-91D/V
1,0.999150049412045,0.000171938001227772,0.127665375785009,0.296873890522097,P00441-112C/Y
1,0.858560702677387,0.000252725604750802,0.4565144334591,0.0939002705137902,P00451-1764Q/R
1,0.99777148918153,3.35905200613931e-05,0.739872505450096,0.35095134723215,P00451-644L/V
-1,0.0843440932994388,0.00267415168511117,NA,0.19798412164924,P00505-2A/S
1,0.00483261392658356,0.00049642865603358,0.344899215997369,0.171198248671754,P00734-357E/G
1,0.9875369607158,0.000214746940467339,0.170614953655567,0.199100515353125,P00740-294R/L
1,0.901097727951706,0.000380569236419089,0.138016346700663,0.0898477719694281,P00740-380A/T
1,0.989469377602658,0.000156331055333126,NA,0.102474756501435,P00740-342T/A
1,0.999994216103461,0,NA,0.371474589778757,P00813-1M/V
1,0.211650542342646,0.000125671477842623,0.87714998609114,0.45924527635172,P01024-161R/W
1,0.995151299991649,9.71513769316207e-05,0.372146655763354,0.32485918576792,P01130-350R/G
1,0.212763271965615,2.55801474130301e-05,0.32855522022517,0.225608484030403,P01148-31R/H
1,0.68664018758802,0.000606015198775659,0.645185184777448,0.128453616158337,P01241-85P/L
1,0.520908121422043,0.000147994015859692,0.328025563580907,0.315370895869109,P01308-98S/I
1,0.99996700658098,0,0.947073749922583,0.732211973467819,P02462-420G/R
-1,0.217072238770906,0.000239488477925039,0.321759525636662,0.309118674931641,P02538-335A/T
1,0.861157520510421,0.000173638397746416,0.819885818557502,0.592511337275253,P02647-197R/P
1,0.913250746987584,5.94061904965873e-05,0.302543593210848,0.384123285513171,P02766-54R/T
1,0.976660432918053,0.000388335618192429,0.148470728263067,0.247955087189923,P02766-55K/E
1,0.990964725836036,0.000325576142733651,0.153678203644193,0.185088987974453,P02766-79T/A
1,0.00887905058399076,0.000785586035624654,NA,0.254454950008711,P02771-608G/R
1,0.976685897528777,7.61783310880299e-05,0.463290863929978,NA,P04062-272E/D
1,0.928940182550797,0.000777391994960108,0.232856863108005,NA,P04062-310S/N
1,0.984888858715436,5.16205508643645e-05,NA,0.341635670680434,P04070-51R/C
1,0.995919619509809,1.30924822087349e-05,0.551430400661785,0.347845219689931,P04070-158R/W
1,0.990677691263947,6.98230556139094e-05,0.358510904740893,0.488461097161334,P04264-178S/P
1,0.991320273319769,0.000324262038723186,0.14455813991613,0.222675039447087,P04275-2663R/C
1,0.465291893680625,0.000356171171338573,0.253428915977631,0.329050607943738,P04275-1421N/K
1,0.103209945177773,0.00022949535811545,0.195310486461728,0.631251649903467,P04629-101S/R
1,0.703111341368413,0.000278705556475448,0.371550309213663,0.141366845955462,P05106-27G/R
1,0.418055662407132,7.30553469671883e-05,0.181776135431751,0.23315842319932,P05129-140R/Q
1,0.99309577413883,6.85419657980048e-05,0.504710465544457,0.573333477592212,P05155-460S/P
1,0.999998797359415,0,NA,0.333706872826432,P05186-1M/V
1,0.98860950785563,3.76439740676819e-05,0.533303355075203,0.515081508551438,P05186-359I/M
1,0.974855229331048,0.000101877962600404,0.204422261533017,0.168954500327642,P05186-414L/M
1,0.855975777989124,0.00044349496841973,NA,0.21184406491036,P05186-493N/K
1,0.592325584263637,0.000449681355168166,0.0752074948529507,0.207085308084735,P05186-275L/F
1,0.712793175779881,0.000285864493375707,0.352392412724988,0.251515180646428,P05186-367S/T
1,0.179211505465092,0.00120158449951254,NA,0.188002942055289,P05186-424V/A
1,0.901518781996664,0.000176339902717074,0.253448721103137,0.170135223914062,P06213-238E/K
1,0.992397568979649,0.000366709989303518,NA,0.270737427761349,P06280-19L/P
1,0.99999932214998,0,NA,0.249389075226659,P06280-1M/I
1,0.921116664419377,0.00042012574791016,0.328064539450014,0.262147222999763,P06400-220L/V
1,0.999994719231513,6.50855705369117e-09,NA,0.427329143004204,P07225-1M/L
1,0.323615110852008,0.000300278271796568,0.393634594588678,0.259001276830111,P07333-741D/N
1,0.982373376871873,3.63199086540741e-06,0.698253112383089,0.56711896791431,P07359-20C/G
1,0.402675143866166,6.17209533792817e-05,0.650467549803205,0.436549447677984,P07359-83L/F
1,0.917624539380625,0.000244091861141942,NA,0.350975757652238,P07741-54H/D
-1,0.133233681259095,0.00133636907630063,NA,0.145821308723162,P07858-53S/G
1,0.999999722504985,5.02227149087445e-08,NA,0.318119817802014,P07902-1M/R
1,0.999458777693006,3.3738356531838e-07,NA,0.770357449777475,P07911-63C/W
1,0.395208185034994,0.000237498412384477,0.210593126711924,0.146487502814917,P07949-77R/C
1,0.999997857622599,0,NA,0.363607474324342,P08246-1M/V
1,0.975034103006972,0.000102491148793612,NA,0.496995454429267,P08246-101V/M
1,0.921192850803126,0.000113211260005033,NA,0.341719280776766,P08246-53H/Q
1,0.991165339769418,5.18365983337002e-05,NA,0.398425744860822,P08246-154M/R
1,0.766172530965658,9.23947207932269e-05,0.240334165477295,0.180398774701764,P08514-160S/R
1,0.932781413179771,9.23481668469973e-05,NA,0.271484239204893,P08709-96R/G
-1,0.866786288667531,0.000100110054249407,NA,0.286198536730218,P08779-41R/C
1,0.889637482394892,0.00037716193649618,0.835171027328756,0.398377149643287,P08F94-2665L/P
1,0.542242341196578,0.000510229189550589,0.892900721046249,0.463552167760421,P08F94-2957I/M
1,0.958802811197538,0.000286611859186577,0.822791323339505,0.244549198986416,P08F94-2840R/G
1,0.988798693222682,0.000126764287768736,0.783906755993868,0.397083652856765,P08F94-2827L/P
1,0.975701954461733,8.42945406576912e-05,0.688258481445317,0.384698136890966,P08F94-1968I/S
1,0.995057912971503,3.54611943939241e-06,0.87960612475813,0.632584516668007,P08F94-1431C/F
1,0.887562940639973,0.000851137313596916,NA,0.241480091241442,P08F94-36T/A
1,0.121759631370636,0.00120948895030009,NA,NA,P09884-397D/N
1,0.999998413602023,0,NA,0.240315327521345,P10253-1M/T
1,0.143180076056898,0.00032876832932257,0.101521779290235,0.208153230415187,P10275-355E/Q
1,0.999997486472905,0,NA,0.30617334265792,P10589-1M/L
1,0.00646752812467482,0.000583269018953546,0.206590452959532,0.0742465983734331,P10745-1017M/K
1,0.949359776336782,0.000543672136733173,0.343253484008865,0.468830775520939,P10746-212S/P
1,0.96444786543781,3.74996799573309e-06,0.586638734162907,0.552091157205953,P11055-834F/S
1,0.999989841628274,0,NA,0.406662448067124,P11166-1M/L
1,0.680213390368749,0.000363610820118065,0.078429231354956,0.240328194659488,P11217-704A/V
1,0.589876012351891,0.00180916486518295,0.121690568780572,0.151409372977078,P11310-78I/V
1,0.412979542373657,0.00183971627670445,0.194382370172716,0.0953285697486426,P11413-355I/V
1,0.944861078378951,0.000316165089988,0.211033561485572,0.264029013430385,P11413-155H/D
1,0.870149213853486,0.0010602435641019,0.0733062313980978,0.15688613173097,P11413-63E/K
1,0.281931195685247,0.00187485425947838,NA,0.139859287620207,P11413-3E/K
-1,0.887310484133419,0.000145541411112432,NA,0.489106612377112,P11586-769L/F
-1,0.466318536183094,5.23826062019008e-05,NA,0.421763113874719,P12035-375R/G
1,0.814471798130044,0.000149119306735208,0.576520569728189,0.350766428054029,P12110-96Y/C
1,0.489136574758877,0.00023967741869429,NA,0.177324056080893,P12755-28S/T
1,0.999994830777662,0,NA,0.324536518515055,P12830-1M/L
1,0.999993330335365,0,NA,0.233345110238441,P13224-1M/T
1,0.729936353693957,0.000107748969237073,0.350374051954043,0.472046658254535,P13224-158L/R
1,0.999985679014381,0,NA,0.369504020248865,P13497-1M/T
1,0.981627438749393,9.08528375405947e-05,0.433009631145782,0.251490130288666,P13569-223A/V
1,0.993566240504865,2.31391579898499e-05,0.1513762551286,0.206742800437329,P13637-127A/V
1,0.999982888767936,0,NA,0.396476432273715,P13805-1M/V
1,0.573268332585144,4.35538085774215e-06,0.259658626083596,0.387787133914949,P14136-236K/E
1,0.989583407358727,0.000111948137427741,0.894125051328458,0.410841973731343,P14222-410R/P
1,0.960293520578942,9.73073783810027e-05,0.882147895790733,0.22429105054098,P14222-317G/R
1,0.999996485088167,0,NA,0.478646874216206,P14222-1M/T
1,0.999994558286078,0,NA,0.4401353809545,P14222-1M/V
1,0.872366633045333,0.000176524845378141,0.824368672959443,0.355870826688553,P14222-410R/W
1,0.999995701732868,0,NA,0.548833192836705,P14222-1M/I
1,0.998801468963752,3.00842238076341e-05,0.760742719402859,0.574767530988099,P14679-44S/R
1,0.540022307832679,0.000234596327055689,0.135370362586335,0.252517327636928,P14679-355A/G
1,0.99826335140807,0.000100473296460612,0.594401880628,0.586546877323973,P14679-379G/V
1,0.807643956679101,0.000384802785946066,0.259873234780273,0.243623711783746,P14679-406P/A
1,0.978043392566752,7.77245750758766e-05,NA,0.183118250798941,P14867-28Q/H
1,0.994815118137648,1.96245027230507e-06,NA,0.605326981028862,P15538-384R/G
1,0.978432061569235,4.07684440005848e-05,NA,0.516850651678615,P15538-332R/G
1,0.995027057860727,1.30156359946977e-05,NA,0.620339872842048,P15538-384R/L
1,0.993768991541834,8.67946058896733e-05,NA,0.69134806594516,P15538-384R/P
1,0.998034462017771,2.3016495736012e-06,NA,0.381346518683221,P15538-332R/W
1,0.793600724233364,0.000206092819929134,NA,0.510708346751038,P15538-306A/T
1,0.96108579176826,2.01903519928874e-06,NA,0.382036030173377,P15538-42P/A
1,0.984751095591825,1.48486726626026e-06,NA,0.421249489029146,P15538-42P/T
1,0.126695418781888,0.000486881966658292,0.105671195400366,0.1891566213244,P15848-486D/E
1,0.615713618509548,0.000177786894377436,0.127081872931177,NA,P16112-756G/R
1,0.00442159955386843,0.000164004817820484,0.142316435493634,0.14482556774954,P16157-1027S/R
-1,0.995667843020539,0,NA,0.394262319479667,P17066-198L/F
1,0.924086244926799,8.5115325585176e-05,0.666505563707261,0.51152454051526,P17405-411E/D
1,0.176307917279296,0.000659806619750728,0.24747349415562,0.2825191588644,P17405-595L/V
1,0.991114531996241,0.000168617138009327,0.638145919070588,0.328932257220313,P17813-437R/P
1,0.234101714024361,0.00032291153280894,NA,0.144565835101716,P20585-1044G/S
1,0.123555842408988,0.000244458528259871,NA,0.342910871615045,P20711-23G/V
-1,0.00240288081878275,0.00239268720375416,NA,0.288156494456205,P20810-537A/V
1,0.999998997517852,0,NA,0.436956743854627,P20908-1M/R
1,0.947690924310998,0.000466589350542965,0.288274434790432,NA,P21549-156G/A
1,0.888038666925916,7.7572537101797e-05,0.190538443612976,0.209082671086223,P21810-147K/N
1,0.998268719526855,8.41218284226061e-06,0.260029786553958,0.218437509032281,P21817-2676R/Q
1,0.999998398384166,0,NA,0.38845523034479,P21953-1M/V
1,0.999993125515956,0,NA,0.413049866323484,P22304-1M/T
1,0.344699872576095,0.000620284886458857,NA,0.156409483433222,P22314-554P/S
1,0.0287677070640863,0.00113029575164197,NA,0.138836866135288,P23416-396P/T
1,0.458985826573738,0.000182160762782158,0.28506356474343,0.295986030079469,P24386-314G/R
1,0.999831953221169,1.08243729579556e-06,0.797109968034385,NA,P25189-101W/C
1,0.736327549536946,0.000198052405561337,NA,0.382313311300449,P26640-1115T/R
1,0.356114496547142,0.000440772986501013,0.179290096073667,0.181852695028999,P29400-76Q/H
1,0.999998469226064,0,NA,0.595012662194426,P30084-1M/I
1,0.999999210196784,0,NA,0.52896224985565,P30084-1M/T
1,0.999998755066434,0,NA,0.490195829038569,P30084-1M/V
1,0.999466850074697,0.000249590531596206,0.622540707232888,0.613548555310174,P30084-238A/P
1,0.990120707970127,0.000267966621323446,0.288173118708123,0.207990564247373,P30084-159Q/H
1,0.731691268613879,0.000660425200034354,0.389068666806667,0.230108827678417,P30084-238A/V
1,0.993998476315164,0.000280601587485545,NA,0.354650657172249,P30613-75L/P
-1,0.0187289691798724,0.000495622548306953,0.101345845084929,0.0740922843051923,P31415-140Y/F
-1,0.17893293844638,0.001768522105538,0.800827236385372,0.192130555903318,P31629-1242Y/C
1,0.782628103308547,0.000195975536317869,NA,0.393629031743827,P32004-1076T/P
1,0.994861817443822,0.000154874716660767,0.340602519920503,0.661696646339132,P33897-420H/P
1,0.98048253035073,7.3410154835505e-05,0.557419588076562,0.351366028930525,P34059-216F/L
1,0.999996588188592,0,NA,0.422132912713248,P34059-1M/V
1,0.699762580729221,0.000218215547659545,0.288547585018943,0.270812783553714,P34949-398I/T
1,0.991968713754061,0.000115914337236689,0.299267003733144,NA,P35498-1394T/I
1,0.998166690528157,1.21498276547511e-07,0.762971712994617,0.550489822668504,P35670-1304L/F
-1,0.74194197902445,1.69888752449374e-06,NA,0.715134273169173,P36980-72C/Y
1,0.965187531126848,0.000148256609584117,NA,0.432788212440593,P38398-1713V/L
1,0.127802382765173,0.00125802424362021,NA,0.46845412574055,P38398-1688V/F
1,0.0874208812780835,0.000680579225717583,NA,0.132641695794105,P40855-54S/L
1,0.701147437386022,0.000121970347432225,NA,0.618276969534778,P40879-393G/W
1,0.414035209752935,0.000253161500935469,0.161653441982279,0.270563044615876,P42262-766A/T
1,0.102838111597764,0.00102009998213609,0.0774669750890682,0.132008387364982,P43004-230I/T
1,0.69080487618174,0.000451932446209536,NA,0.125274166406484,P46821-1656Q/P
1,0.676766184437748,0.000133156492666337,0.663399685580943,0.470082983533359,P46937-86M/T
1,0.849165157528278,0.000388373512849953,0.0739397333481068,0.126656430758234,P48048-110P/L
-1,0.111084182978019,0.000644687465566086,0.371983065438994,0.357529377397105,P48668-182R/Q
1,0.999996257335274,0,NA,0.500193051251397,P48728-1M/T
1,0.999999344593459,0,NA,0.601616573292522,P48728-1M/K
-1,0.0271153075871473,0.000255953929275151,NA,0.114506227041677,P48736-522N/S
-1,0.0442447651009944,0.000241610100681044,0.280398391691185,0.303351898010293,P50281-273D/N
1,0.0211756145776095,0.00184021674233723,0.111439103661364,0.293833093186323,P50440-87C/R
-1,0.111901906986177,0.000336468642912672,0.279269109255118,0.325855674022078,P51178-257R/H
1,0.0261187075974766,1.23220470733017e-05,NA,0.135935232967044,P51532-1273H/R
1,0.999981952325788,0,NA,0.515388742940754,P51659-1M/L
1,0.578431993236032,0.000298111444306183,0.28610122827502,0.204512110172827,P51690-285R/K
1,0.646847722054644,0.000227469623665451,0.150629570531333,0.294656697723919,P51787-567I/F
1,0.898752106025795,4.7817670762904e-05,0.49408988512602,0.789040337662135,P51787-587T/R
1,0.0856379127764703,0.000114589155730143,NA,0.500047627949853,P51816-1068S/W
1,0.991861030056478,5.20843770009609e-05,0.881313688527105,0.610829470533987,P53420-478G/E
1,0.99996991154242,0,NA,0.347981996186536,P54760-1M/V
1,0.999996582717746,8.22747313214851e-07,NA,0.407882256066818,P54802-1M/I
1,0.0620503011491122,0.000553951265709649,0.255026482121303,0.324114874467144,P54802-127N/K
1,0.923065993480888,0.000203993963325147,NA,0.203656506407518,P55017-24T/I
1,0.971964241053549,0.000156074538707997,0.547990304430911,0.471301597815799,P55017-321R/W
1,0.997961469797139,0,0.311092133145342,0.329099188940839,P55017-495F/L
1,0.382414899248959,0.000391860492428626,NA,0.0995718432659645,P55160-371M/V
1,0.999996735053182,0,NA,0.431724936412074,P56693-1M/V
1,0.999981118094361,2.50966827135342e-08,NA,0.190212130480828,P57727-1M/V
1,0.999833330444784,0,0.276662917178446,0.511876074105155,P60709-28R/Q
1,0.999999010128109,0,NA,0.385445411034959,P61764-1M/R
1,0.999980293258623,0,NA,0.444243663713485,P61960-1M/V
1,0.883825823125996,0.0022683537907584,NA,0.113907027904617,P61978-370D/G
1,0.999701109300048,0,NA,0.290884924282192,P62805-33P/L
1,0.999310895076027,0,NA,0.339471634222986,P62873-55L/V
1,0.899844595597781,0.00013022514838473,NA,0.354717441625817,P69905-33M/I
1,0.995824844994672,0.000120402548764437,NA,0.419879139102322,P78363-1748G/E
1,0.962401623651462,0.000136604806489306,NA,0.156152008533022,P78363-413N/Y
1,0.826278675430275,0.000412686937659386,NA,0.144723999698634,P78363-2263R/Q
1,0.999719460598624,7.84269439998577e-11,NA,0.395292024061262,P78363-1022E/D
1,0.999840266510522,9.30694843315886e-05,NA,0.310870087761174,P78363-617Q/P
1,0.943222593490477,0.000248110979218911,NA,0.31805264081044,P78363-153I/T
1,0.99199648658812,0.000134139330312099,NA,0.200571457439387,P78363-1897Q/H
1,0.967280861119812,0.000303707252798697,NA,0.17562557902087,P78363-1860R/W
-1,0.0121962425292744,0.000471213048872372,NA,0.201234927423718,P78386-189D/N
1,0.103654083338147,0.00068675901716265,0.169809016835954,0.125066585485807,P78504-972P/A
1,0.992764954263187,0.000105673610725968,0.287042703203349,0.501487845900291,P78562-413A/P
1,0.993750438285059,0.000175842765319798,0.806679709173318,0.630203753257384,P82279-937A/P
1,0.998101897582828,2.37943257579577e-05,0.844866513584252,0.577414269202103,P82279-702Y/C
1,0.953907533719908,0.000164493914837704,0.713800643235027,0.398216402086329,P82279-880N/K
-1,0.388154639243954,0.00128499608196745,NA,0.122945863406988,P86791-410M/L
1,0.92089758687232,0.000200374355599805,0.541763707375045,0.358369620666355,P98161-3886R/P
1,0.86995851166016,0.00034790449347168,NA,0.24994365711615,Q01082-2244A/D
1,0.999997604006691,0,NA,0.536008522912429,Q01831-1M/R
1,0.999992241811015,0,NA,0.413387284328824,Q01831-1M/T
1,0.999997231997176,0,NA,0.57127713564497,Q01831-1M/K
-1,0.239152076638113,0.000136419057897857,NA,0.205991866976481,Q01973-518T/M
1,0.859149748583808,0.00103406322865157,0.0968716710203812,0.153985961074641,Q02388-1957R/Q
1,0.294489433866746,0.000602165158687146,0.116277957774198,0.0622328933992138,Q02388-1924Q/R
1,0.986171597884764,0.000236681041588968,0.523575115675839,0.231279508935348,Q02388-2063R/G
1,0.999969978012289,0,NA,0.18303598069103,Q02846-1M/V
1,0.999995982038035,0,NA,0.326784795366653,Q03393-1M/V
1,0.86395576954639,0.000488403300575066,0.0845779773716851,0.0407661752028943,Q03393-129K/E
-1,0.0813896028149014,0.000438103995628185,NA,0.118661491347312,Q03519-313R/H
1,0.996733473997041,4.51496143176053e-05,0.638506109166385,0.701969161786312,Q04446-615A/P
1,0.166749599287434,0.000218001629426923,0.148127625785578,0.27296292333785,Q04671-211P/A
1,0.983883671575436,0.000203161975476804,0.0897794473711442,0.302313066871567,Q05586-483K/Q
1,0.99925237988154,2.62230534373191e-05,0.613944647012726,0.530717271864636,Q05586-619I/M
1,0.981627022663524,0.000262489287117408,0.122903061349446,0.332968523803201,Q05586-794R/G
1,0.999991089694815,0,NA,0.464192649620389,Q07001-1M/T
-1,0.0480378355827984,0.000679469920502365,NA,0.0818975821612883,Q07954-2080D/N
1,0.983530184481254,0.00016453424085905,0.218621180738953,0.363641172490161,Q09428-111G/E
1,0.481818085938953,0.000451628131506604,0.192767132486799,0.105645452593492,Q12756-27I/V
1,0.93984358850665,0.000110425351395761,NA,0.329049835412919,Q12809-78A/T
1,0.118635831540104,0.000489647346423648,NA,0.1619305843938,Q12873-99P/Q
-1,0.117342181948231,0.000584180681480587,NA,0.200124780736182,Q13099-205S/G
1,0.651983624763456,0.000166598446896847,0.483821726522265,0.390442821785865,Q13144-156I/M
1,0.553152082792668,0.000186401414902364,0.548186062643882,0.354179049734057,Q13415-73E/K
-1,0.0954107738277888,0.00223030946780843,NA,0.0843650599465662,Q13423-63K/R
1,0.999988897982607,0,NA,0.434698443861852,Q13510-1M/I
1,0.999576218523132,0,NA,0.507849044440916,Q13554-147K/N
1,0.32770376128028,1.96065442125371e-05,0.871293167211035,0.526398731395071,Q13563-325R/Q
1,0.999977522569506,0,NA,0.311776095524693,Q13608-1M/V
1,0.854783994869069,0.00026386959116337,0.774860080890936,0.720869965503635,Q13698-1242R/G
1,0.425449395517639,0.000466951762122877,0.126180425864488,0.30108145694823,Q13702-45V/L
1,0.216439522136227,0.000239281178991361,0.242679459818526,0.250337718440241,Q14004-1070S/F
1,0.631838612142323,0.000545742051112332,0.0685893427372646,0.170615720749226,Q14204-2745T/K
1,0.999852474381822,8.53647662619247e-05,NA,0.266357125913701,Q14204-666E/D
1,0.999996238201642,0,NA,0.325960028203111,Q14353-1M/T
1,0.542665630760343,0.00020610985310005,0.172873623704964,0.394317799186901,Q14721-590S/N
-1,0.0222343023825904,0.000883421923144764,0.130353697473923,0.165233808705187,Q14839-1648S/L
1,0.726569188049786,3.30236704182376e-07,NA,NA,Q15170-90C/Y
1,0.999665931423091,3.41504174656125e-06,0.280146743514901,NA,Q16281-419S/P
1,0.999433875710447,1.07508669110769e-06,0.784549279538372,0.709821503885372,Q16518-135N/K
1,0.41177771333444,0.000394361677303877,0.124873044751254,0.195780908557288,Q16586-32V/A
1,0.0371275280099559,0.000192390353979491,NA,0.216299877638741,Q16665-692S/C
-1,0.00324207710466805,0.00171913815714482,NA,0.0845048274091076,Q2KHM9-566P/L
1,0.999970440982493,2.24295636016245e-10,NA,0.251426283949436,Q3T906-1M/T
-1,0.0832358799392816,0.000883327433073045,NA,0.115046809315601,Q3V6T2-1189K/R
1,0.999987053508206,0,NA,0.338891692456974,Q49MI3-1M/I
1,0.999997331759423,0,NA,0.358120852483627,Q49MI3-1M/K
-1,0.483118793840493,0.000208875025084607,0.506534326742261,0.23260116269013,Q4AC94-1777A/E
-1,0.137040310286608,0.000390818015544673,0.70758008541235,0.230732151157131,Q4AC94-240H/D
1,0.0467895313762234,0.000701311089489271,0.191582272271276,0.178297847841962,Q4J6C6-698K/N
-1,0.765976486687156,0.000143181714567753,NA,0.153494009854451,Q53EZ4-378H/L
1,0.239276971565732,0.000290581057571791,0.754446444341337,0.583657712930278,Q5HYA8-694T/N
1,0.645586512775946,0.000906375334127667,0.614768742831255,0.240506663543648,Q5HYA8-696L/V
1,0.406343321222348,2.50363746449696e-05,0.775960798037472,0.425951986329557,Q5IJ48-1073D/E
-1,0.0532393475113434,0.000549965878492181,NA,0.103302102892041,Q5JRX3-963V/I
1,0.313657145892689,0.000217655343965109,0.226019143975383,0.277907153834696,Q5JTZ9-580R/W
1,0.623670419417178,0.00019014066675823,0.203252050113235,0.163052512103525,Q5JUK3-982T/S
1,0.999985907828625,0,NA,0.458262369377397,Q5T160-1M/T
1,0.999997152814346,0,NA,0.568854590419766,Q5T160-1M/K
1,0.518110952302389,6.46601837042276e-09,0.644083416539413,0.242412173553021,Q5T1H1-2443E/A
-1,0.0338552776766109,0.00072346345580587,NA,0.283441051475803,Q5TAP6-319R/H
-1,0.0715538284878827,0.000642166360979991,NA,NA,Q5TAT6-151A/T
1,0.00192585840010157,0.00249797805602326,NA,0.145252848858952,Q5VU43-1226R/C
1,0.0061523743164104,0.00138750868551608,NA,0.104806927062267,Q5VU43-1478I/V
1,0.266040929117631,0.0006241850905248,NA,0.184503540575659,Q68CP9-1169G/S
1,0.0104502118666003,0.00071549894042174,0.141110555449516,0.0805508108015649,Q68CZ1-550Q/R
-1,0.0319699273804899,0.00864723888664369,0.467601955450714,0.483199108873716,Q6ICL3-245D/E
-1,0.119842087500936,0.00668604656240881,0.376126286516383,0.237039516547293,Q6ICL3-210E/K
-1,0.958510739000244,3.15736573767423e-05,NA,NA,Q6IWH7-435V/E
1,0.928958046617965,0.000152602538009247,0.50974459420831,0.486042925924672,Q6NVY1-259F/L
1,0.989486264749749,0,0.944972865802433,0.367845302346218,Q6NW34-145L/F
1,0.890263310161607,0.000366032740177218,NA,0.0766873092820785,Q6P2Q9-13P/L
1,0.999965123723891,0,NA,0.571108253622315,Q6PD74-1M/V
-1,0.703313707277586,0,NA,0.382098897758948,Q6PEY2-156R/W
1,0.978170245644307,4.52442884774307e-05,0.478703021502458,0.31816897024322,Q6VVB1-146D/E
-1,0.0929735243388263,0.000546742919959956,NA,0.220764910879102,Q6WRI0-124T/I
-1,0.449052766611134,8.44293733413851e-05,NA,NA,Q6XZB0-364G/E
-1,0.53678154701848,7.22219879983136e-05,NA,0.178723249961836,Q6ZMH5-374S/T
1,0.0627878057779864,0.000416482792756288,0.177148580376054,0.0502126106963086,Q6ZRS2-1980M/I
-1,0.528069097249177,3.06933878759772e-05,NA,0.138581043160386,Q6ZSZ5-453Y/F
1,0.692295567515581,0.000350260598828096,NA,0.143209414819627,Q71F56-761H/N
1,0.999995637830924,0,NA,0.265620849119069,Q71F56-1M/L
1,0.991650489625818,0.000317646502441259,NA,0.178776751380681,Q71U36-293N/S
-1,0.0669642253734134,0.000327451870721979,NA,0.0971755990710287,Q75N90-1869N/K
-1,0.414093149627475,0.000384140489204022,NA,0.203076242623859,Q75N90-1083R/W
1,0.999998915498525,0,NA,0.24084361130736,Q7L5A8-1M/V
-1,0.269221760697287,0.000784141775393,0.217159910296938,0.143590420227956,Q7Z2Z2-991A/T
1,0.989351892816406,9.39835363848259e-06,0.760739642070271,0.253529521233931,Q7Z333-389L/F
-1,0.00411947177740537,0.000146784274308101,NA,0.26445686234576,Q7Z3T1-122R/W
-1,0.00273723762474542,7.32029040788832e-11,NA,0.534805075214884,Q7Z3T1-169C/S
-1,0.305393301275017,0.000320169899639841,0.305089062550286,0.350262734929994,Q7Z3Z0-267R/H
1,0.99999732897041,0,NA,0.209156234139677,Q7Z449-1M/L
1,0.456019354898849,7.40528756777699e-05,0.560714902165588,0.395422058527337,Q7Z494-1253L/V
1,0.0514040559138541,0.000184137348267277,NA,0.27524355836224,Q7Z4Q2-240P/L
1,0.964933656433363,9.45067850876141e-05,0.386379573099501,0.419114056848928,Q86XE5-220L/F
1,0.999153692431589,1.37539542176676e-05,0.111301483114829,0.239614138191348,Q86XK2-138R/G
1,0.998998220805121,9.46485903056272e-05,0.0863185408629582,0.207996892163714,Q86XK2-135K/R
1,0.999994510344574,0,NA,0.60446860777524,Q8IUX7-1M/K
-1,0.927963913871436,9.10831519534217e-05,0.615311732554212,0.279665880541884,Q8IVG5-522A/V
-1,0.438326602137573,0.00066614652018418,0.193378615516444,0.217050826732274,Q8IVS8-170L/V
-1,0.659797509969012,0.000140611250489328,0.521045648586028,0.428328351017855,Q8IWX7-367R/C
-1,0.398679864901284,9.25885942793766e-05,0.603196520094561,0.435636297112899,Q8IYG6-128L/V
-1,0.503864735430175,0.000223668004446347,NA,0.234906598222813,Q8IYI6-672A/G
1,0.991261525420928,0.000104236871081241,0.239869648734175,0.237643372738989,Q8IZF0-322I/M
-1,0.55605737749868,0.000182697337740437,NA,0.473234700265203,Q8IZJ3-322V/M
1,0.96686506769155,9.14546850154329e-05,0.829171391610205,0.492607359264809,Q8N119-119V/G
-1,0.0777407471602652,0.00019815230396145,NA,0.155108029265972,Q8N2C7-529A/S
-1,0.0523887823170583,0.0022839681386181,NA,0.141695918364031,Q8N2C7-669S/T
-1,0.830237882839247,0.000149496277717836,0.0898396124408581,0.110499037243026,Q8N2C7-1984V/L
-1,0.912893072830404,9.32612246761235e-06,NA,0.127434741750555,Q8N441-424R/L
1,0.999993193822999,0,NA,0.478231114464604,Q8N766-1M/V
1,0.999999180837924,0,NA,0.471197438044724,Q8N766-1M/R
-1,0.027889720078492,0.000606462685915655,NA,0.317055268611856,Q8NCN5-375V/L
1,0.708352690997691,0.00076051086798748,0.159555857057026,0.151358224687111,Q8NFJ9-277R/K
-1,0.371728013204776,0.000426781704436351,0.213741081456458,0.20259088229499,Q8NFM7-566P/S
-1,0.0265835044765522,0.000126050879151019,NA,0.239830691836352,Q8TCU3-330L/F
1,0.667001084662404,2.97112493397598e-05,NA,0.141682985611654,Q8TD43-376I/T
1,0.975366754939951,0.000109489222367882,NA,0.188904530213108,Q8TDI0-1419I/M
-1,0.143262643611706,5.09503657631513e-05,0.660817093969512,0.294934705157957,Q8TDX9-1278P/Q
-1,0.00778659158213703,0.000437183272101276,0.241656239823775,0.261223730221394,Q8TEA7-425T/M
-1,0.0112668917183593,0.000396626216328936,0.0878339411703158,0.189114386818039,Q8TEA7-145D/N
-1,0.359955553500741,0.000432123732423046,0.405680761315279,0.21366143770704,Q8WWT9-303G/A
1,0.933250592784467,0,0.583599431487366,0.425942663932427,Q8WWZ3-190D/E
-1,0.00485082188324446,0.00196488150102079,0.195368609876152,0.0671312486363279,Q8WXW3-630I/V
1,0.999935601364005,0,NA,0.387125826471822,Q8WXX7-1M/L
1,0.0874367960372992,0,NA,0.191021211545479,Q8WZ42-7004E/K
1,0.495955292409323,0.000283505429129128,0.608773846075753,0.3342714003807,Q8WZ55-33V/L
1,0.999999532297856,0,NA,0.337529253966814,Q92560-1M/L
1,0.930087511960827,0.000343276172014114,NA,0.196587721632157,Q92600-292R/W
1,0.999728668563313,8.54333351371883e-07,0.750044278325621,NA,Q92736-2168H/Q
-1,0.0248801442654446,0.000405399994630633,NA,0.106775373323632,Q92823-545P/A
1,0.970948844581758,0.000391359228113012,0.687688626309744,0.512810425089606,Q92947-268G/V
1,0.936674415248947,0.000259082600645036,0.612729313916572,0.460207939578196,Q92947-404A/G
1,0.960612723814583,0.000358454290542014,NA,0.206941290530562,Q92947-53P/S
-1,0.550038308671647,0.00106864906872387,NA,0.114007239461953,Q969P5-56N/S
-1,0.0662713464526449,0.000481964858484956,0.156209624741801,0.174446760530875,Q96AJ1-68A/S
1,0.100720716479622,0.00012792205364331,0.121962806529949,0.162407910074919,Q96AY3-36P/T
1,0.0400682891685707,0.00017402708012092,NA,0.140602156535136,Q96D09-788S/I
1,0.999996057254094,0,NA,0.206681463765246,Q96EY8-1M/L
-1,0.495929834780957,9.27431533259098e-05,NA,0.608374212281639,Q96FC9-347A/D
-1,0.00160540119156856,0.00117135463668817,0.0298519613682846,0.00122886316241233,Q96HY7-272Y/D
-1,0.000189634833657175,0.000598326559823051,0.0306490303457063,0.00106271219959508,Q96HY7-607I/M
1,0.236587236762326,3.033781005311e-05,NA,0.422522992380843,Q96IR7-251H/Q
1,0.0285866441899787,0.00109722480477343,0.30131467903727,0.129106748189618,Q96JI7-815R/K
1,0.996811661598344,0.000117160070313857,NA,0.195383041806435,Q96JM2-1747S/F
1,0.378555508684617,0.000812240652036915,NA,0.162223506530422,Q96LB3-179Q/E
1,0.0179742095832771,2.58751110638314e-08,NA,0.20152546366261,Q96M86-304R/Q
-1,0.0362619751860127,0.00119519271347752,NA,0.164913141426074,Q96NH3-1232E/A
-1,0.173208486222734,0.000112616225145875,0.396984390115119,0.398190858142642,Q96NY8-146L/M
-1,0.218685277369594,0.000139522570286226,NA,0.266376733199385,Q96NY8-104P/T
1,0.634211793385824,0.000117396128919722,NA,0.368018827254917,Q96PV0-1051G/C
1,0.964363868948763,5.1144122160428e-05,NA,0.195808026390528,Q96PV0-1066P/S
1,0.999996988500958,3.30704516987653e-08,NA,0.394418596574109,Q96RQ3-1M/T
-1,0.151044818857231,0.000602780355433525,NA,0.100797455076392,Q96RT1-914K/R
-1,0.23505597402175,0.00327207532497462,NA,0.107734895131557,Q96S38-319P/L
-1,0.277630470766171,0.000246654639628007,0.383093514089719,0.191906302430078,Q96S44-123R/Q
1,0.999656556659958,1.71051846255693e-05,0.376764558468559,0.367186498459771,Q99250-273N/K
1,0.995990169053294,0,0.373972356716325,0.565137704879776,Q99502-513L/M
1,0.420877699332576,5.76914854437214e-05,NA,0.226716350942143,Q99607-187T/N
1,0.797005459640733,9.30526772237606e-05,NA,0.490916054523529,Q99972-499I/F
-1,0.28772847189202,0.000362504437251233,NA,0.26294802698928,Q9BQI3-392W/R
1,0.994955786323644,0,0.684538868066742,0.51784091325993,Q9BX84-252D/E
1,0.586697479979714,0.000244894418538931,NA,0.48981169532609,Q9BXJ9-16R/G
-1,0.58164165537622,0.000136397712242374,NA,0.170070952567085,Q9BXT6-182R/C
-1,0.214221178415168,0.000277976688394359,0.509562104693471,0.197424298917358,Q9C000-354G/D
-1,0.0205346826550346,0.00015176043542489,NA,0.2161826566564,Q9C0G6-1331R/H
1,0.999989193091085,0,NA,0.368341355206987,Q9GZT5-1M/I
1,0.999999488126476,1.59477318409902e-06,NA,0.385213680340662,Q9GZZ9-1M/V
-1,0.680352746986663,9.8846554562572e-05,0.096047681046958,0.193104098110618,Q9H1B5-56D/N
1,0.900368113500126,3.27766237971389e-05,NA,0.568888842631686,Q9H222-437N/K
1,0.0385975246843729,0.000324950515381562,NA,0.184821291380161,Q9H251-2685A/S
1,0.116088531657662,0.000213559163355862,0.156954160775716,0.0852582791153613,Q9H6K4-8M/V
-1,0.990099516929966,2.43149054368768e-05,NA,0.543513742397988,Q9H790-151L/P
1,0.196857330080511,0.000411840983098194,NA,0.227062844003959,Q9H845-15R/C
1,0.984275719419257,0.000393919999247243,0.786305069870493,0.278495913139833,Q9H9S5-176R/G
1,0.999209519622637,9.70138085280874e-05,NA,0.578695972057789,Q9HAB3-52S/P
-1,0.0103554345137199,0.00017653680259118,NA,0.414471360371061,Q9HB55-340P/A
-1,0.60540518039303,4.30070663409369e-05,NA,0.162160457462333,Q9HCU4-2881R/C
-1,0.450927262203665,1.84765842178516e-05,NA,0.234856972699786,Q9NPA1-53A/T
1,0.363026655510117,0.000505685204581968,0.230161547112185,0.327232017648618,Q9NPF4-53I/F
-1,0.059854134528039,0.000911081768413043,NA,0.194456020475761,Q9NQ48-246D/N
1,0.08672942902506,0.000317433536637335,NA,0.245021969349641,Q9NRF2-616S/P
-1,0.0216763298284514,0.00097564029867515,NA,0.139398180652673,Q9NRH3-413M/V
1,0.570765624363013,0.000100153653242755,NA,0.277726343883227,Q9NRR6-456N/T
-1,0.00859221669033031,0.000242007712693113,NA,0.196686572231821,Q9NS15-438A/V
-1,0.740539520841554,0.000120476559196728,0.724270116092225,0.399963119664369,Q9NTQ9-103R/C
1,0.99998324125863,0,NA,NA,Q9NUX5-1M/T
1,0.999989011287944,0,NA,0.469755413172963,Q9NW38-1M/I
1,0.999998364692633,0,NA,0.373725261342578,Q9NW38-1M/R
1,0.999990485700774,0,NA,0.498689670730902,Q9NWF4-1M/I
1,0.730299949564026,0.000163420813944117,0.156235512072352,NA,Q9NWS8-287I/F
-1,0.381368669203053,0.000263010385897122,NA,0.123075738633081,Q9NYL2-784K/T
1,0.632618478404291,0.00133992749652368,NA,0.323734891034833,Q9NZW4-18V/G
1,0.398845694196866,0.000590930756556386,0.127629270573511,0.133412449964605,Q9P2D1-699S/G
1,0.977228486618421,8.43883089510449e-05,0.102460492646527,0.158744742628095,Q9UBP0-290K/N
1,0.876930800559939,0.000170732504441486,0.137795595033691,0.313661469695366,Q9UBP0-349L/F
-1,0.229135237388951,7.84265060055725e-05,0.501126641375858,0.270760099648287,Q9UFH2-1914V/M
-1,0.039678235001522,0.00045746352746662,0.462005746620564,0.169988088458799,Q9UFH2-1547P/T
-1,0.211735340193322,0.000476844528268487,0.253839587552603,0.30056911400227,Q9UFH2-1157G/R
-1,0.104831492530015,0.000394515719580042,NA,0.195940923467246,Q9UGP5-438R/W
1,0.999980795888183,0,NA,0.370486011607226,Q9UI09-1M/V
1,0.568102420473827,0.000279006101330691,0.343242502429512,0.184634830238229,Q9UKA2-566I/V
1,0.993495691703441,8.65585990296736e-05,0.721878202330765,0.663610616461485,Q9UKA2-450C/W
-1,0.682833190036414,0.000311579039006778,0.114781350782351,0.203687337807202,Q9UKG1-334D/E
1,0.918884310005693,0.000279747624801738,NA,0.27722043813336,Q9UKN7-236Y/C
1,0.955059678415044,0.000279660065086383,0.143498006962484,0.236531150918617,Q9UM47-1309R/C
1,0.294731451935015,0.000194237833095549,0.297983757534488,0.147535764348739,Q9UMN6-1017A/V
1,0.999991692823183,0,NA,0.262297486871778,Q9UMX9-1M/I
1,0.00919967756692594,0.00119764092273359,0.132208551940452,0.0873208146270329,Q9UPM9-114R/Q
1,0.930248447240451,9.67915038939291e-05,0.195519292238121,0.202422475108691,Q9UPW6-234V/M
1,0.285999425671596,0.000392712562333713,0.111969103216622,0.155197251422357,Q9UQE7-682V/I
1,0.497885184484662,0.000191013117480331,0.110096658529096,0.135800677763042,Q9UQR1-638P/Q
-1,0.183369112292611,0.00128889035427425,NA,0.250854321402507,Q9Y297-543A/S
1,0.725137696495571,0.000373636308138786,0.16790327306498,0.193835391196969,Q9Y2I8-260D/N
1,0.949919127786048,0.000273411394464978,0.761658942924514,0.362473180372675,Q9Y4A5-1031I/M
1,0.257347653599118,0.000658581731992462,0.295794344845681,0.202893697116752,Q9Y5N6-22R/K
1,0.830703042742451,0.000133683100452203,NA,0.270669573764693,Q9Y5X4-188P/R
1,0.974737853644427,8.04024439368769e-05,0.649577530878738,0.48395673095736,Q9Y5X4-309R/G
-1,0.0480997140160913,0.000811779089684248,NA,0.0920621532655831,Q9Y5X9-298T/S
-1,0.0836530057360733,0.000643434411242787,NA,0.150390162918072,Q9Y618-1699A/T
1,0.999631910276853,0,0.766940936292737,0.336172593433164,Q9Y6X0-867S/R
1,0.972730649340677,0.000127762945877582,0.632537098110599,0.469397067400812,Q9Y6X9-431A/V
-1,0.00878489491049728,2.51961582371257e-09,NA,0.322384864384726,P31358-10T/N
-1,0.377840820055912,0.00022759369277837,NA,0.306328308606616,Q9H7F4-42A/G
-1,0.326487278656455,0.000274620991470848,NA,0.471555223297129,O60287-798L/P
-1,0.0219677236834086,2.21545076085537e-09,NA,0.21880761436568,M0QZD8-849P/S
-1,0.00484663158029356,5.42378474364805e-05,NA,0.645994561849506,A6NET4-44G/D
-1,0.0183656357445676,0.000508344426339832,NA,0.102212799515924,Q147U7-71M/T
-1,0.011129299353689,0.000409337589990862,NA,0.26634351221396,Q9NRR5-501P/H
-1,0.470722975887038,0.000779357704883715,NA,0.168946910190307,Q6ZMG9-6A/T
-1,0.416904940561294,7.94721337910209e-05,NA,0.296124943225516,Q9C0B2-1069G/R
-1,0.273478578532121,0.000117866440781622,NA,0.267630625877467,P60827-238Y/S
-1,0.329058428270902,0.000179456312653085,NA,0.337848831550992,Q9Y2G4-122Q/E
-1,0.390965421616439,0.00020954030183276,NA,0.265924341020466,Q99571-242S/G
-1,0.168880295566256,0.000205747940568811,NA,0.159598125169688,Q8IWJ2-1280H/Y
-1,0.00872770696829755,0.000176258457156791,NA,0.173398132084172,Q9BV44-459R/Q
-1,0.285482407253373,0.000158383596118671,NA,0.191642847833064,Q8N413-285R/C
-1,0.823426809529005,0.000258383165190851,NA,0.29252510948178,Q8IZU2-417T/S
-1,0.0184970941206222,0.00138563263318169,NA,0.158017226456275,Q5T0Z8-260S/A
-1,0.0753897053720876,0.000349478668055941,NA,0.165258796010618,Q66K14-948T/I
-1,0.0221617914916637,0.000534732391711345,NA,0.209577572523141,Q96ER3-426S/G
-1,0.182346989384593,9.63584098531001e-05,NA,0.254348399650661,Q9H6Y2-210S/F
-1,0.0826620604116965,0.00041434435318964,NA,0.0893949205740384,Q5T124-165E/G
-1,0.131652279097014,5.16165170653009e-06,NA,0.277619979753892,Q8WXS8-937L/M
-1,0.828570318351504,3.8535977615926e-05,NA,0.499425996719865,P12645-67Y/N
-1,0.437874776067322,0.000371933683519157,NA,0.12644515887019,Q9NSY0-397L/P
-1,0.00898777777543609,0,NA,0.482302575284008,Q3LI64-48G/V
-1,0.377515170761892,0.00010240529175608,NA,0.105967885828639,Q8N8Z6-714L/F
-1,0.15232955228457,5.04728534569586e-12,NA,NA,A6NCV1-61L/F
-1,0.045907577099116,1.7309273919343e-05,NA,0.173343724892276,Q86WI3-142E/V
-1,0.646148466193108,0.000164178257603191,NA,0.191429134724038,Q96CN9-87C/W
-1,0.00929397474905682,0.00186895355789181,NA,0.140333090640657,Q5VYJ5-1277I/V
-1,0.0168541344797364,0.000492900033046579,NA,0.143712418174126,P14415-124Q/L
-1,0.960949041081648,0.000158014540793154,NA,0.167004573618243,Q86YB8-129D/V
-1,0.0279619188831369,0.00015068453568622,NA,0.101993835335522,Q5VZ89-793S/C
-1,0.0397834822975788,0.00066144960585193,NA,0.179656630101299,Q14802-40G/S
-1,0.1030915430242,7.31784428237208e-05,NA,0.147099262377005,Q2KJY2-579L/V
-1,0.0228556452992349,0.000450956106248986,NA,0.217224489760337,Q9Y6Y8-638D/H
-1,0.352754472124938,7.39549343189887e-06,NA,0.43071708333418,Q8NGE0-279Y/H
-1,0.298953817840087,0.000382321625707259,NA,0.288992515074499,Q14849-117R/Q
-1,0.133037152193468,0.000251856359633374,NA,0.173676021771278,O15090-412P/H
-1,0.287315210593622,9.49747655916178e-05,NA,0.265578775598759,Q6P9F0-141T/M
-1,0.0768772221559687,0.000269301448784611,NA,0.203932601611424,P32926-771S/F
-1,0.0363997275442207,0.000657631923817259,NA,0.110066667825978,Q96PD2-723D/N
-1,0.0196345614449681,0.000730962898949986,NA,0.195116382297869,Q9NXL6-363T/I
-1,0.913368773402185,1.23746184182811e-10,NA,0.537129550754225,Q6NUM6-389H/R
-1,0.0142593410214745,0.00117923091218237,NA,0.111827623830486,O43861-732M/L
-1,0.11980633701274,0.00120434428757051,0.167916707047141,0.20448896181788,Q9GZV5-74P/Q
-1,0.284917016204395,0.00082399529743005,NA,0.153859810229325,Q9Y490-1984A/T
-1,0.00644473908860886,0.000224151650948597,NA,0.177554365309676,Q9Y2K3-454R/Q
-1,0.0293801038889618,0.000665573323137633,NA,0.132218831904378,Q9HCH5-306I/V
-1,0.32486019750098,5.21751532636623e-05,NA,0.124596031991366,Q8IWI9-1270C/R
-1,0.0383333164647961,9.78206808894441e-06,NA,0.509617649928822,A6PVI3-126G/S
-1,0.179188225019841,0.000448702145992484,NA,0.187382497040894,Q96GX9-20D/N
-1,0.00971568482862589,0.000130401030539668,NA,0.255834739645816,P42694-74V/M
-1,0.00604213400656444,0.000442918941030429,NA,0.226094299735322,Q13332-991A/V
-1,0.167779600645381,0.00017881691007806,NA,0.599178327766761,Q9H009-174T/R
-1,0.0364664873454007,1.32956119199678e-05,NA,0.133153383520438,A0A1B0GVV1-53R/Q
-1,0.0408780920452746,8.08157805140213e-06,NA,0.452751835520391,Q5VT03-541L/H
-1,0.299311544335861,2.20214008568183e-05,NA,0.190783997714364,Q86V20-244S/G
-1,0.00442064540518078,0.000633754124922323,NA,0.0712800063293612,P38570-892Q/H
-1,0.0837886779420189,0.000237088236780293,NA,0.297245500742418,Q6P4H8-75T/M
-1,0.143428465468306,8.83280076640997e-05,NA,0.122701019737268,Q496H8-89E/A
-1,0.00225832185726632,5.05938279814006e-05,NA,0.361981190573574,Q96RD2-105F/Y
-1,0.00914550311535554,0.000374102130512445,NA,0.189755278085812,Q6PF05-195K/T
-1,0.554722879922691,9.4229122607952e-05,NA,0.14196675758453,O94919-446G/V
-1,0.0148505960333006,0.000575717236404264,NA,0.507216493159645,Q6ZWJ8-731G/E
-1,0.305846461107831,0.000479084356762387,NA,0.192644839435951,Q8TBY9-870V/L
-1,0.0438914519516351,0.000522525806456027,NA,0.232942077932402,Q8TCT0-211T/M
-1,0.00504482139469564,0.000206180116855237,NA,0.125511019477135,Q53H47-126D/G
-1,0.0115403599087099,0.000119062199074612,NA,0.373899861800636,P0DPD7-170R/W
-1,0.913008896186381,3.50597083850164e-05,NA,0.48997760354293,Q587I9-124A/E
-1,0.00996828960103817,9.71825718548246e-05,NA,0.339071366077648,Q8NGD1-58P/A
-1,0.0724416778331115,0.0024143296830941,NA,0.135169317372379,P62917-98I/V
-1,0.0890463601312417,8.74866100697046e-06,NA,0.213699204284047,Q6ISU1-106V/I
-1,0.465012828549014,0.00018616590478284,NA,0.230300748838763,O95881-80T/M
-1,0.0411743678378985,0.000601985364471501,NA,0.129067920578163,Q8IYK2-156R/L
-1,0.790610496519092,0.000141919017017231,NA,NA,Q8IV35-53K/E
-1,0.347280819124722,0.000143423865254534,NA,0.514418742075812,Q3KQU3-433R/W
-1,0.00365585043278162,0.000278366447348346,NA,0.209745578659904,Q8IYU4-429M/T
-1,0.283983656569369,0.000568490356463764,NA,0.117842331104416,Q969V3-214E/D
-1,0.0335616369519406,0.0005393192307481,NA,0.276960407383155,Q8WU76-512L/S
-1,0.025402501577097,0.00121975626032632,NA,NA,Q9UDX4-364R/C
-1,0.0475814068380189,0.000159560242447682,NA,0.565297502553616,Q9Y5I3-549V/M
-1,0.598818524683916,1.65205781930306e-08,NA,0.571072701749094,P0DN25-205C/F
-1,0.740990655711132,0.000861756570267832,NA,0.129329185815133,Q9UJX5-465R/Q
-1,0.0237705123665353,0.00019972876414712,NA,0.376336420123009,O75155-476P/L
-1,0.794033622141466,7.53542203602216e-05,NA,0.376231487049371,P16444-104V/M
-1,0.00192789388676579,0.00028450947111163,NA,0.483369692843661,Q8NGJ1-102F/S
-1,0.337353977979352,2.82806194733666e-05,NA,0.380845363282681,Q9H3Y6-301V/L
-1,0.0201439437377069,0.00152135658448741,NA,0.333016865057801,Q15109-82G/S
-1,0.0152911503680293,0.00019420367998065,NA,0.233302876947539,O15516-208S/C
-1,0.00656478295731811,7.39915279924713e-06,NA,0.434592484979528,Q9BYR3-5C/F
-1,0.00400833016143207,0.000395420652445404,NA,0.485318282675307,A5D8V6-8T/N
-1,0.0167114963035521,0.00157577318965479,NA,0.182429100465086,Q96N06-129T/I
-1,0.0157629266761491,0.00025463796583805,NA,0.42727752474492,Q86V87-684L/F
-1,0.113211502961792,0.000321374012890119,NA,0.12373967498168,Q9NWH7-478C/Y
-1,0.213373437440117,0.000125860022258209,NA,0.16886663929052,Q9Y661-419R/L
-1,0.00225211624791428,0.000493229845410849,NA,0.15153403677419,O95050-219E/G
-1,0.106299413674649,0.000626432893200993,NA,0.137480764069073,P32856-54K/R
-1,0.0787327387967202,1.77917528198069e-06,NA,0.131402012686071,Q674R7-141R/W
-1,0.110005769757612,0.000107244230481699,NA,0.502304477611857,Q8N8V2-86P/H
-1,0.0600657107160686,0.000880334946652612,NA,0.150079187625767,B0I1T2-49V/M
-1,0.320481288358477,2.22659084092851e-05,NA,0.539207494894425,A8MXQ7-248G/R
-1,0.197774946718039,2.51756975185826e-05,NA,0.18948634264252,Q86VI1-242R/G
-1,0.335861851629445,0.000113226616786691,NA,0.344656634106049,Q4VNC0-344K/E
-1,0.014838199892264,0.000474597710982099,NA,0.271922906065892,Q8IWA6-398G/D
-1,0.0053889717666005,0.000271206187020122,NA,0.159675188431539,Q8IUA7-1306K/T
-1,0.719239107717422,0.000160493761902297,NA,0.238717547513332,Q92546-286H/Q
-1,0.517870401869025,8.82609303202398e-06,NA,0.478184592681183,P54855-330A/V
-1,0.106497121577373,0.00020975567826744,NA,0.148527683764905,Q15678-857G/D
-1,0.034283571792911,0.000909993239247051,NA,0.201918032561509,Q9UJA9-171I/V
-1,0.96817898891206,0.000146715628037411,NA,0.563447980381721,Q8N7P3-177L/P
-1,0.198973953145001,0.00100778050719357,NA,0.123447973048201,Q9Y490-1227S/L
-1,0.413150983517121,7.97779591970088e-05,NA,0.3368496080353,Q8TCD5-68P/L
-1,0.116018520278573,0.000200226100916788,NA,0.219681118821411,P98196-915A/T
-1,0.0219288750088759,0.000164957837145159,NA,0.387677736408979,Q6MZZ7-596I/T
-1,0.299329991836107,0.000474117303296167,NA,0.185478526557836,Q9P286-335R/P
-1,0.00477699833440193,0.000804406182801859,NA,0.229368794127166,Q96KJ4-228G/R
-1,0.0394470323859513,0.000191893236488668,NA,0.12994054816231,Q9Y5E2-689V/L
-1,0.0499578323473643,0.000304909133620451,NA,0.199323717550151,Q8NGP4-3N/S
-1,0.0426539454881802,8.35337161297493e-05,NA,0.216729057517145,Q6V1P9-1606A/T
-1,0.247743256728233,0.000142840112375888,NA,0.192908946451595,A2A2Y4-485D/Y
-1,0.0188794991063525,9.78175055011751e-05,NA,0.191073542386319,Q9UBD6-202R/C
-1,0.00893829257438241,0.000500041683921418,NA,0.196983721294947,Q9ULE4-887E/Q
-1,0.00356213221179398,3.71690204389061e-05,NA,0.142056882428463,Q13291-333P/T
-1,0.0335362231734764,0.000173301209627617,NA,0.304242972927839,Q02386-303P/R
-1,0.0320901985102844,0.000147877894045018,NA,0.161513645546587,A0PJW8-81A/V
-1,0.370815036190674,2.20174330457352e-05,NA,0.439473566743982,Q7Z3Z3-375P/S
-1,0.142672519494855,0.000493776572823515,NA,0.352139501602072,Q9H3Z7-10L/Q
-1,0.131640121019825,0.000311982239417941,NA,0.34612498299172,Q4G0M1-294R/C
-1,0.282833915713202,0.000251029039583027,NA,0.169955807684742,Q96SB8-464R/G
-1,0.28548331286552,0.000126266391794806,NA,0.234644467144129,Q96JK9-1064P/H
-1,0.089067508585041,0.000483557654688918,NA,0.162671449099467,Q9UPZ6-841R/H
-1,0.650568466294873,8.62426262960838e-05,NA,0.20389214709682,O95359-2730G/R
-1,0.300125189667754,7.93933720621603e-05,NA,0.302540131548936,O95154-309P/L
-1,0.0122998044440656,0.000393350688075629,NA,0.114770309850259,Q8NEN9-11A/V
-1,0.537625878282638,1.06090840417555e-06,NA,0.241319373659884,Q6PEY0-43V/M
-1,0.00276977430854634,5.65640986255224e-06,NA,0.27939377461447,Q8NH73-105F/S
-1,0.00864430734488497,0.000195726107312572,NA,0.383808372613914,Q14CN4-405R/W
-1,0.281019480651844,0.000515546241124317,NA,0.257285079178411,Q9NTK5-254Y/C
-1,0.564286509095441,0.000347718250636088,NA,0.364633230650021,Q8TDV0-40P/L
-1,0.669201001632332,0.000134620658837708,NA,0.204094716589153,Q9H792-792S/I
-1,0.483006755985401,0.000141805078930884,NA,0.391005641199554,Q9UNX4-210A/V
-1,0.979569703380038,6.91655040648311e-05,NA,0.721351922270751,P0C5J1-96L/P
-1,0.0212928858917121,0.000296885511283198,NA,0.163234559423423,Q658N2-408V/I
-1,0.0074882679105425,0.000427184992160137,NA,0.231996212602232,Q8N2E2-1176V/L
-1,0.837248204200437,3.08197062411103e-05,NA,0.29808048229537,Q8TD08-221T/K
-1,0.00370224966492351,0.0026491878573553,NA,0.279139864142852,P23467-127S/G
-1,0.537334999857415,1.03068677042235e-05,NA,0.204169435124628,Q5VY43-802S/C
-1,0.092992555348717,0.0001522307405609,NA,0.109234347308023,O94823-1148I/V
-1,0.0284046756409407,0.000220246273748365,NA,0.16776256682262,Q9Y2K3-949T/I
-1,0.888500940883458,0,NA,0.687928524936173,Q6S8J3-753Y/N
-1,0.0997008286960202,0.000210264965869082,NA,0.407573579952628,Q8N4W6-163A/T
-1,0.00275376243129749,0.000201572782647365,NA,0.15922820380961,P56180-363K/N
-1,0.0180241416759986,0.000244632509471113,NA,0.177864665935664,P58180-290R/K
-1,0.0943737409365772,3.84069761966067e-05,NA,0.397811851052293,Q9BRR9-50R/G
-1,0.0255980069554788,0.000197982834743534,NA,0.389511423573664,Q5SZD4-104Q/K
-1,0.126108575882401,0.000130845780092092,NA,0.255744290944203,Q6HA08-159R/H
-1,0.676341079125361,0.000111407603950909,NA,0.163794541439973,O60229-2306G/R
-1,1.13696135117474e-05,0.000730104498361564,NA,NA,Q5SRD1-43C/S
-1,0.00467468202763619,0.000609303065564501,NA,0.060641931739668,Q9NPR2-809S/N
-1,0.00592730981095949,0.000953409839631993,NA,NA,Q9Y2K5-948R/H
-1,0.894559476023125,0.000117217803471127,NA,0.149172781857948,Q9H611-77F/L
-1,0.258576973090086,0.000259859200294785,NA,0.293910543367161,O14579-117T/I
-1,0.323720823891577,0.000132891941186467,NA,0.208836731466345,Q96H86-52R/Q
-1,0.779656080391663,0.000583892868580219,NA,NA,Q96J01-193D/N
-1,0.646259415713697,0,NA,0.420315432342358,A0A1W2PRP0-112G/S
-1,0.125368255730297,0.000554213273273838,0.296096723886617,0.200881592908278,Q96LW4-168R/Q
-1,0.850968673489088,8.76896436565549e-05,NA,0.475659675392472,Q8NGK6-284L/P
-1,0.101567695539939,0.000818724567150741,NA,0.192201855605358,Q9Y6G9-147M/T
-1,0.216047465171848,5.25016061967308e-05,NA,0.573230206759191,P20742-1003T/M
-1,0.0191558856793678,0.000525781468982427,NA,0.178245595469017,A8MPS7-263A/T
-1,0.287836128098081,0.00029925052469554,NA,0.167233109710673,A6NKB5-845A/V
-1,0.0552267661374274,0.000610918065094238,NA,0.179173505952077,Q9C026-338V/I
-1,0.836304104353107,9.08139427659578e-05,NA,0.222056310587093,Q86WB0-416R/Q
-1,0.596335318022166,0.000239619050477307,NA,0.135035233540429,Q6N043-914G/V
-1,0.129847167570977,0.000119978154038153,NA,0.301974874616738,P19801-332S/F
-1,0.211931018929401,0.000577370622290755,NA,0.234495072765652,Q9H201-170R/H
-1,0.00613722180469756,0.00129911967170485,NA,0.191530326090465,Q8WXX0-7K/I
-1,0.0131348194123867,0.00019874223050193,NA,0.339589973062679,Q6IEV9-147W/S
-1,0.320214257451451,0.000190074493269409,NA,0.234721882860384,Q9HB75-652R/W
-1,0.896402000072415,0.000114035779351374,NA,0.482961001241159,Q2VPJ9-115R/L
-1,0.311001343574296,0.000238244175515741,NA,0.161918875198008,Q96HJ3-264E/A
-1,0.00890602763006554,0.000294878634067758,NA,0.101667448912237,O00339-932V/I
-1,0.28884231257225,7.22257867005507e-05,NA,0.49763653268997,Q8NE28-119I/T
-1,0.666359653256703,8.65416484518827e-05,NA,0.317790227225659,Q32M88-122R/C
-1,0.00416213286728496,0.000778680702674671,NA,0.133293785816904,O00526-47A/S
-1,2.00517656151388e-05,0.00103526588265483,NA,0.00036968267124371,P78345-181A/G
-1,0.180531036637132,0.000149724468663533,NA,0.183013037977104,Q8TDD1-821P/L
-1,0.498265735449897,0.000457868314111969,NA,0.155331280735565,Q68DE3-1818S/G
-1,0.0386033581509763,0.000125708705453258,NA,0.195767193728282,Q7Z7A1-889A/T
-1,0.0482872061008406,0.00421177836300638,NA,0.150658279714545,Q9NRJ4-522S/N
-1,0.209019184162413,0.00027035733952151,NA,0.327962820628252,A6NDY0-214G/D
-1,0.427122844139835,0.000363925141189445,NA,0.135367824146202,O75570-407I/V
-1,0.188190471922981,0.000530890765240634,NA,0.300078959890674,Q15345-44P/R
-1,0.324850697718048,0.000170646831080081,0.146994873604913,0.195838617231425,O43306-674A/S
-1,0.0113740054942482,0.00178224329498806,NA,0.217532058580544,Q03405-317L/P
-1,0.103861128138672,0.000163064057011278,NA,0.124003777549037,Q13671-238R/Q
-1,0.0387160723284045,0.00049691058855772,NA,0.25299270316554,Q8N4P2-117R/H
-1,0.0514713007192943,0.000510921357687196,NA,0.129180606302124,Q8N5C6-811K/R
-1,0.367005868955994,0.000386386117830637,NA,0.341058273111016,P22234-201K/N
-1,7.51961304614464e-05,0.000744425098871521,NA,0.184481089161461,Q9H343-124R/H
-1,0.00383212144885717,0.00155760707599115,NA,0.131232615604631,P28072-107P/A
-1,0.0370652504156548,0.000910033059499505,NA,0.140861879138695,Q8IV38-71D/N
-1,0.0325261070999948,5.10827209473101e-05,NA,0.18548367193143,Q6ZWJ8-1201P/S
-1,0.00175639473791311,0.000542549239500555,NA,0.194707060869926,Q96QV1-404V/M
-1,0.0136253243701203,0.00117571376642218,NA,NA,A6NCV1-120R/C
-1,0.719766785368882,5.4551572286903e-05,NA,0.454863365792272,Q6UX82-24Q/P
-1,0.0563169479591718,0.00060601457103873,NA,0.165697720144131,Q9H7M9-191I/V
-1,0.1129918154602,0.000272075953228185,NA,0.139359928917952,Q9BQK8-199D/A
-1,0.029098660237891,7.71460804997472e-05,NA,0.334133512197293,Q2M3G0-369I/V
-1,0.0109379486596106,0.000546920961957052,NA,0.235614207894884,P23467-1228R/W
-1,0.680216081919949,1.57188866524198e-06,NA,0.475577809059921,Q9BR84-18D/G
-1,0.00280405319972683,0.00010120741915405,NA,0.409957579887382,Q96R54-285P/S
-1,0.270860660416009,0.000372702177258125,NA,0.219619350145862,Q9Y2B5-377D/N
-1,0.030976676092858,0.00047498853021846,NA,0.150304980665232,P14091-82I/V
-1,0.267407352116066,0.000123524417723374,NA,0.251048171628671,Q9P2K2-152N/Y
-1,0.00262782677570752,1.50276554674018e-05,NA,0.4596062705628,Q8WZ84-102F/V
-1,0.00433620672117624,0.000217291572318864,NA,0.179490205932767,Q6NUM6-372L/W
-1,0.0373655071125782,0.000796974418356826,NA,0.153397022112318,Q14088-6L/V
-1,0.0125826288867925,6.4609023467153e-05,NA,0.204813037981987,O60391-982E/K
-1,0.0845933193185129,0.00029926674571044,NA,0.270689917993392,P42330-77E/G
-1,0.702693165872007,0.000361879593766937,NA,0.149345612534243,Q92890-130P/A
-1,0.109215258391472,0.00015337197314999,NA,0.432371000852088,Q5VUY0-104P/S
-1,0.00985138664002304,0.000538632217657985,0.187100077619635,0.130129907862679,Q9P2R6-794P/L
-1,0.0448818295323717,0.00310271351225906,NA,0.140879655797404,Q9UKV3-257R/K
-1,0.00541467259412047,0.000441600083958427,NA,0.169519814168906,A6NKT7-1154P/S
-1,0.2610797429017,0.00167011469475003,NA,0.122756868642967,Q9BTY2-356M/V
-1,0.985625472707722,0,NA,0.312428466077971,Q16695-8A/T
-1,0.0563355647805921,0.000348340318256013,NA,0.170446231103079,A6PVS8-129M/I
-1,0.848368097368813,7.10411399382371e-07,NA,0.357831730525184,Q6JQN1-939R/L
-1,0.269894103137672,0.000255785224261914,NA,0.294319921195836,Q9Y6L7-333R/Q
-1,0.00953114163901615,0.000128154229945659,NA,NA,O75335-803A/S
-1,0.0166062516763092,0.000454733821046172,NA,NA,Q96MA6-130D/G
-1,0.31723805974814,0.000309272069505049,NA,0.217937812391772,Q9Y5X2-268T/I
-1,0.0625655176654115,0.000253632163735768,NA,0.22816813558481,Q9UDX3-200V/M
-1,0.696608148206509,0.000148145303623309,NA,0.237348121970806,Q7Z7A3-203E/Q
-1,0.0854585276702764,8.54114645501905e-05,NA,0.275742118648072,Q96LD4-187R/W
-1,0.110219375334523,5.19071632881013e-05,NA,NA,Q5T6F2-14R/Q
-1,0.192589256773095,2.95242487178311e-05,NA,0.338908645743527,Q9H2F9-249V/A
-1,0.466256423519042,4.99256795353986e-05,NA,0.178937195973972,Q9BYK8-338S/L
-1,0.644371626509861,0.000112536168811878,NA,0.272374313197564,Q9H0N0-83I/S
-1,0.975496363054061,0.000384782600679101,NA,0.184772181571821,Q15911-1852Q/P
-1,0.189987817601814,0.000184847866146017,NA,0.42046911675621,Q8NHA4-217Y/C
-1,0.201031344687958,0.000211120623053992,NA,0.239659334336235,Q9HAS3-513Y/F
-1,0.346447957851597,3.72201899486871e-05,NA,0.178484552061215,Q8IYW4-109I/T
-1,0.00420825990134869,0.00024239063620254,NA,NA,Q6PKH6-43G/W
-1,0.0222139370204285,0.000273527382097095,NA,0.243626704280597,P24462-409T/R
-1,0.0437949011398324,0.00101073367276873,NA,0.0900994770730309,O43815-380P/S
-1,0.0494203150060963,2.0407289333578e-05,NA,0.408320375603324,A2CJ06-122P/R
-1,0.0286203655742712,0.00103483501534607,NA,0.0782848530728826,Q9HAW4-1280S/L
-1,0.545123690921564,9.9451763965702e-05,NA,0.195008191742504,Q6U7Q0-122A/V
-1,0.0574310398690224,0.000184432294145893,NA,0.258837025447296,Q9P0K1-128E/K
-1,0.00107140575707234,8.6101432803672e-06,NA,0.640574604097635,Q8NH83-219L/Q
-1,0.404997442032321,5.92777375558478e-05,NA,0.121991314626749,Q6UXB8-68K/R
-1,0.209067768572825,0.000161087254311501,NA,0.166155115948,Q96P44-753E/V
-1,0.228348194901607,0.000163543145904633,NA,0.314837776276539,Q9NRS4-413P/L
-1,0.00300922626341133,0.0011216726900402,NA,0.192584747597102,Q8TES7-681A/V
-1,0.0022258140423938,0.000121810963739145,NA,0.305891502410308,Q8NGJ1-59M/V
-1,0.0462008961769904,7.82531720148676e-05,NA,0.157591176253672,Q9C037-367P/S
-1,0.0817145758308722,0.00133710908960429,NA,0.127141373136134,Q17RW2-7R/K
-1,0.411358546344567,0.000181121368215396,NA,0.0974635684957719,O60496-274P/L
-1,0.0305407019185041,0.000178979138311671,NA,0.16239297043893,Q6UB98-507T/I
-1,0.0041353746803034,0.000497668622772445,NA,0.121399482259061,Q03405-220K/R
-1,0.0270486027697285,0.00097297605820033,NA,0.208595219712945,P29218-109I/V
-1,0.766294187149423,0.000130985423450688,NA,0.546884970893593,Q9NZP0-133M/T
-1,0.00130050833496742,0.000119937162328646,NA,0.454319365915338,Q8NH53-79T/N
-1,0.0591916510709308,0.000314794576314435,NA,0.302561761045319,Q9NZJ6-134K/E
-1,0.00243214146543966,0.000421307986711978,NA,0.159226858953787,Q96KJ4-530N/T
-1,0.0163074366094805,0.000389522887091353,NA,0.158276678912731,Q9P2F8-1403S/L
-1,0.181166470519044,0.000325067724497726,NA,0.186440169953392,Q01546-283A/T
-1,0.0198982753453989,0.000760131078065366,NA,0.255400978659593,P49750-636P/A
-1,0.00591570974386947,0.00134562720970736,NA,0.273128698165873,Q6UXI9-473G/S
-1,0.00503201135721908,0.000309783701339296,NA,0.343455896371107,Q9Y5I3-759C/F
-1,0.0426573538122718,0.000266882299872396,NA,0.227678552942884,Q86XS5-268T/M
-1,0.227888203581364,0.000112519137049763,NA,0.169177517849196,Q9UJX0-457V/A
-1,0.0232628273886283,0.000124406244227306,NA,NA,Q8NGM1-150G/E
-1,0.0665785393100654,0.000220485628732883,NA,0.186687703196631,O14939-632E/G
-1,0.00909654329869387,0.00107947903683655,NA,0.0873869660336831,Q1X8D7-509G/S
-1,0.714501063180828,9.20162796659773e-05,NA,0.289150022091172,P0DMV9-110E/D
-1,0.72434235828036,6.95334032350796e-05,NA,0.419225588744268,Q9BTY7-54G/V
-1,0.078878850286573,0.00038823217477843,NA,0.212618748054949,Q13349-282R/C
-1,0.0087431405184938,0.00040928693682672,NA,0.291334100498126,Q9Y5G0-188G/S
-1,0.00990983001862645,0.000566064585792443,NA,0.17253083371336,Q02083-153R/H
-1,0.000247341668684001,0.00544473101598936,NA,NA,C9JL84-518T/S
-1,0.338601944526986,0.000130725857085473,NA,0.413687093657155,Q6NUM6-129A/V
-1,0.631899091005763,0.000195686229435567,NA,0.339188551959594,Q3B7T1-1117A/T
-1,0.809758081952584,0.000135086470901587,NA,0.259601040995899,A6NNS2-227S/L
-1,0.0597561510881804,8.63135188794337e-05,NA,0.370396355237923,Q9BQN1-134E/K
-1,0.00971257495935806,0.000117285038962956,NA,0.518424638027674,Q8NH81-122L/Q
-1,0.252794241051538,0.000972556599615447,NA,0.173906232180455,Q9NR19-601G/A
-1,0.0531175657141067,0.00048175549580929,NA,0.320115924769235,A8MYP8-131G/R
-1,0.272806711210929,0.00027249928863313,NA,0.296655021762361,Q9NXL6-456A/S
-1,0.0311318998819044,0.000503582529349362,NA,0.0838158275095046,Q08495-231K/R
-1,0.00561615323806365,0.000211406525804134,NA,0.180698222184346,Q9Y3Q7-142Q/L
-1,0.047735602348023,0.000305463874860656,NA,0.244428971604352,Q96C45-348S/G
-1,0.397923910994285,0.000296533667310396,NA,NA,Q4V339-159D/N
-1,0.00437253396237658,5.61473918834304e-08,NA,0.602367255453888,Q8N146-293R/I
-1,0.258159691498805,0.000382224073698943,NA,0.197636705369151,Q8N0Z3-824T/P
-1,0.013868636300466,0.000109411263262348,NA,0.399180036615737,Q9UK13-337P/A
-1,0.134919604780793,0.000152077921086729,0.674114467992595,0.413171044981922,Q99572-155Y/H
-1,0.0409474959430481,0.000589151341852182,NA,0.188038675577251,Q6P1K2-150R/C
-1,0.0351430422927362,0.000187721991256723,NA,0.0947428991156773,O95789-1233E/K
-1,0.0301177377450575,0.000320382000890704,NA,0.258206555347041,O14556-93A/S
-1,0.00180048425625388,0.000179658564343957,NA,0.293228094389485,Q9H340-40N/S
-1,0.0294101608926549,0.000457007177177716,NA,0.119882706109376,Q5VUB5-465P/S
-1,0.00966927808782593,0.000553915244050721,NA,0.215238391445499,Q13607-122R/C
-1,0.0292112137326056,0.000889114024941071,0.207091496034681,0.112312358765399,Q9UBD9-161P/S
-1,0.0271300416547814,0.00024789074046307,NA,0.199797940599119,Q58EX2-1553T/M
-1,0.27175221669056,0.000102781280526029,NA,0.503051201572868,Q5SZD4-118A/D
-1,0.0207459651536135,0.000284956852425532,NA,NA,A6NCV1-247S/F
-1,0.0102404462570062,0.00205146490821759,NA,0.165938458745107,P12270-960S/N
-1,0.16390703450653,0.00020687704791426,NA,0.243672100403865,Q14209-226Q/H
-1,0.0865807368759869,0.00107064247231763,NA,0.0893837704960102,P16591-412M/V
-1,0.106719620854546,0.000783092341890352,NA,0.162087965634024,Q96L50-136T/A
-1,0.00333774845244224,8.44363524474854e-06,NA,NA,Q8NGM1-221L/S
-1,0.00768193002848023,0.000511750687291625,NA,0.101092428432802,O15534-37P/S
-1,0.779905779021487,0.00010750595298355,NA,0.131995618291854,O60563-362H/R
-1,0.785183240784731,2.85108400914141e-05,NA,0.193411968514419,Q9H987-2G/S
-1,0.0490008424022608,0.000189619517262048,NA,0.110032147108696,Q8TCG1-293P/T
-1,0.00120259705492825,0.000177488333848995,NA,0.278243257609753,Q8NGS8-262P/L
-1,0.0124682408628337,0.000971161076733656,NA,0.0874421582323525,Q9P1Z3-69K/R
-1,0.032177201497901,0.000511160273885326,NA,0.506486986091971,Q08AH1-176A/P
-1,0.396380972461773,7.83634118897375e-05,NA,0.527093494645962,Q6A555-19G/R
-1,0.259305483104206,0.000932292442891178,NA,0.129664036103388,P53367-174N/S
-1,0.0035911531145289,0.000148336250670459,NA,0.123373828606334,Q6V1P9-3088H/Y
-1,0.0112980766413288,0.000246939333438451,NA,0.0944197243117586,Q8TDM6-1089P/L
-1,0.56656402355009,0,NA,0.125973236291532,Q8IUC3-51S/P
-1,0.0375116639710192,0.000393335247462498,NA,0.263247120840156,Q9H0W9-312I/T
-1,0.0538069839148375,8.37510232963621e-05,NA,0.32705484692329,P42330-180P/S
-1,0.0123460191447138,0.000351085565958097,NA,0.368494780978179,Q14CN4-300R/C
-1,0.000416418907186306,0.000141841997008106,NA,0.713135153135379,Q8NGV6-195C/R
-1,0.735149562491148,8.43224245274741e-11,NA,0.28926323368389,Q494X3-233H/Y
-1,0.00625448752692793,0.000870299594647266,NA,0.192961020697882,Q5CZC0-3105E/Q
-1,0.00870274932285101,0.000442158882929922,NA,0.326628479751951,Q8N0Z6-336V/I
-1,0.559520506661292,5.09057372556537e-05,NA,0.482652106306244,Q8TAT5-117P/R
-1,0.527921162711162,6.74500759308586e-05,NA,0.171620424287175,Q8NG66-488E/V
-1,0.220181684828781,9.86750024822595e-06,NA,0.585386011504349,A0A286YEU6-115L/P
-1,0.981446636461883,4.09419096379533e-07,NA,0.450185183068467,Q14990-223P/T
-1,0.0106807225368335,0.000176612056277097,NA,NA,Q3I5F7-40D/N
-1,0.0813848949146228,0.000742893111981204,NA,0.107041599797601,Q9H019-31N/S
-1,0.11565695094456,0.000135174713148751,0.166593472636181,0.135402200078561,Q5TCY1-649P/R
-1,0.237616438992227,0.000194446378569734,NA,0.308041802298149,Q86W11-378I/S
-1,0.105969656527954,0.000511143034275831,NA,0.211276991180946,Q96HA8-116F/I
-1,0.998175825224035,5.87058386776417e-06,NA,0.30978050273474,Q6VUC0-305V/M
-1,0.283869888806782,0.000106224925262244,NA,0.224311399695794,Q15561-239P/L
-1,0.107460911292438,0.000427360055564164,NA,0.386722206901494,Q8IYX1-83R/Q
-1,0.987050286437183,6.69799329361147e-05,NA,0.217408804235373,P86790-214E/D
-1,0.156157271237235,0.000230610672587099,NA,0.149956254486654,Q15032-270M/V
-1,0.000233265466310499,0.000264171459362704,NA,0.232918301634973,Q8NGR8-15L/F
-1,0.00150484773531438,0.00114883338660282,NA,0.0878162152617042,Q0VD83-174R/G
-1,0.00450623162676423,3.91124055184974e-10,NA,0.546732655177133,Q8NH04-218Y/H
-1,0.0710738710942108,4.8951120384751e-05,NA,0.168664909032408,Q8NFQ5-149P/T
-1,0.560123675195725,9.55656244581902e-05,NA,0.296191148098519,Q04756-225V/M
-1,0.0140512294337784,4.26649574950042e-05,NA,0.22738107022966,Q7Z443-593V/M
-1,0.00113892562983602,9.92508260263946e-06,NA,0.412583710126424,Q9UGM3-1084H/Y
-1,0.720029173815428,0.000166191423972084,NA,0.378125514250623,Q2TAC6-891R/W
-1,0.0101903794068054,0.000219647280401747,NA,0.120344596798441,Q9UKX5-972P/L
-1,0.0659021911837711,2.61507125831495e-05,NA,0.528492763196392,Q9BZJ3-70L/F
-1,0.0312414854826086,0.000775237625373132,NA,0.213779964023098,P07478-56Q/K
-1,0.118164576885056,0.000317988163067809,NA,0.241541542491052,P49643-399Q/E
-1,0.00347147855004936,0.000235640639673075,NA,0.311310024634129,Q5CZC0-1002D/H
-1,0.00184792640844172,0.000629242483312961,NA,0.238100771873764,Q8IVW1-64A/G
-1,0.00124729208630378,0.000131785999918724,NA,0.294464589597092,P0C645-28R/W
-1,0.00161675447236607,0.000918578848978954,NA,0.117435147693381,Q9BYT8-372K/R
-1,0.00560812509625095,0.00104702244226902,NA,0.131917477918117,Q9H1P6-99I/V
-1,0.299891722696015,0.000151272533273873,NA,0.27172736816071,Q9ULL4-1596V/E
-1,0.0439592074236965,0.00052356608008775,NA,0.274852504194035,Q6NT32-176R/W
-1,0.068275906630344,0.000190759521222588,NA,0.471515218183868,Q9UN66-322A/V
-1,0.00508322496916971,0.000533300343317315,NA,0.147622576051352,A1IGU5-489P/L
-1,0.0402637544077692,0.000257900121152672,NA,0.249261124250385,O00233-197E/G
-1,0.0782397145328053,0.000270600758001092,NA,0.166133570031847,Q7Z5N4-1027T/M
-1,0.515794795703455,0.000724384990194406,NA,0.219448888355219,O43747-685P/H
-1,0.00467062102864774,1.04937439380433e-05,NA,0.246585077435641,O75129-874A/T
-1,0.282619540040661,7.32603187564845e-05,NA,0.378370885066678,Q9NUJ7-260Y/C
-1,0.00909629917081357,0.00325550157633238,NA,0.115598141955327,O43852-4R/Q
-1,0.0648513148764555,0.000654245962550303,NA,0.141110966642419,Q9NTJ5-434Y/F
-1,0.257977301501818,0.000159604469761304,NA,0.23693947583155,P29376-535D/N
-1,0.00388252249640991,0.00103212892905583,NA,0.178940731080142,Q9C0C2-96P/S
-1,0.585377734734198,2.80890586885173e-05,NA,0.377466539033113,Q6W5P4-241S/R
-1,0.0238654031420979,0.00011342284767796,NA,NA,Q8NGG7-133T/R
-1,0.0127723601638177,0,NA,0.288973545837371,A0A286YF01-89C/Y
-1,0.199843825041125,0.000591787700995916,NA,0.110801790504077,Q7Z7A4-481K/R
-1,0.0543059626221389,0.000512292549083643,NA,0.240768454586044,O43374-606T/M
-1,0.0681588073949199,0.000252364099904272,NA,0.182590438028799,P14151-213P/S
-1,0.024922191629795,0.000213782032071181,NA,0.194377225772312,Q53LP3-367D/N
-1,0.0117069550144128,0.000179719981783907,NA,0.241326522032663,A6NET4-177F/L
-1,0.327641952886868,0.000155987194049312,NA,0.233257003064909,P35228-221R/W
-1,0.00222562678121048,0.00148638158036318,NA,0.219421542162016,Q7LBC6-5A/T
-1,0.199492862899184,1.10149209884615e-10,NA,0.767567186434111,Q96NU0-996C/W
-1,0.0632703297563107,0.00109909831329216,0.100816445154698,0.128263711780607,Q96MM7-471E/K
-1,0.257691678652656,0.000196090190949192,NA,0.249492496037129,E5RIL1-64T/M
-1,0.0732396129811538,0.000289700003245982,NA,0.103062706549975,Q5VV67-1244A/P
-1,0.949956977093277,0.000120092195430297,NA,NA,Q53H96-105V/M
-1,0.469255015446455,0.000392450374701185,NA,0.0744507284318386,O60353-345M/L
-1,0.0191025008802957,0.000345483360150049,NA,0.194258849483042,Q9BV38-62I/V
-1,0.171740753665502,0.000165203546636476,NA,0.164242435857399,Q969U6-340E/K
-1,0.00614516298899389,0.000193966445491933,NA,0.192358515425581,P34982-240T/I
-1,0.0177176061269943,0.000453268481923313,NA,0.350211518840405,Q5VU65-1491V/I
-1,0.12467259330347,0.000144852996922747,NA,0.191372380959143,Q6UW02-346L/F
-1,0.421421590809207,0.000332113598493342,NA,0.222040183139609,Q8NHV5-124N/H
-1,0.0441162031901495,0.000124726932173382,NA,0.130236293543981,Q7Z5Y6-106M/V
-1,0.0219278418503352,0.000221902971918864,NA,0.156010019047507,Q8N6F8-216R/W
-1,0.0898969391442309,0.000639454196375846,NA,0.175470015695598,Q9H0J9-463V/M
-1,0.0178028026197586,0.000572801942072129,NA,0.357670703771597,P01911-70D/N
-1,0.0117815434371589,0.000599065119621981,NA,0.196245977245233,Q8WW18-110D/H
-1,0.12427959996172,0.00125311105669385,NA,0.144242417331772,Q14789-1212Y/C
-1,0.0343932576864911,0.000180897948406622,NA,0.480571040220993,P78329-519L/M
-1,0.0982475446702143,0.000118500089240237,NA,0.434449976826207,Q9UNA4-261I/M
-1,0.0432743905824904,0.000213638671596667,NA,0.543255252407461,Q96GA7-291L/I
-1,0.0777437256493718,0.000151458658511742,NA,0.253013586542722,Q9HCE3-761E/D
-1,0.674926528608638,4.91713899192933e-05,NA,0.154803083653003,Q5SVQ8-327D/Y
-1,0.024175299998539,0.000318562683580901,NA,0.155687288421095,Q96KD3-242E/K
-1,0.742890142240612,5.38979907160912e-05,NA,0.349397267213451,Q2VIR3-243I/F
-1,0.502000625592341,9.79282461388043e-05,NA,0.156216674621638,Q7Z2Z1-747V/A
-1,0.602021538472919,0.000277497247004563,NA,0.128607350523429,Q9Y485-1589M/V
-1,0.39852777837679,0.00101060547295661,NA,0.176570581750883,A1YPR0-250P/S
-1,0.237153197666219,0.000409557946455235,NA,0.169826414901571,Q2VIQ3-680R/H
-1,0.0208036324595375,8.06006262983117e-05,NA,0.455603340505438,Q96P64-492R/H
-1,0.0163443673687026,0.000206662832175255,NA,0.18282181688335,Q9NY99-200S/L
-1,0.017854633765206,0.000830408306770456,NA,0.073395134943994,Q12802-2457G/S
-1,0.012451074348024,0.000579772946734343,NA,0.473183749863262,P34913-52R/W
-1,0.336727347603477,5.24147227658067e-05,NA,0.432313550779371,Q8IVL6-304R/C
-1,0.152365834012263,0.000688808112445071,NA,0.158847474412239,Q8IY82-433P/L
-1,0.0195476458470581,0.00050695787714265,NA,0.300193568698105,P13284-76R/Q
-1,0.529298611093986,4.24101789691355e-05,NA,0.239217993387506,Q5T5S1-113L/R
-1,0.010115953651011,0.000340677739030059,NA,0.14691171418584,Q4VX76-414P/S
-1,0.0362986192693121,0.000612065563856153,NA,0.104838350585022,Q5VY09-285P/S
-1,0.0045662906621197,6.99694157916356e-07,NA,0.423094603336962,Q8NH43-16G/V
-1,0.0190443154174581,0.000160160325282237,NA,0.443715257551558,Q30154-80T/R
-1,0.87945312868709,0.000155294489560641,NA,0.230375424250156,Q7Z4N8-419R/W
-1,0.0354121538490357,0.000121081190233426,NA,0.0806739747766899,Q92598-61N/H
-1,0.000314844931354695,0.00022883962115835,NA,0.335737851474449,P20853-420K/M
-1,0.97805374004112,0,NA,NA,Q8NGC0-117L/F
-1,0.629406015079598,0.000226895135892723,NA,0.111949745174735,Q96J77-118F/L
-1,0.0203908979093741,0.000309231332380841,NA,0.257769893861852,O43815-439T/I
-1,0.0386382994959213,0.000319447176452804,NA,0.157080798327422,P43121-89E/G
-1,0.0510421714049896,0.000288092217257991,NA,0.469915993128746,Q9UGM5-202G/S
-1,0.00717158862287587,0.000342562408458721,NA,0.315556056259453,P82987-821P/S
-1,0.0130711321058029,0.000772395326417248,NA,0.169284057041122,Q9H344-263R/C
-1,0.0199950348602574,0.000993624457680152,NA,0.203312421907356,Q8N884-261P/H
-1,0.114455802538829,0.00174983510599464,NA,0.125301315056077,Q9C009-20L/P
-1,0.0805056366821923,0.000498660427616227,NA,0.110629083166077,Q8N0V4-452Q/R
-1,0.0610433733055519,7.34835284732996e-05,NA,0.236947301452802,Q9NYL5-288Y/H
-1,0.176921871637328,0.000104697305500736,NA,0.36841071152442,Q9NVE5-1025T/M
-1,0.00403380164041973,0.000525566353320089,NA,0.158478132573808,Q9NZN5-973Y/F
-1,0.0170186572517932,8.98526696817631e-05,NA,0.64471140000246,Q76KX8-621C/G
-1,0.541458195271364,1.06751448411602e-06,NA,0.651186920893627,Q9Y493-1742C/R
-1,0.474934506338318,6.49986280290607e-05,NA,0.209392788178507,Q8N4X5-769R/C
-1,0.284612224242457,0.00027731663934315,NA,0.254427155398378,Q13395-425A/T
-1,0.00256085211673971,0.000887320129824062,NA,0.242764405250108,Q9NQX4-783A/T
-1,0.00407684158074732,0.00080317365305229,NA,0.305763069170818,Q9BYD3-253M/V
-1,0.528563677495301,5.97560016658557e-05,NA,0.52917082418006,Q96LB9-272A/V
-1,0.0182271962664494,0.00113831386167202,NA,0.300852822659776,Q9H930-88M/T
-1,0.997691224592957,0.000205875741438257,NA,0.391864121665908,O75396-192T/P
-1,0.872023938262078,9.33858198999283e-05,NA,0.57176386642328,Q5FVE4-96S/Y
-1,0.60989991941795,0.000148092622077084,0.318789595305155,0.0991867193035185,P53675-691E/K
-1,0.461096340210551,2.82390205784651e-06,NA,0.374001114059174,A4D1Z8-76P/L
-1,0.175188369071281,0.000964926159512323,NA,0.109986536429033,Q9H0A0-564P/S
-1,0.120339088736932,1.33231633098717e-06,NA,0.209237472256328,Q5JZY3-807R/Q
-1,0.0350732391599005,2.38460420174323e-05,NA,NA,P23229-265S/G
-1,0.772248917369693,5.67870803567566e-07,NA,0.409712173431187,Q9BX82-430P/R
-1,0.0526844165796323,0.00029055786915388,NA,0.420485080456736,Q7Z570-1108A/T
-1,0.828382664931663,0.00010643791340654,NA,0.309507264403809,Q9H252-80S/F
-1,0.0245231816634951,0.000981598435610985,NA,0.110911811449345,Q15059-255A/V
-1,0.00104769561406512,0.00157602208273237,NA,0.333470247890941,Q7Z7D3-8L/P
-1,0.800028460754194,0.000268858891922053,NA,0.278461809457812,Q8WWX8-258F/L
-1,0.0030817203575987,0.000113392330949833,NA,0.25924531090693,Q8NGS8-70D/G
-1,0.00944610748152923,0.000250732137984794,NA,0.319547167326242,Q6UXI7-559L/I
-1,0.321649117330632,0.00049285555773689,NA,0.226891655848931,P32455-265Q/K
-1,0.53064720194858,0.000384128657891028,NA,0.330820050271892,Q96C03-324G/E
-1,0.0144014662360133,0.000231128740065632,NA,0.304235724166019,A6NJ78-149A/T
-1,0.0106522566998184,7.86179139172839e-05,NA,0.519780661021612,Q13606-50L/S
-1,0.0752431168873539,0.00040711401608078,NA,0.181219131513694,Q8IXT1-12V/I
-1,0.353958614615508,0.000100579857843941,NA,0.146851800498597,O60229-1893S/L
-1,0.000672969886090825,0.000292755573692372,NA,0.415705060643893,P04440-207L/M
-1,0.215737611589518,0.000160152006228421,NA,NA,Q8IZM8-145R/C
-1,0.35525321909193,6.03635631989589e-06,NA,0.611683525933145,P59827-206G/W
-1,0.263753867107937,8.31328156220809e-05,NA,0.268297497627719,Q08AH3-78E/K
-1,0.521830152076669,0.000596695398767092,NA,0.132191725586075,Q05BV3-269I/V
-1,0.109912462505175,0.000728065282006127,NA,0.114760527265313,Q9P2A4-44R/Q
-1,0.86450534535286,0.000113897720184268,NA,0.246410169549113,Q9Y2K1-531A/P
-1,0.647331025444259,8.60013671205101e-05,NA,0.365219843329506,Q9BZZ2-464R/H
-1,0.473512520749602,0.000382451280976999,NA,0.369446586564713,Q9GZM7-451F/L
-1,0.0690149225951373,0.000143405585882264,NA,0.321413252718382,Q5W0A0-495G/A
-1,0.0938748168140898,0.000356516721168667,NA,0.258677374572861,Q8N3F8-685H/R
-1,0.0273949576243844,0.000158412689793609,NA,0.171884518080931,Q6ZU35-85Q/R
-1,0.686360088008215,6.40567545334992e-05,NA,0.339858979703184,P47901-65K/N
-1,0.0813976603335283,0.000467463983691367,NA,0.42076386383488,Q6UXH1-189R/G
-1,0.279357541842467,4.56325223631391e-05,NA,0.172467951349185,Q8ND23-1161G/V
-1,0.135476531986506,0.000103190599020472,NA,0.28862469033803,Q5VYJ5-738F/I
-1,0.0231506942809409,0.00139525941246137,NA,0.145592967972942,Q8NDZ2-529M/V
-1,0.053205957364863,0.000285483963576568,NA,0.321688767479745,O15394-347D/N
-1,0.809635578751618,2.16484328619108e-06,NA,0.0892367828475484,Q32MQ0-288P/L
-1,0.749572597895516,0.000220073035964653,NA,0.229829716416076,Q9UGR2-363D/N
-1,0.956223993525662,0.000132391964628341,NA,0.404062295599424,A0A1B0GVZ2-64L/P
-1,0.000645892078828162,0.000366761790610025,NA,0.175617092813627,P41238-108P/S
-1,0.86579519105525,0.000284954605647209,NA,0.380909232818491,A4D1E9-164L/F
-1,0.113979787878601,0.000481248810807441,NA,0.192221678741393,Q15155-1081E/K
-1,0.00032718222881911,0.000579427128492964,NA,0.161170075348712,P0C645-274V/A
-1,0.00732745761670466,0.00231813320968378,NA,0.165828213046947,Q5VXU9-1425R/C
-1,0.00146944048278763,0.000210455170626851,NA,0.334718695610636,Q8IY85-541D/V
-1,0.268317385283334,7.34524358211196e-05,NA,0.476754009530039,Q6Q8B3-215T/I
-1,0.346185450975649,0.000167497062376116,NA,0.410468246090452,Q86XR2-292G/R
-1,0.000133871409734221,0.000873687102091142,NA,0.306353880338527,Q8IUC1-111C/S
-1,0.0194224532036593,0.000622652972529363,NA,0.204741737531008,Q5M9N0-482E/K
-1,0.592803659672738,3.34031077105815e-06,NA,0.413726763296412,Q7Z4J2-195H/R
-1,0.0206686011574293,0.000507331514575165,NA,0.220445605741063,Q8WWI5-193T/A
-1,0.0182265080484064,0.00153385637993496,NA,0.168082148846049,H3BR10-62V/M
-1,0.0332121651721313,0.000452710039196251,NA,0.237386062139831,Q8N697-239V/A
-1,0.133872165863931,0.000442954697307059,NA,0.193780491852621,Q96GY0-279S/F
-1,0.133106904835312,0.000203002954344333,NA,0.366544151729107,Q5SXM1-351C/Y
-1,0.203888561056402,0.000263339911354857,NA,0.318585017226479,Q8NBN7-93A/T
-1,0.0585879617153896,0.000298804534548603,NA,0.22738620384955,Q8TC36-174A/T
-1,0.00218165516528981,0.000202287253706589,NA,0.512188359207965,Q02297-616G/V
-1,0.0188713152846831,0.00047936472512084,NA,0.329852620271216,O75691-502S/C
-1,0.334889164643958,0,NA,0.241574038505757,A5A3E0-1071H/Y
-1,0.000822955152105424,0.000122729884354153,NA,0.389514615053878,A6NHA9-240S/F
