mutant,CPT1_score
M1A,0.32872956439649204
M1C,0.4316596916003681
M1D,0.6252232050012749
M1E,0.601555566682994
M1F,0.476638938477144
M1G,0.3398197750407457
M1H,0.5422551588289701
M1I,0.5393090060373456
M1K,0.501561463415036
M1L,0.3713681165830114
M1M,0.0010277875865913888
M1N,0.6532230077171522
M1P,0.44435478397905104
M1Q,0.49548611727001846
M1R,0.36181210053710655
M1S,0.37922485029643793
M1T,0.4239500485233121
M1V,0.3866542367668583
M1W,0.4373486714933026
M1Y,0.5233421114918158
G2A,0.1011687337870727
G2C,0.20933785133359517
G2D,0.12709688892904192
G2E,0.21780465169909857
G2F,0.24464245608171986
G2G,0.0013060580123704923
G2H,0.2791161061880266
G2I,0.3068454430012004
G2K,0.20544897801258544
G2L,0.19735205368677744
G2M,0.21994409021284633
G2N,0.30832327768210477
G2P,0.17345186360583398
G2Q,0.2644893515464424
G2R,0.15995432410573562
G2S,0.10746032626617752
G2T,0.1766357180033673
G2V,0.17268205456259444
G2W,0.20341026771737902
G2Y,0.3027149725379129
S3A,0.03723620227100832
S3C,0.15016093220558058
S3D,0.2254709638478306
S3E,0.22584051973781094
S3F,0.15706584833050763
S3G,0.0828525883498411
S3H,0.19974875197040642
S3I,0.20623378540203885
S3K,0.185323003341896
S3L,0.10271759869370123
S3M,0.17469017555263233
S3N,0.15594771925336237
S3P,0.1269423770673711
S3Q,0.19642332645057148
S3R,0.11600933471483188
S3S,0.005615012948625653
S3T,0.02237920032490237
S3V,0.15157606806081836
S3W,0.1327339186039509
S3Y,0.20372551207641132
T4A,0.04986787453985286
T4C,0.11548194773950371
T4D,0.2123954165870634
T4E,0.21662940934525865
T4F,0.1241539535903442
T4G,0.07917040631499184
T4H,0.16497885022556602
T4I,0.14288545905972083
T4K,0.17591337838062915
T4L,0.08674655514605512
T4M,0.14862351598603019
T4N,0.24684159692179952
T4P,0.10832471511957242
T4Q,0.1649277051570064
T4R,0.09508864877917333
T4S,0.06706116892069214
T4T,0.0010651109736100617
T4V,0.09919298709046609
T4W,0.10613425940786758
T4Y,0.1622063877353389
W5A,0.1458239638479426
W5C,0.12175305217838928
W5D,0.34067060576470554
W5E,0.34111767667511306
W5F,0.17072940407406245
W5G,0.17335536407990637
W5H,0.2569645904815101
W5I,0.24535727713009448
W5K,0.2767123292746657
W5L,0.137958583836561
W5M,0.2008381558792266
W5N,0.3605962009197805
W5P,0.24720811007699595
W5Q,0.25787919401184456
W5R,0.1781405824331529
W5S,0.16988242750288163
W5T,0.15870054425557234
W5V,0.1463390435752382
W5W,0.0008025463277709921
W5Y,0.21767425555515363
G6A,0.12275476641535055
G6C,0.20626078056165498
G6D,0.2905875183504605
G6E,0.14758728325750092
G6F,0.27015045725701425
G6G,0.0026325790304632113
G6H,0.2680500882162935
G6I,0.34635030233252206
G6K,0.2051075702478149
G6L,0.258386385050972
G6M,0.31409985174189536
G6N,0.33595061511193725
G6P,0.3205849486802974
G6Q,0.27833007417276434
G6R,0.05676682087055451
G6S,0.18419322110103997
G6T,0.20607560529273328
G6V,0.14954546754793863
G6W,0.23503136199631092
G6Y,0.3089863950917493
S7A,0.12171419965463293
S7C,0.13783290200329668
S7D,0.29267251119372395
S7E,0.3388179075635147
S7F,0.17090992754233947
S7G,0.16525429463224184
S7H,0.14487135336292245
S7I,0.2520655609046487
S7K,0.2594307328105028
S7L,0.1782965286688606
S7M,0.24782850326555583
S7N,0.035209285403977164
S7P,0.15771734156589812
S7Q,0.24401235567748125
S7R,0.11459415823334385
S7S,0.003260041492210597
S7T,0.11277998184879368
S7V,0.16851143293686766
S7W,0.14287294648407012
S7Y,0.2159933633702391
P8A,0.1755413287186428
P8C,0.21296788468944972
P8D,0.40304207136831105
P8E,0.36790664239085924
P8F,0.3084310720960983
P8G,0.28090378104642966
P8H,0.3083124388009112
P8I,0.4152853766635305
P8K,0.3615089270577083
P8L,0.27917713354355267
P8M,0.3261311932227783
P8N,0.4050398803526478
P8P,0.0011465679027040654
P8Q,0.28066885473075387
P8R,0.24178919372899155
P8S,0.20624395971152132
P8T,0.24740195450584446
P8V,0.2558285033826506
P8W,0.24513757092474175
P8Y,0.31689897116075194
G9A,0.22597947914741412
G9C,0.292362387434037
G9D,0.4129833214504718
G9E,0.4613982851225654
G9F,0.3326758137991842
G9G,0.0012371528303114498
G9H,0.3103640954132595
G9I,0.4657708671570937
G9K,0.37438618656314004
G9L,0.3228320142660187
G9M,0.4554683967538661
G9N,0.4302495093298584
G9P,0.2842016257499024
G9Q,0.3398260232057113
G9R,0.13063867315067657
G9S,0.2370495337096573
G9T,0.28192526396649764
G9V,0.3222668682316703
G9W,0.28183606897419056
G9Y,0.32601644182804423
W10A,0.1540796665718961
W10C,0.23440679635995643
W10D,0.5795875493323731
W10E,0.5675975133780667
W10F,0.23631617480139222
W10G,0.20469755142574875
W10H,0.3619866790367995
W10I,0.29527217071446843
W10K,0.26525578340963185
W10L,0.11464891782056463
W10M,0.25235794658039234
W10N,0.5289071332442027
W10P,0.13798783665924064
W10Q,0.36653533573090535
W10R,0.0870827292128189
W10S,0.22597613067354794
W10T,0.23106989002258926
W10V,0.1924192321686068
W10W,0.0011801258810166804
W10Y,0.2736219450092158
V11A,0.07219665616658344
V11C,0.21092774410991
V11D,0.5063427446796009
V11E,0.2352600134120142
V11F,0.20982739781838
V11G,0.16442799636325556
V11H,0.397929582592465
V11I,0.20000665083101798
V11K,0.415570741256846
V11L,0.09176432708736348
V11M,0.2770624663273733
V11N,0.5021065808869152
V11P,0.2504026530850143
V11Q,0.3807414134597795
V11R,0.17154939095113875
V11S,0.23080637395506787
V11T,0.1747150097938791
V11V,0.0015829970762079038
V11W,0.154711219099809
V11Y,0.27667603809837393
R12A,0.307631417802679
R12C,0.22879221135141603
R12D,0.6196334968796503
R12E,0.5951939708224655
R12F,0.3167179018918185
R12G,0.333003582241716
R12H,0.23448695559590482
R12I,0.3553848472964275
R12K,0.4932348652258455
R12L,0.21108646887529936
R12M,0.33243802519869914
R12N,0.49389317177377723
R12P,0.49088838520155564
R12Q,0.3345272000719698
R12R,0.0012899103187647976
R12S,0.2935156646760828
R12T,0.2613178123065436
R12V,0.2833509293180315
R12W,0.3063770578309709
R12Y,0.3775945096400055
L13A,0.13444655266770078
L13C,0.2226759733463467
L13D,0.6033384313275695
L13E,0.6054126718106677
L13F,0.1308750651237638
L13G,0.20918935668373673
L13H,0.46714582572061925
L13I,0.1369832592880733
L13K,0.4009511546441432
L13L,0.0013646517538765668
L13M,0.26518166171172286
L13N,0.5153543252304282
L13P,0.21282981948898316
L13Q,0.4227546707283243
L13R,0.23302255849530318
L13S,0.24819623034419214
L13T,0.19092319108855926
L13V,0.08787853549614755
L13W,0.23708619142082765
L13Y,0.3079680875552795
A14A,0.0013977075246884851
A14C,0.19910861100687138
A14D,0.6640499501376602
A14E,0.6534345455274481
A14F,0.15758989618461894
A14G,0.11131118155673092
A14H,0.5659543022133613
A14I,0.23210209583095465
A14K,0.6515848825330957
A14L,0.13483972224913265
A14M,0.2877674425607749
A14N,0.632213729295104
A14P,0.41995521110226686
A14Q,0.5302495697170271
A14R,0.36082894817706035
A14S,0.20427609566363536
A14T,0.14351593059240586
A14V,0.10336342012268407
A14W,0.2694816696107477
A14Y,0.42605966368585946
L15A,0.26991252313680625
L15C,0.25763444778463573
L15D,0.7456097007482513
L15E,0.7458283640925099
L15F,0.29156996892226117
L15G,0.38765735358175857
L15H,0.6653204149040056
L15I,0.3388708343426361
L15K,0.7917171896550697
L15L,0.0011635476796719724
L15M,0.384467269061057
L15N,0.7117856320241672
L15P,0.5396236051109662
L15Q,0.6536142878949551
L15R,0.6202907007015567
L15S,0.34722204242536825
L15T,0.3408178306191507
L15V,0.17776880064555822
L15W,0.4344772336000704
L15Y,0.543223087042817
C16A,0.22764317906224152
C16C,0.0011887446969163218
C16D,0.7594318446404689
C16E,0.7941131838912739
C16F,0.5512714058753315
C16G,0.4282905651595883
C16H,0.7274083707185288
C16I,0.6551267823222765
C16K,0.8123932508090529
C16L,0.5722265426348584
C16M,0.6601728991734317
C16N,0.6290449400429544
C16P,0.7065902549525733
C16Q,0.7438216046844558
C16R,0.6943752175137431
C16S,0.2980753715813911
C16T,0.4172019848071382
C16V,0.5324199878298184
C16W,0.6365273576590235
C16Y,0.6514868129568547
L17A,0.09555633493908855
L17C,0.1876006201155439
L17D,0.6908738925758126
L17E,0.7036555798116262
L17F,0.164724252491801
L17G,0.17166238058713856
L17H,0.6310141505191778
L17I,0.1566779342462482
L17K,0.7437620983013524
L17L,0.0012735032556513426
L17M,0.2762194158482577
L17N,0.6407280510282662
L17P,0.48645943043482776
L17Q,0.6482424185099396
L17R,0.622501375648759
L17S,0.22322659909890885
L17T,0.1999552254716137
L17V,0.07911664729183499
L17W,0.3591956433947898
L17Y,0.48735481751744114
T18A,0.002495972340629371
T18C,0.14246630453822107
T18D,0.5183730494255887
T18E,0.5078682086044213
T18F,0.14419346283813128
T18G,0.15439921932477207
T18H,0.43601575052109276
T18I,0.17069105422556508
T18K,0.5704395383001608
T18L,0.07061865356826935
T18M,0.2060530989726551
T18N,0.48043796937145744
T18P,0.3123857911112552
T18Q,0.39453129455445635
T18R,0.4656116961310989
T18S,0.11027829895270425
T18T,0.0424157007341085
T18V,0.08510119170227759
T18W,0.24365627067054274
T18Y,0.3430135235736931
G19A,0.2799019868059375
G19C,0.5682646502764113
G19D,0.7904389007661525
G19E,0.8053300855727268
G19F,0.7738255272479391
G19G,0.0008926171429649576
G19H,0.8457430525111403
G19I,0.8153061002443593
G19K,0.8934510863392997
G19L,0.7652971966020213
G19M,0.8082894257851059
G19N,0.7817941121108088
G19P,0.8245281451501513
G19Q,0.8458667557096018
G19R,0.7997150960247409
G19S,0.532505964158446
G19T,0.7156204726790767
G19V,0.6937258777542711
G19W,0.7917531573001209
G19Y,0.8291369692709957
L20A,0.18377087627352995
L20C,0.28143833225454173
L20D,0.733603111392802
L20E,0.7283163817789408
L20F,0.11254670050296267
L20G,0.3783101776569171
L20H,0.6649127763727072
L20I,0.156455687686049
L20K,0.7908973103394792
L20L,0.0011528956379436295
L20M,0.29778327097286605
L20N,0.691543087394717
L20P,0.6250881621860397
L20Q,0.6480621033061932
L20R,0.693619660875252
L20S,0.3780877194394131
L20T,0.30393033820066895
L20V,0.15614080790057971
L20W,0.3199179133191038
L20Y,0.49781099739332635
V21A,0.03875974189141118
V21C,0.17087715844031592
V21D,0.6434679070006873
V21E,0.6360206688964815
V21F,0.18254260076530537
V21G,0.07150289108391605
V21H,0.5709851177637343
V21I,0.16095511650049565
V21K,0.7109883967421985
V21L,0.07872092776018424
V21M,0.18007350730889582
V21N,0.622248603331279
V21P,0.4902840100016441
V21Q,0.5519627335061018
V21R,0.5884574395396993
V21S,0.19970921891795224
V21T,0.20074914033989288
V21V,0.002183701595524057
V21W,0.3022780514936003
V21Y,0.35957915550535025
L22A,0.2727430675754361
L22C,0.4267288185997338
L22D,0.7029515629238469
L22E,0.7334353372871696
L22F,0.31030683617059207
L22G,0.5050984631685751
L22H,0.7714903461076124
L22I,0.3104782368457274
L22K,0.8415882521058251
L22L,0.001333216675463822
L22M,0.39517806516706977
L22N,0.7182031316808103
L22P,0.6965607148772112
L22Q,0.7156152077481169
L22R,0.7821546499608645
L22S,0.518812266218137
L22T,0.4721760192068547
L22V,0.19500318468322075
L22W,0.5865552540295764
L22Y,0.5963738507191704
S23A,0.2660500671489572
S23C,0.334953460349557
S23D,0.7527912053247612
S23E,0.8141212551319049
S23F,0.651214521277138
S23G,0.4828716976229438
S23H,0.7756867291405797
S23I,0.7709810800693633
S23K,0.8771496089904931
S23L,0.6905857486638661
S23M,0.7333445606881381
S23N,0.6728750914724959
S23P,0.6727697838896542
S23Q,0.8085984967356195
S23R,0.8173187294437293
S23S,0.0009321668081712087
S23T,0.4888397059808346
S23V,0.6864359287397926
S23W,0.7535918325100713
S23Y,0.7261470131059924
L24A,0.12014443930246232
L24C,0.21535951756855642
L24D,0.6926672871636984
L24E,0.6605177184700712
L24F,0.18328119397245712
L24G,0.2158879878835962
L24H,0.607565818139389
L24I,0.20927189990449457
L24K,0.7498261782065946
L24L,0.0013905332879426968
L24M,0.30267693345139224
L24N,0.6538320889269614
L24P,0.6408480913334212
L24Q,0.6068220709659751
L24R,0.4722307182999552
L24S,0.28665291546321714
L24T,0.2677580792641685
L24V,0.09981483545970149
L24W,0.34488489742006556
L24Y,0.37490453046923533
Y25A,0.6268262527882609
Y25C,0.560594109105253
Y25D,0.7269381318308761
Y25E,0.7720465865016719
Y25F,0.37736823065776925
Y25G,0.6086731580811197
Y25H,0.5246878375778603
Y25I,0.7463261179410808
Y25K,0.8364304801326028
Y25L,0.5737487456834722
Y25M,0.750973160127755
Y25N,0.7375196321066999
Y25P,0.8283371324683368
Y25Q,0.7285381099459353
Y25R,0.7499195363585881
Y25S,0.6395060984242804
Y25T,0.6933776199712623
Y25V,0.6489139978658733
Y25W,0.5237222620463134
Y25Y,0.0009037222000248812
A26A,0.001352677099307642
A26C,0.41833959422236
A26D,0.7610044769140554
A26E,0.7532300257875842
A26F,0.6082980932516058
A26G,0.32531120707831307
A26H,0.7891814485911028
A26I,0.6213410908902454
A26K,0.8397680469323116
A26L,0.5458519398851716
A26M,0.5809107892492854
A26N,0.7398626874600845
A26P,0.7349305395579044
A26Q,0.7385201035511912
A26R,0.7829156953708087
A26S,0.17186125662631768
A26T,0.37333720141681614
A26V,0.4371795663386788
A26W,0.7350229107540662
A26Y,0.7368730308120779
L27A,0.264476611972299
L27C,0.33113334288052376
L27D,0.6486895528096771
L27E,0.610313424199067
L27F,0.11571226270694779
L27G,0.39074490174024545
L27H,0.4577888523065031
L27I,0.31941803004011127
L27K,0.7075875163476015
L27L,0.0013527256744165772
L27M,0.21663238933149853
L27N,0.6280281909543837
L27P,0.7048066523262063
L27Q,0.4782163916394897
L27R,0.4838198764402437
L27S,0.3431540096928747
L27T,0.3368027568338363
L27V,0.26005508822277645
L27W,0.3251673617400861
L27Y,0.19453796071919227
H28A,0.23819254527844058
H28C,0.2790117275309497
H28D,0.4965510665416666
H28E,0.5377949185880592
H28F,0.22494517146897208
H28G,0.3058286313095889
H28H,0.0009622770248034485
H28I,0.3912330423780698
H28K,0.5078764080642946
H28L,0.2869540929966593
H28M,0.4630012899162639
H28N,0.43076802486558896
H28P,0.5762503812197771
H28Q,0.33448559267063493
H28R,0.2886965803515248
H28S,0.2707953709683987
H28T,0.3466869916693278
H28V,0.29475023793746646
H28W,0.22315114497600796
H28Y,0.12359553332036877
V29A,0.4185035969451497
V29C,0.6361452019751271
V29D,0.7044465882987071
V29E,0.6650119292962323
V29F,0.6073439928043294
V29G,0.6356090470595585
V29H,0.7137235288635013
V29I,0.3382677760553461
V29K,0.7607479478466601
V29L,0.4371041293198028
V29M,0.5205769764808215
V29N,0.7372915057343744
V29P,0.7297677464309936
V29Q,0.6937966214956031
V29R,0.6929429952875548
V29S,0.5827299161527817
V29T,0.4378894473785342
V29V,0.0012561859666131436
V29W,0.6753950679980367
V29Y,0.6393982511919766
K30A,0.1277688007850275
K30C,0.2555756579410534
K30D,0.1947173131271681
K30E,0.04638984841376048
K30F,0.26817584910544523
K30G,0.13689143014144833
K30H,0.18280022777558824
K30I,0.3629684494540374
K30K,0.0008648633871993772
K30L,0.19948520336267406
K30M,0.2828236623449667
K30N,0.27492475913011916
K30P,0.3973401641669403
K30Q,0.12384157001843232
K30R,0.14453956754998742
K30S,0.16899162959347847
K30T,0.19403172001754854
K30V,0.230973547344129
K30W,0.2645004256485908
K30Y,0.2327903622283406
A31A,0.0018446829362888106
A31C,0.2648356277003473
A31D,0.3710942209489865
A31E,0.18918507193810652
A31F,0.21364709217489553
A31G,0.22265776879084143
A31H,0.23116743878458412
A31I,0.19717890104353375
A31K,0.2913228274049049
A31L,0.1129240143968504
A31M,0.21449181648358662
A31N,0.31787675450467334
A31P,0.5147252136039991
A31Q,0.23143776069571098
A31R,0.11837406223521663
A31S,0.1561907497327546
A31T,0.12501819340288045
A31V,0.11026626727309918
A31W,0.19874774402414508
A31Y,0.21428131780508686
A32A,0.0013826033544296346
A32C,0.3173071584834022
A32D,0.3218107242217656
A32E,0.10955153338625101
A32F,0.3119647020154501
A32G,0.26520716561435853
A32H,0.300369689256585
A32I,0.32232784307915896
A32K,0.2791420902240682
A32L,0.22805075694861698
A32M,0.27187633351175544
A32N,0.31197007415845157
A32P,0.5840643667157694
A32Q,0.22234781872066045
A32R,0.2189881291094965
A32S,0.10679160574686786
A32T,0.17941280607396448
A32V,0.2046827830015323
A32W,0.33446596664434136
A32Y,0.3466193098765611
R33A,0.16609974099715552
R33C,0.3523943971644595
R33D,0.3806851163057674
R33E,0.32368170429913445
R33F,0.3231307475504688
R33G,0.2350204848669658
R33H,0.14121400158055697
R33I,0.3152693725200668
R33K,0.10649471574779779
R33L,0.21506569139318155
R33M,0.28615610337067554
R33N,0.4020678925968555
R33P,0.5512439178124899
R33Q,0.23503764993287046
R33R,0.0012498196163848174
R33S,0.22694174104935327
R33T,0.19283577056367152
R33V,0.19235467194268985
R33W,0.2977400803586079
R33Y,0.3045519109972705
A34A,0.0012750652803482643
A34C,0.4293048359403825
A34D,0.20193203352366462
A34E,0.08958387282992297
A34F,0.3765394686073996
A34G,0.17115248579024678
A34H,0.2817033822169137
A34I,0.40728414097475485
A34K,0.3160016102384403
A34L,0.20351048881208
A34M,0.3522652056330915
A34N,0.33000093277151976
A34P,0.5344800779493205
A34Q,0.24633150811986515
A34R,0.257666844982151
A34S,0.14780911906957228
A34T,0.195149940157189
A34V,0.28773607519314404
A34W,0.3985342150532487
A34Y,0.3554189739052632
R35A,0.13892914245416077
R35C,0.38048950422101346
R35D,0.395437440841085
R35E,0.31486808909823794
R35F,0.3446312549766771
R35G,0.20760828161879685
R35H,0.25019372575075527
R35I,0.38898601699102964
R35K,0.14368444253553392
R35L,0.22208427291209265
R35M,0.3180056497371261
R35N,0.35189798398877836
R35P,0.48164201402253315
R35Q,0.24523096432332392
R35R,0.0009988634568613985
R35S,0.15618950579144675
R35T,0.21250811506227896
R35V,0.27362439087390433
R35W,0.32560205378377227
R35Y,0.34177062410954584
D36A,0.3197646672171175
D36C,0.507526133453334
D36D,0.0008503726870155992
D36E,0.3041378464704845
D36F,0.5135015275526577
D36G,0.24426904042560316
D36H,0.3385225048029239
D36I,0.5917121795078231
D36K,0.48680018799453406
D36L,0.5113583631800992
D36M,0.6218430083670945
D36N,0.11540206560764976
D36P,0.6210773694408607
D36Q,0.43051014908209406
D36R,0.36635943532548687
D36S,0.1621666828871916
D36T,0.41525124391132096
D36V,0.4755235960155044
D36W,0.5808019513145158
D36Y,0.45370525705615394
R37A,0.07936280480830271
R37C,0.29580349078626056
R37D,0.1978643920902311
R37E,0.09870964348217925
R37F,0.2783068178478849
R37G,0.15747219466538842
R37H,0.18947182411236518
R37I,0.2794725750902728
R37K,0.09420430504841026
R37L,0.19770059729885292
R37M,0.2660018096623842
R37N,0.2564561308012886
R37P,0.04104095953993048
R37Q,0.08701068844627946
R37R,0.0024091806868025145
R37S,0.11916590431061613
R37T,0.15537244777104076
R37V,0.18741530241841653
R37W,0.25913547529477776
R37Y,0.267757253249169
D38A,0.14496297509528255
D38C,0.3527223902966016
D38D,0.0011897938836640254
D38E,0.1256699704114086
D38F,0.3478407675981763
D38G,0.1326611319026062
D38H,0.17962874462138245
D38I,0.45816973044262266
D38K,0.2861556367531809
D38L,0.32804408620644143
D38M,0.4435176186442046
D38N,0.09149710863229976
D38P,0.43762854685389807
D38Q,0.20248352559362137
D38R,0.2415726199891315
D38S,0.14394713113102742
D38T,0.16623184746939423
D38V,0.3128434428112874
D38W,0.36806188315112065
D38Y,0.3079444493985102
Y39A,0.5385733130353291
Y39C,0.6190114640029503
Y39D,0.691964044838814
Y39E,0.7319301198220118
Y39F,0.26278008737784975
Y39G,0.6060268266568044
Y39H,0.3413114367160337
Y39I,0.716836077922115
Y39K,0.7656456231501979
Y39L,0.5938332221092065
Y39M,0.7329375095987949
Y39N,0.7035946728011735
Y39P,0.7117133058264199
Y39Q,0.6825834895072028
Y39R,0.6605802438993433
Y39S,0.5556776567481923
Y39T,0.6265600720838732
Y39V,0.6263314820339769
Y39W,0.5138058761001189
Y39Y,0.000960222167831204
R40A,0.22701326546372003
R40C,0.38105331367680084
R40D,0.42229136848960525
R40E,0.22256275179956697
R40F,0.4256958066173471
R40G,0.3116801388152999
R40H,0.30530196964378165
R40I,0.3263792559116734
R40K,0.12080414328107669
R40L,0.28219033680597294
R40M,0.3528602414737654
R40N,0.44461994234673186
R40P,0.4620121752361087
R40Q,0.2040653801382093
R40R,0.0011239316068845095
R40S,0.24451694967600557
R40T,0.2071739762902267
R40V,0.1861754685878385
R40W,0.4231629102589999
R40Y,0.42941718240058024
A41A,0.0012039988941742186
A41C,0.6151722670140906
A41D,0.6307923615081167
A41E,0.6208062569853575
A41F,0.5877124369089763
A41G,0.4301371601659285
A41H,0.6772962137648191
A41I,0.6265745440365627
A41K,0.7071119301687933
A41L,0.5429859680500362
A41M,0.6305999728848127
A41N,0.7099022526485838
A41P,0.310191650490095
A41Q,0.6706388105996405
A41R,0.6415902865127812
A41S,0.29225853472845453
A41T,0.4613207877563579
A41V,0.41634253944727884
A41W,0.713999058678938
A41Y,0.6662819850638937
L42A,0.17780420455668955
L42C,0.4287443463289451
L42D,0.6017255850151788
L42E,0.5791585290131468
L42F,0.1500910945784536
L42G,0.29757784943518306
L42H,0.4457653155898157
L42I,0.24680812718149858
L42K,0.5680226335115913
L42L,0.0016190214687231697
L42M,0.1035743240302619
L42N,0.569394074115263
L42P,0.3902322546390198
L42Q,0.44868429097145635
L42R,0.402416504830551
L42S,0.2914873914706302
L42T,0.29583629341910833
L42V,0.1427019437389534
L42W,0.2919941007158311
L42Y,0.23994161167123873
C43A,0.7352444533338499
C43C,0.0007740919560458304
C43D,0.856268251774946
C43E,0.8652047054895825
C43F,0.7041037522810962
C43G,0.7340591433537195
C43H,0.832142099611568
C43I,0.8525579733295716
C43K,0.8822897734773029
C43L,0.8019225308410841
C43M,0.8617582855607294
C43N,0.8737258357738816
C43P,0.8502950768546543
C43Q,0.8556099847632257
C43R,0.8145506947198156
C43S,0.7372747167375326
C43T,0.7295245745591572
C43V,0.7815750485823268
C43W,0.7280079125405352
C43Y,0.7556615954772523
D44A,0.4710790914529781
D44C,0.6570161137688356
D44D,0.0008541915119696375
D44E,0.5056387540780991
D44F,0.6868862601737354
D44G,0.3610105594222842
D44H,0.5869742481339987
D44I,0.7602572721096336
D44K,0.7015980931740824
D44L,0.6836415720516258
D44M,0.7455894619721701
D44N,0.46914268820397287
D44P,0.6514298914053251
D44Q,0.6282241973747866
D44R,0.6477161081254365
D44S,0.46216178368031735
D44T,0.5521292968644732
D44V,0.6238292035708977
D44W,0.7605182259630279
D44Y,0.6600884323955497
V45A,0.14542892529634877
V45C,0.3591975772347693
V45D,0.500233557129481
V45E,0.5001630697767137
V45F,0.1834881334939118
V45G,0.3034181032905534
V45H,0.4035776948778558
V45I,0.10972994141866566
V45K,0.49532759108325697
V45L,0.06088843995372584
V45M,0.21487933811041382
V45N,0.5154105943750349
V45P,0.3559359482852711
V45Q,0.41907335169621407
V45R,0.3682732086963807
V45S,0.2868476655432499
V45T,0.24446070837683054
V45V,0.0013873091299808626
V45W,0.2943870356240572
V45Y,0.3289336818831592
G46A,0.22884951604797044
G46C,0.49947356151047817
G46D,0.3211234437677676
G46E,0.465745000688497
G46F,0.47299146483096366
G46G,0.001168722994284721
G46H,0.40790288779879325
G46I,0.5990390051539342
G46K,0.511343421746042
G46L,0.5398791325455515
G46M,0.5891097973776048
G46N,0.26514751974532713
G46P,0.5505319437417514
G46Q,0.47826184513510894
G46R,0.40115041497116954
G46S,0.09858247516355956
G46T,0.3310147233499149
G46V,0.48220081422792815
G46W,0.5688700618463972
G46Y,0.5166695401043435
T47A,0.06492593211176823
T47C,0.29803074797997586
T47D,0.1237491238646593
T47E,0.08132260074367159
T47F,0.2539446902258443
T47G,0.12113202119795674
T47H,0.19897695709522067
T47I,0.2855433207008987
T47K,0.19496376604947263
T47L,0.22418012560194345
T47M,0.2707233754108094
T47N,0.2048769865782455
T47P,0.088825674093987
T47Q,0.17964752407330786
T47R,0.16828905959076368
T47S,0.07658952384653295
T47T,0.0014671311015297395
T47V,0.1841159753129249
T47W,0.27573605644871235
T47Y,0.2721668922613979
A48A,0.0015118955351368646
A48C,0.30788214669595304
A48D,0.2704261783862161
A48E,0.2924460128442059
A48F,0.2124745112273404
A48G,0.17575391336927415
A48H,0.1780343097700401
A48I,0.2969291252049553
A48K,0.22126495677949476
A48L,0.2213603585166517
A48M,0.28156199961273987
A48N,0.2410696145929314
A48P,0.3715817783738373
A48Q,0.23139579109410469
A48R,0.16368236134421
A48S,0.07387796855714013
A48T,0.14661252885863196
A48V,0.18972842776365328
A48W,0.23273126870089333
A48Y,0.21847791716822607
I49A,0.14638878162436342
I49C,0.29899260852407095
I49D,0.45340557083296995
I49E,0.46851682272209616
I49F,0.16879003967919337
I49G,0.27561855813638014
I49H,0.3975560950920354
I49I,0.0011826638277648849
I49K,0.49357145510108125
I49L,0.16436605266920024
I49M,0.18294771335158644
I49N,0.46132749407349893
I49P,0.4510163318481203
I49Q,0.40647315494624614
I49R,0.39693958838223864
I49S,0.22329735285047636
I49T,0.1916329081343342
I49V,0.05981419326089499
I49W,0.24699025514528472
I49Y,0.32364550519556967
S50A,0.3772536884065312
S50C,0.5359317305695332
S50D,0.4296364570666382
S50E,0.6628664399008355
S50F,0.6166074911147137
S50G,0.2640795943498777
S50H,0.5593032617907017
S50I,0.7353844708770547
S50K,0.6030674036623606
S50L,0.6172871428896702
S50M,0.6703429279407473
S50N,0.4116279543807956
S50P,0.5970641533308725
S50Q,0.5294638475153456
S50R,0.4159098303357961
S50S,0.0009460742367334296
S50T,0.3657062292934883
S50V,0.6431771543131293
S50W,0.6442206644952526
S50Y,0.670878126256492
C51A,0.7990984955781228
C51C,0.0007722967579099072
C51D,0.8670705729654806
C51E,0.8845393253173924
C51F,0.8138635540508534
C51G,0.7925502868478074
C51H,0.8523825120766408
C51I,0.8750453385610824
C51K,0.9038971639961757
C51L,0.8384213629148588
C51M,0.8888603243589502
C51N,0.877225806661641
C51P,0.8621385118200058
C51Q,0.8852304669764656
C51R,0.8430798383706896
C51S,0.7597290980657484
C51T,0.8220062893369589
C51V,0.8391782978875268
C51W,0.8020456077533819
C51Y,0.7945918788820501
S52A,0.354400284073108
S52C,0.49541507778496163
S52D,0.48637360433194043
S52E,0.5959866462599736
S52F,0.5585164522876565
S52G,0.23987431046464947
S52H,0.5405260843501299
S52I,0.6885115848524592
S52K,0.6599552438591147
S52L,0.596911172121802
S52M,0.6303083061650017
S52N,0.4776958398999781
S52P,0.6792253933562657
S52Q,0.6059916913806996
S52R,0.5342814371563132
S52S,0.0011503437084805501
S52T,0.20362464390276713
S52V,0.5622104836009971
S52W,0.5939000954023158
S52Y,0.6089966525756919
R53A,0.24021718610549458
R53C,0.46323848581841764
R53D,0.44080809882549843
R53E,0.42581459667540567
R53F,0.4661576207461109
R53G,0.27341728160762335
R53H,0.3213935086797183
R53I,0.5042995093579468
R53K,0.0979841343227843
R53L,0.3867230405994396
R53M,0.45933423102187165
R53N,0.38191615811251933
R53P,0.5445293052151499
R53Q,0.30326129781416944
R53R,0.0011921177847178388
R53S,0.24578043690030904
R53T,0.26424418869392385
R53V,0.3842819333269949
R53W,0.49290422498571096
R53Y,0.4311386141281198
V54A,0.23849984663959511
V54C,0.6076253371919386
V54D,0.7065440798933463
V54E,0.6998169223870989
V54F,0.4851333698437553
V54G,0.6114492759399262
V54H,0.6700979731518362
V54I,0.3940091912538246
V54K,0.7444076368332209
V54L,0.4812761213953147
V54M,0.5773357682242002
V54N,0.6741056334567426
V54P,0.6394586998422901
V54Q,0.7152124777700724
V54R,0.654198778901576
V54S,0.354760213951236
V54T,0.37465964493805237
V54V,0.0009395733843249321
V54W,0.655576944792474
V54Y,0.6297979777942261
F55A,0.48704663604308784
F55C,0.5979770722684432
F55D,0.7867118758790365
F55E,0.790836154597887
F55F,0.0012401855642941717
F55G,0.6649007250225395
F55H,0.6647106190092033
F55I,0.4262254453692772
F55K,0.826746612059777
F55L,0.22743418528851223
F55M,0.4662345021445068
F55N,0.7233211884534412
F55P,0.755106157276751
F55Q,0.6937437756852178
F55R,0.7057463201764096
F55S,0.4744415980481749
F55T,0.5347635278573108
F55V,0.3735826417830447
F55W,0.4742375804586423
F55Y,0.3959118556741872
S56A,0.18510241849912512
S56C,0.37497578058840564
S56D,0.3708381524216853
S56E,0.426140928318648
S56F,0.37116145933758704
S56G,0.16406189394950155
S56H,0.327074885912618
S56I,0.44615429972884624
S56K,0.39540922119618527
S56L,0.3298278042749121
S56M,0.3209079704126221
S56N,0.269110115482752
S56P,0.5837626844549877
S56Q,0.34075066397455644
S56R,0.26786604708661765
S56S,0.001254867763515799
S56T,0.08034837205695466
S56V,0.3607783411172818
S56W,0.4529436109702758
S56Y,0.38324075778842104
S57A,0.47018917361860835
S57C,0.6140736359567415
S57D,0.7249251766318296
S57E,0.7835324623019966
S57F,0.6788005313142489
S57G,0.5368343369013965
S57H,0.6922141531687626
S57I,0.7843355414490706
S57K,0.8046360817486142
S57L,0.718137424323764
S57M,0.7721471533207012
S57N,0.659325037060404
S57P,0.710865040339892
S57Q,0.7764154757835321
S57R,0.7168159936395703
S57S,0.0008838483414665976
S57T,0.449222977535347
S57V,0.7189050320605457
S57W,0.7402872535444043
S57Y,0.7146706935664294
R58A,0.30030660655883934
R58C,0.499485457250605
R58D,0.43539475692003493
R58E,0.3877874167642844
R58F,0.5269430265484861
R58G,0.3681880509209323
R58H,0.31551189171102867
R58I,0.5527584929992573
R58K,0.26707558292932865
R58L,0.48432547135440007
R58M,0.5757530437452755
R58N,0.47608039226123766
R58P,0.19961030506175492
R58Q,0.32371240981096494
R58R,0.001075980684267841
R58S,0.2665836357954048
R58T,0.33539035219133406
R58V,0.3918602056928965
R58W,0.39273200851455203
R58Y,0.4476274370256984
W59A,0.6414818676174286
W59C,0.6461947178009805
W59D,0.8137818216139603
W59E,0.8072460069040642
W59F,0.2886398448069005
W59G,0.6996184278980918
W59H,0.6633676308964884
W59I,0.7414118965426822
W59K,0.8275773232307462
W59L,0.5409761428401824
W59M,0.7379922684736785
W59N,0.8084113993056858
W59P,0.7785336192873332
W59Q,0.7398614428077147
W59R,0.7136456821273574
W59S,0.65762870801687
W59T,0.7319288956050423
W59V,0.6663056771378725
W59W,0.0010769242876639273
W59Y,0.2619926242613936
G60A,0.3821945961388268
G60C,0.6732161459308028
G60D,0.707952585501095
G60E,0.7208817947584016
G60F,0.6983012146975904
G60G,0.0011677418449542731
G60H,0.7392793668530246
G60I,0.7933780561618615
G60K,0.7759227908609146
G60L,0.7407179888562467
G60M,0.7559397765682678
G60N,0.7092927312812902
G60P,0.7812011669448571
G60Q,0.7547180574452931
G60R,0.5651345115876161
G60S,0.254981662589739
G60T,0.6613748367585737
G60V,0.6653635509545451
G60W,0.6681889862063168
G60Y,0.7060006631131901
R61A,0.4017926035164777
R61C,0.5044088904634569
R61D,0.5677486730588573
R61E,0.49704490568015536
R61F,0.5039782043761873
R61G,0.5064470703326635
R61H,0.3161952703990375
R61I,0.4957530656022884
R61K,0.07961518964661674
R61L,0.4460857945730218
R61M,0.45933279703125274
R61N,0.4867907391910973
R61P,0.6192615453576249
R61Q,0.13044176731594237
R61R,0.0019601129416928487
R61S,0.2980623640442728
R61T,0.2611943753696889
R61V,0.360519052819671
R61W,0.43387591576170403
R61Y,0.4158144617528653
G62A,0.49843596209265906
G62C,0.6824550405384623
G62D,0.7095491908928546
G62E,0.7226972000176152
G62F,0.6241452536956399
G62G,0.0012896558913293443
G62H,0.7513058146949323
G62I,0.6998120900833719
G62K,0.7846682827902034
G62L,0.6222464415596138
G62M,0.6996311149126706
G62N,0.7355312065337631
G62P,0.7212332949510672
G62Q,0.7510748073881575
G62R,0.6648930854090518
G62S,0.5631081117248863
G62T,0.6449287296026728
G62V,0.5944328470919984
G62W,0.6241816106651213
G62Y,0.7196647986214928
F63A,0.5502925375477441
F63C,0.615262226573084
F63D,0.7919983858614225
F63E,0.8150291460817511
F63F,0.0009053837755359506
F63G,0.6219367060352706
F63H,0.696988176927748
F63I,0.6106522364318022
F63K,0.8277036459187022
F63L,0.3101581700751276
F63M,0.5393001457238669
F63N,0.77457397631127
F63P,0.7062478437411565
F63Q,0.7634196672195414
F63R,0.7269613908026782
F63S,0.6110870178603066
F63T,0.6456496413763841
F63V,0.546807361333348
F63W,0.44597220814956096
F63Y,0.4035968083799787
G64A,0.42247086121912614
G64C,0.6766432087136326
G64D,0.6504281142872641
G64E,0.7188688899532563
G64F,0.694378922124141
G64G,0.0008989269016250745
G64H,0.6904918270730087
G64I,0.8003189503731168
G64K,0.7558020233070522
G64L,0.7140626683737729
G64M,0.7929935032269146
G64N,0.6960521803618397
G64P,0.70660714484546
G64Q,0.7346529587009496
G64R,0.6032144358703442
G64S,0.49854183717265066
G64T,0.6767293762014265
G64V,0.7017494498459771
G64W,0.6828896882432238
G64Y,0.7338064227199813
L65A,0.41272577486994755
L65C,0.6187292760036117
L65D,0.751663408068509
L65E,0.7409576838992482
L65F,0.2563915141241736
L65G,0.6087477470350262
L65H,0.65331253518595
L65I,0.19586024683597536
L65K,0.6980986449002903
L65L,0.0012699826190744057
L65M,0.3178606592415255
L65N,0.7441575282348892
L65P,0.5916404133489667
L65Q,0.6354693058895796
L65R,0.5232893535569112
L65S,0.5720047727895521
L65T,0.45261155761027605
L65V,0.19821529630265433
L65W,0.4105815787448742
L65Y,0.49677465887350836
V66A,0.24619320665572686
V66C,0.5436390975439078
V66D,0.6875240842806689
V66E,0.6740410966699507
V66F,0.31498728177960644
V66G,0.4533111146291331
V66H,0.622576944948552
V66I,0.2036304923637957
V66K,0.6637319102535358
V66L,0.17218148852761406
V66M,0.2815947346330714
V66N,0.6705688812334234
V66P,0.5278902937314991
V66Q,0.6455947904246476
V66R,0.6005207371207335
V66S,0.45027538245634546
V66T,0.3758907225711492
V66V,0.0015660396830817769
V66W,0.5058822370449747
V66Y,0.5310925487015756
E67A,0.11001578791512734
E67C,0.33773951872133867
E67D,0.18543976646587823
E67E,0.00132518110987212
E67F,0.2924599622109756
E67G,0.14170170984547314
E67H,0.21863607567978804
E67I,0.3934544864192543
E67K,0.2734568317761804
E67L,0.3099265325318109
E67M,0.3601908596042358
E67N,0.25685564140576733
E67P,0.27067064393372253
E67Q,0.13185058864184696
E67R,0.22559480870612414
E67S,0.1759837578969924
E67T,0.22741422196904637
E67V,0.259394876244885
E67W,0.28795606918258687
E67Y,0.2778016692344414
H68A,0.11631393467222251
H68C,0.24208035966558494
H68D,0.20346828728810462
H68E,0.21544230464161274
H68F,0.11879616379443836
H68G,0.14109831461734001
H68H,0.0018664490180316795
H68I,0.2409450501510374
H68K,0.17781380437826722
H68L,0.11116255074463388
H68M,0.20495211418117376
H68N,0.15725097090588602
H68P,0.11852549119036859
H68Q,0.06283014021841515
H68R,0.14706989442427876
H68S,0.11911638484859888
H68T,0.14499776596499958
H68V,0.18189711958482313
H68W,0.16910379823420385
H68Y,0.12563994687881108
V69A,0.21778549404911107
V69C,0.3724430384531138
V69D,0.6346870739070194
V69E,0.6016596988254184
V69F,0.10946883104060778
V69G,0.396169128983448
V69H,0.5197065625913105
V69I,0.13082040719872423
V69K,0.6270083028935405
V69L,0.07973905910453516
V69M,0.14151985139721313
V69N,0.622607651993869
V69P,0.42087076809783563
V69Q,0.5702119570331944
V69R,0.5485096329268632
V69S,0.37012430101608373
V69T,0.30357337786270844
V69V,0.0020553036859123353
V69W,0.27099165062103847
V69Y,0.283967938661685
L70A,0.3096756882109911
L70C,0.42040305298468683
L70D,0.689315762507013
L70E,0.696115952244989
L70F,0.11880283764389521
L70G,0.40329226662859696
L70H,0.6102228013760291
L70I,0.34204561470868955
L70K,0.6964551136879777
L70L,0.0011346985102038687
L70M,0.30797909505297316
L70N,0.7053416046697206
L70P,0.5002772908122732
L70Q,0.6290943187463844
L70R,0.580262428948589
L70S,0.44142202841065215
L70T,0.4127815854848418
L70V,0.16067216942357854
L70W,0.29027709789549316
L70Y,0.37333337625342833
G71A,0.20324074433165673
G71C,0.532672256346109
G71D,0.5268803636321626
G71E,0.550110160045602
G71F,0.5237322618731544
G71G,0.000894447547309829
G71H,0.5381397477782783
G71I,0.6423205136421534
G71K,0.5911205209238793
G71L,0.5231332906064748
G71M,0.5589397568217469
G71N,0.5881531574435581
G71P,0.556625755272983
G71Q,0.5919899272405135
G71R,0.5326987905586554
G71S,0.35979638093988253
G71T,0.39741627043432426
G71V,0.5046540313417145
G71W,0.5631864682444812
G71Y,0.6012620692593571
Q72A,0.06359056699369403
Q72C,0.226646152424826
Q72D,0.18643239706974835
Q72E,0.11684410510394494
Q72F,0.2239009005991679
Q72G,0.15471917385022993
Q72H,0.1682149417026817
Q72I,0.19377401112769221
Q72K,0.06583364032854766
Q72L,0.14769601318158831
Q72M,0.1982644565642777
Q72N,0.20257000508707734
Q72P,0.013361595545305915
Q72Q,0.010899297622142923
Q72R,0.08216448245719588
Q72S,0.09051390492974032
Q72T,0.1457139479535996
Q72V,0.14215629565173948
Q72W,0.16839238770089948
Q72Y,0.21692706629063685
D73A,0.24190776328947128
D73C,0.39127957114916534
D73D,0.0011301921949613547
D73E,0.1777452084743828
D73F,0.39582632298136056
D73G,0.14929353660313416
D73H,0.13664642111136815
D73I,0.49942886882839943
D73K,0.30911216548622555
D73L,0.4100089010096102
D73M,0.46888888554416763
D73N,0.14785948061058785
D73P,0.4511222946922955
D73Q,0.26257924767413654
D73R,0.2967503904783877
D73S,0.207339106679848
D73T,0.27698648165810247
D73V,0.2954931360519131
D73W,0.41616669066122214
D73Y,0.3567814333141447
S74A,0.3624976012503023
S74C,0.4433011285983407
S74D,0.6357194006365632
S74E,0.7022292689218943
S74F,0.5587054094405091
S74G,0.45405979859897216
S74H,0.39656522434012265
S74I,0.6797132116986693
S74K,0.7087600091703513
S74L,0.5884435014842102
S74M,0.6358500803455629
S74N,0.29204588698915723
S74P,0.5762638754885504
S74Q,0.632574204569048
S74R,0.5200641804363794
S74S,0.0013209481060286743
S74T,0.370176997028833
S74V,0.5713675534852014
S74W,0.5972245017455216
S74Y,0.5538419935375021
I75A,0.08221193839387708
I75C,0.2462472897456811
I75D,0.2962690700623023
I75E,0.28293183812760536
I75F,0.13428945875137188
I75G,0.23446475995043448
I75H,0.2583356632119197
I75I,0.0035890550831844115
I75K,0.27880540081158667
I75L,0.11405348739133814
I75M,0.20346048802121408
I75N,0.29794270913872456
I75P,0.1263714454594702
I75Q,0.26650396884198146
I75R,0.2185557206972193
I75S,0.1398705064618111
I75T,0.16578914035300318
I75V,0.022098831724695067
I75W,0.18130685749521513
I75Y,0.23034733337574065
L76A,0.31692597272680023
L76C,0.4641172850808529
L76D,0.7531542783668191
L76E,0.7294418568660431
L76F,0.10649990215970428
L76G,0.5840083457626951
L76H,0.5839947388727045
L76I,0.2707233401220106
L76K,0.7061555546217925
L76L,0.001194222869999706
L76M,0.3156318031168672
L76N,0.7189289721183183
L76P,0.5215073852519896
L76Q,0.6262647931428557
L76R,0.6018028905071763
L76S,0.5439306601896783
L76T,0.4841694709624358
L76V,0.3142594551008808
L76W,0.3779081487985072
L76Y,0.45518016058477406
N77A,0.4400960560690219
N77C,0.37856888681167866
N77D,0.4686459802432067
N77E,0.6205360084073372
N77F,0.48045710306093525
N77G,0.477158718889491
N77H,0.4059567724876667
N77I,0.5894146026477394
N77K,0.5934159377150461
N77L,0.5284116614762362
N77M,0.5266782728274062
N77N,0.0008271488548674544
N77P,0.6799839149753473
N77Q,0.5442269869823835
N77R,0.5403302700569257
N77S,0.28769478731484566
N77T,0.4689433405620216
N77V,0.49995093326066375
N77W,0.5733510787774675
N77Y,0.4184758209688534
Q78A,0.20485915119420184
Q78C,0.30490456091764884
Q78D,0.4237514613576491
Q78E,0.3099760319643894
Q78F,0.2967250864495906
Q78G,0.3008370853522544
Q78H,0.24754359341776444
Q78I,0.25019757476947024
Q78K,0.2898515528127531
Q78L,0.20993912538435366
Q78M,0.2541169594867003
Q78N,0.43407637477109273
Q78P,0.36506985923628754
Q78Q,0.0008530490608034125
Q78R,0.17668516671437828
Q78S,0.22798441618297116
Q78T,0.20847413406609783
Q78V,0.17953691515748815
Q78W,0.2892170693344891
Q78Y,0.3259007647963522
S79A,0.12244016518538314
S79C,0.24317867805931725
S79D,0.3367369975147414
S79E,0.4047658897768829
S79F,0.23713115668321083
S79G,0.201921706499811
S79H,0.21847732238970363
S79I,0.35675015903065854
S79K,0.3916312726803721
S79L,0.22091781095652574
S79M,0.3244059975446507
S79N,0.34392753279620825
S79P,0.03237999086813215
S79Q,0.2931609069519018
S79R,0.27137851354219333
S79S,0.0010773136217385737
S79T,0.2025348072455514
S79V,0.2248848412337584
S79W,0.25960440410770624
S79Y,0.2641720793248774
N80A,0.4999743218001601
N80C,0.4276432851669596
N80D,0.4103692978580922
N80E,0.7086237408687603
N80F,0.5385212633452467
N80G,0.5299365953336117
N80H,0.5362064848765808
N80I,0.49398082418940437
N80K,0.7212145945937436
N80L,0.5741981852986806
N80M,0.6043222603291148
N80N,0.0008574357456982984
N80P,0.7493987187185164
N80Q,0.6969280755981462
N80R,0.671768843146496
N80S,0.31209064819757515
N80T,0.39931376224101667
N80V,0.44912535443812374
N80W,0.6151586027992673
N80Y,0.5377718295433366
S81A,0.17772092130627715
S81C,0.28758120125516495
S81D,0.6533676904969418
S81E,0.6789087197243479
S81F,0.4596111831826122
S81G,0.3421043202737646
S81H,0.6672261324426184
S81I,0.5882381073334546
S81K,0.7768613174427299
S81L,0.5696157208472883
S81M,0.5581760307293764
S81N,0.5829184975071867
S81P,0.48379947206999796
S81Q,0.6701445203945583
S81R,0.6230638562433355
S81S,0.0010213254694347862
S81T,0.34624904786476784
S81V,0.49036899587016003
S81W,0.5970256473889861
S81Y,0.532391492471867
I82A,0.24137875372277517
I82C,0.31799845366092117
I82D,0.6353669162384998
I82E,0.6132795069871424
I82F,0.23087861804147036
I82G,0.33811648025850105
I82H,0.5106483299969661
I82I,0.0013280803262336605
I82K,0.6661847868940854
I82L,0.11755040426237306
I82M,0.28117287437260463
I82N,0.6116502352034929
I82P,0.5698257069737817
I82Q,0.5890479282680328
I82R,0.5693730311679264
I82S,0.38724005455477695
I82T,0.27041948963419293
I82V,0.07377643807411294
I82W,0.3508078809548
I82Y,0.337451630393484
F83A,0.4014739825261633
F83C,0.3789928427002429
F83D,0.760446090393329
F83E,0.7869317604531776
F83F,0.0019166396212757508
F83G,0.5063270272300985
F83H,0.5415030832594192
F83I,0.3868602351201321
F83K,0.813091517730135
F83L,0.214544422178775
F83M,0.4807659838977498
F83N,0.7073843776599895
F83P,0.6291593083432329
F83Q,0.7011377821300186
F83R,0.7389929516953191
F83S,0.4573591893543212
F83T,0.46157243802584247
F83V,0.32515199582838483
F83W,0.3618240643662539
F83Y,0.073031545765609
G84A,0.3872200101107717
G84C,0.5441752238258093
G84D,0.7441746365370085
G84E,0.7757157005146237
G84F,0.6119118388635474
G84G,0.001032972623829842
G84H,0.7919828860437412
G84I,0.7699387056287509
G84K,0.8695437644272219
G84L,0.6900643087568413
G84M,0.7490569510989231
G84N,0.6709768117131787
G84P,0.8027827116818973
G84Q,0.8089324847055055
G84R,0.7618199373620652
G84S,0.459975711726599
G84T,0.6663485739996794
G84V,0.647910370762425
G84W,0.6971817524810313
G84Y,0.6516995364075459
C85A,0.13541068617367902
C85C,0.0015740686754803779
C85D,0.46196954981305827
C85E,0.5206008561294855
C85F,0.13617788884042592
C85G,0.2273969251331428
C85H,0.4058601905851018
C85I,0.044830621060664155
C85K,0.555426366519421
C85L,0.06942669517726396
C85M,0.11506250109872129
C85N,0.39588479416281497
C85P,0.36747111512439745
C85Q,0.42002704953307135
C85R,0.5062759518557939
C85S,0.1925339875415778
C85T,0.14897769332890165
C85V,0.05377200533542992
C85W,0.27627131525630144
C85Y,0.2536877415972897
I86A,0.10210951908063426
I86C,0.2135447693953596
I86D,0.6814179207738359
I86E,0.7167256889614946
I86F,0.16698339860106692
I86G,0.2145787008923573
I86H,0.6108841601109457
I86I,0.0018159454172541611
I86K,0.729167197557919
I86L,0.04359849997685572
I86M,0.1473229920098349
I86N,0.6158173662361217
I86P,0.5756015033833038
I86Q,0.6096908665140882
I86R,0.6784671931397329
I86S,0.25617565626718497
I86T,0.13468834670821594
I86V,0.07359989257240651
I86W,0.3523816640543117
I86Y,0.40514641049208044
F87A,0.4692351183746807
F87C,0.43237551118389006
F87D,0.8093528634473524
F87E,0.8244484011808912
F87F,0.0011560244092312377
F87G,0.559567308241283
F87H,0.6615454610907856
F87I,0.5558286303018053
F87K,0.8672576934536664
F87L,0.41727184735706446
F87M,0.5527600524652266
F87N,0.6679171806105357
F87P,0.7696750439956589
F87Q,0.7584135728051457
F87R,0.8322911482227227
F87S,0.49580462044579376
F87T,0.5433869574337097
F87V,0.4621766177461609
F87W,0.5577029844520534
F87Y,0.2985366299382588
Y88A,0.671683319804756
Y88C,0.5797572743332574
Y88D,0.8192235505722827
Y88E,0.8556166366341089
Y88F,0.2938200973346571
Y88G,0.7426914656121988
Y88H,0.6901205699436049
Y88I,0.7040394382757043
Y88K,0.8499036374852753
Y88L,0.635160819188287
Y88M,0.7232211904827289
Y88N,0.7633993431690042
Y88P,0.8244248152927072
Y88Q,0.8067423406423146
Y88R,0.8496759054679139
Y88S,0.6590892479926336
Y88T,0.7365802871177414
Y88V,0.7015201411011527
Y88W,0.6677895363128408
Y88Y,0.0009698045479297202
T89A,0.11897422487823894
T89C,0.1945703863074415
T89D,0.6263242735485943
T89E,0.6658459678739435
T89F,0.19886064594554487
T89G,0.14588387733579466
T89H,0.5649303547838442
T89I,0.11074076993628279
T89K,0.6949561555315341
T89L,0.10006886860557918
T89M,0.24978454977160003
T89N,0.5165221949328269
T89P,0.4600458587861811
T89Q,0.5815180123632324
T89R,0.6124716315746519
T89S,0.09863056546224824
T89T,0.0015082900634088015
T89V,0.12574557493809402
T89W,0.3642081192692278
T89Y,0.434889656099374
L90A,0.19205491607226488
L90C,0.26512070433630786
L90D,0.7346351682231806
L90E,0.7024008103814274
L90F,0.17424181017827145
L90G,0.27468801350117067
L90H,0.6945584125693186
L90I,0.1621626112005915
L90K,0.7639377072729132
L90L,0.0013068864002766523
L90M,0.25262757832168836
L90N,0.6652516802244322
L90P,0.587642807062462
L90Q,0.377410003002989
L90R,0.6918949423023447
L90S,0.2691709362050889
L90T,0.24759994374270577
L90V,0.17829213438124003
L90W,0.4404593438508406
L90Y,0.4815771078869464
Q91A,0.27450065758229747
Q91C,0.3481225660180074
Q91D,0.5246919654553838
Q91E,0.4152920154202182
Q91F,0.32899113887354114
Q91G,0.3231441986513559
Q91H,0.4164658477458981
Q91I,0.32591123089260576
Q91K,0.677739409961184
Q91L,0.26942368809591366
Q91M,0.2409522860426756
Q91N,0.4870969003701152
Q91P,0.549573287042277
Q91Q,0.001154237699856786
Q91R,0.5716529226010063
Q91S,0.3310941937015244
Q91T,0.3629835770923403
Q91V,0.2819157172682296
Q91W,0.4509735511875461
Q91Y,0.4049709469932111
L92A,0.2067490992374703
L92C,0.3138804013532642
L92D,0.7084906686254638
L92E,0.7182565502889308
L92F,0.17211979160267765
L92G,0.26657102903150165
L92H,0.6187869270178626
L92I,0.20842974976228024
L92K,0.7451280149918755
L92L,0.0011612848567942313
L92M,0.25693887220796163
L92N,0.66177744271333
L92P,0.5708771636483299
L92Q,0.6352117232175293
L92R,0.662869311946503
L92S,0.3974259256643936
L92T,0.24024608962506133
L92V,0.15799856236098697
L92W,0.3449594783334513
L92Y,0.3925125617541001
L93A,0.10541316116638821
L93C,0.23914900319433874
L93D,0.6691904708213097
L93E,0.6825191351890149
L93F,0.16651637121770535
L93G,0.1701429295242658
L93H,0.5843900615047698
L93I,0.198410250611202
L93K,0.6629177427129703
L93L,0.001122668626873824
L93M,0.2935043751577815
L93N,0.6098497471441559
L93P,0.4222433571313491
L93Q,0.5944002232138232
L93R,0.5583394602954319
L93S,0.20490140053475203
L93T,0.23155353954226665
L93V,0.09285032440859164
L93W,0.33071518452316084
L93Y,0.3799960690183599
L94A,0.3767744464171763
L94C,0.3716500870568773
L94D,0.7475905084650752
L94E,0.7431759336446018
L94F,0.21375565281954556
L94G,0.5282750567790755
L94H,0.6548588058189997
L94I,0.4271029438374224
L94K,0.7498169710356031
L94L,0.0012423289281828787
L94M,0.3473601202439055
L94N,0.7148701828250029
L94P,0.5512694367975746
L94Q,0.6166628818881263
L94R,0.6397537411533203
L94S,0.4568393921975049
L94T,0.4206243790594286
L94V,0.36606250948136854
L94W,0.4821939429173807
L94Y,0.49921539273354154
G95A,0.18669020101542133
G95C,0.35983160825112437
G95D,0.5684525053988374
G95E,0.6633201338951474
G95F,0.49857096114288535
G95G,0.0009937666298267533
G95H,0.6531577741141904
G95I,0.6047922937342637
G95K,0.7288948817473901
G95L,0.5118239654637226
G95M,0.608126912156201
G95N,0.5848435527189131
G95P,0.5783865862529834
G95Q,0.6675475221597847
G95R,0.5943542153988031
G95S,0.2687610767314349
G95T,0.44540900544837925
G95V,0.35652571264223587
G95W,0.5201947064802941
G95Y,0.586826517460083
C96A,0.17136240363648914
C96C,0.001566632511513788
C96D,0.496634791690862
C96E,0.5101980724400783
C96F,0.10853713335087445
C96G,0.15849072333330272
C96H,0.3560050590465711
C96I,0.208093833231892
C96K,0.5095818857551505
C96L,0.1708021160788682
C96M,0.22735393448852426
C96N,0.43783428685454273
C96P,0.39969874106990355
C96Q,0.34542897132347306
C96R,0.3748225793337744
C96S,0.17210849773953962
C96T,0.1980485148470329
C96V,0.20266151120739995
C96W,0.1955972663182758
C96Y,0.25341578020726596
L97A,0.16087064913943794
L97C,0.21977191663809603
L97D,0.4096223875520283
L97E,0.4441090060735352
L97F,0.1858306620689918
L97G,0.25288894332839595
L97H,0.3168747789302795
L97I,0.23708079256628511
L97K,0.4023589945113697
L97L,0.0014018233309153194
L97M,0.22320319755572626
L97N,0.36761828859501455
L97P,0.29477774866279627
L97Q,0.21314938116465698
L97R,0.22723103605983075
L97S,0.12050213941411914
L97T,0.16162216954317066
L97V,0.14912093610111232
L97W,0.21347040992482302
L97Y,0.2071671445547828
R98A,0.11227098539064218
R98C,0.19730894825854395
R98D,0.21190609167474983
R98E,0.22945186166903564
R98F,0.19982518563006424
R98G,0.13888914250116324
R98H,0.11812425195009857
R98I,0.28196092787101756
R98K,0.18123408402002428
R98L,0.19737415854500573
R98M,0.23462507449394665
R98N,0.16840322683712539
R98P,0.12221541405428638
R98Q,0.07755620956776765
R98R,0.0014552176284189366
R98S,0.09020742203958998
R98T,0.1427859761484086
R98V,0.17722801528447418
R98W,0.19920454486855754
R98Y,0.21161127496142407
T99A,0.07063650939183486
T99C,0.1646079354373884
T99D,0.2089807009155662
T99E,0.24346558035474786
T99F,0.19208805017463637
T99G,0.036553494923182606
T99H,0.207795682929239
T99I,0.27481357120109273
T99K,0.29371707952999204
T99L,0.1524762520764995
T99M,0.21168111614536989
T99N,0.2255462211597301
T99P,0.24292985784457277
T99Q,0.19340766896933737
T99R,0.1906014218192441
T99S,0.05834848703761519
T99T,0.007525540043842094
T99V,0.1387805839180627
T99W,0.20336411705244328
T99Y,0.21446585376120253
R100A,0.1262950850608323
R100C,0.2704055632368043
R100D,0.3308352575301752
R100E,0.32385839843884123
R100F,0.24064567646576918
R100G,0.14507773367213628
R100H,0.14490775119534172
R100I,0.30588264539036114
R100K,0.2018562448084491
R100L,0.21201570270280412
R100M,0.30574500956851447
R100N,0.3123013728404216
R100P,0.09994749568569161
R100Q,0.1493062786947149
R100R,0.0010102588446698757
R100S,0.12760961809604454
R100T,0.16827241288231476
R100V,0.201241749596626
R100W,0.22427671418874662
R100Y,0.24218675922830502
W101A,0.1427143875935981
W101C,0.23307448670301278
W101D,0.4245132402687354
W101E,0.44185656216641234
W101F,0.21485966052604788
W101G,0.18144218252255517
W101H,0.35477644399798103
W101I,0.2430951824696116
W101K,0.33930580831583446
W101L,0.14917974850957605
W101M,0.24025245672814644
W101N,0.39424611839899026
W101P,0.2734003342306506
W101Q,0.2655472861335382
W101R,0.13482041710131
W101S,0.2107407478392026
W101T,0.1924562355515288
W101V,0.16651692943054341
W101W,0.0008690353459550604
W101Y,0.25329558973291166
A102A,0.0013490244618752367
A102C,0.3701552331789666
A102D,0.681611221672345
A102E,0.6888518614059399
A102F,0.43223492125023744
A102G,0.323474663086999
A102H,0.6128660557565111
A102I,0.4350813648950269
A102K,0.7029163070350841
A102L,0.4177726262573276
A102M,0.47517459168390486
A102N,0.6242911699868922
A102P,0.5055159861758237
A102Q,0.6458874069024565
A102R,0.5815449901456068
A102S,0.21843877447562765
A102T,0.21169001466858783
A102V,0.16343476656752054
A102W,0.5123217677402463
A102Y,0.49204814993835266
S103A,0.07081816972602284
S103C,0.18410981648950708
S103D,0.30356725991937206
S103E,0.31939966518041873
S103F,0.1786470612842017
S103G,0.15516828220244694
S103H,0.2605497036574692
S103I,0.2582998340602828
S103K,0.29257847564831496
S103L,0.1901051466093786
S103M,0.21768291626926595
S103N,0.28583907298712297
S103P,0.26364272302486413
S103Q,0.2665281004748383
S103R,0.1991781619234534
S103S,0.0015253899050025055
S103T,0.16619753952888128
S103V,0.10805355802462946
S103W,0.21971326217176357
S103Y,0.2409227769684068
V104A,0.11636945786791963
V104C,0.22578049559299296
V104D,0.37751062068236574
V104E,0.49387921744537266
V104F,0.18534005212077975
V104G,0.2208741080456964
V104H,0.3292356061483298
V104I,0.02658922361155458
V104K,0.3626160264940411
V104L,0.07118728893903903
V104M,0.20236036459495776
V104N,0.3880356930666432
V104P,0.3754529793718533
V104Q,0.34095778161040846
V104R,0.21409354225690813
V104S,0.23677135305798414
V104T,0.1282466303902432
V104V,0.005322044298899931
V104W,0.1625609005857468
V104Y,0.20435446493695664
L105A,0.17837110145346835
L105C,0.2566017998596518
L105D,0.6736030032169141
L105E,0.6685768545610763
L105F,0.13481674785637465
L105G,0.30913440603331177
L105H,0.5074742026473208
L105I,0.18619414230151476
L105K,0.6514160049827785
L105L,0.0013898520631687727
L105M,0.24209843081107807
L105N,0.6059984319516449
L105P,0.4818538874744078
L105Q,0.49012119993701586
L105R,0.5487181079059269
L105S,0.29984872337035107
L105T,0.1963976388800962
L105V,0.11522471916475308
L105W,0.29397017798087366
L105Y,0.32801300290461544
M106A,0.15035670314388727
M106C,0.1621351522133183
M106D,0.49897149600578294
M106E,0.4499970347036163
M106F,0.15022805230962377
M106G,0.2277452201243515
M106H,0.3049040147428035
M106I,0.17448728415750236
M106K,0.5370662448331011
M106L,0.0010939050091007818
M106M,0.05457684256253281
M106N,0.34194979599645703
M106P,0.3661832554947353
M106Q,0.2266540746209753
M106R,0.32807353951906537
M106S,0.1571773397432482
M106T,0.18358291754122846
M106V,0.11175234323366356
M106W,0.24826511545755425
M106Y,0.23087802450130968
L107A,0.1674629567744237
L107C,0.2874164959949026
L107D,0.6179447019197568
L107E,0.6073755236527838
L107F,0.1617856871923744
L107G,0.24952921209248236
L107H,0.5359552228205244
L107I,0.17106738122519327
L107K,0.5833269574586971
L107L,0.0064073855370164745
L107M,0.13262302363511191
L107N,0.5516141412864791
L107P,0.5672358472426504
L107Q,0.49784025454556513
L107R,0.2788881124217829
L107S,0.3372617558186787
L107T,0.2678545559318518
L107V,0.026390920856344424
L107W,0.32266508797251825
L107Y,0.3389522741656379
L108A,0.1227955129339321
L108C,0.20300250694640776
L108D,0.619738967750217
L108E,0.6124105055162514
L108F,0.13485435026650838
L108G,0.1876417049980219
L108H,0.5201162222726508
L108I,0.18725220514827645
L108K,0.6418671682872894
L108L,0.001280265503951994
L108M,0.2598504385541569
L108N,0.5193487801678185
L108P,0.4921584163368766
L108Q,0.5231567059767911
L108R,0.5443840244900924
L108S,0.22973040747681206
L108T,0.1280266927263115
L108V,0.13852153349025387
L108W,0.2702742141134805
L108Y,0.33457920007279185
S109A,0.18909504054363635
S109C,0.19512215047530934
S109D,0.5637611148178897
S109E,0.6500167323579107
S109F,0.26443132011586734
S109G,0.2005608779832404
S109H,0.5776535512747534
S109I,0.31397081414057004
S109K,0.73720036924633
S109L,0.2128050118146254
S109M,0.28494634879375313
S109N,0.3964284284304058
S109P,0.5562077237931193
S109Q,0.5296115522313423
S109R,0.6850816443030936
S109S,0.0013920389083852402
S109T,0.11004919788307421
S109V,0.2558172109256104
S109W,0.39671193400447613
S109Y,0.4754859752700682
S110A,0.19237095924010816
S110C,0.1764332253028258
S110D,0.6581774947924028
S110E,0.7164159382924948
S110F,0.4387714838144723
S110G,0.320944651680254
S110H,0.6474226710124287
S110I,0.5273983201166008
S110K,0.8155150532981539
S110L,0.47510311464505806
S110M,0.4734974726191824
S110N,0.4055876163286488
S110P,0.7018000118970253
S110Q,0.653106379739602
S110R,0.7515850310200427
S110S,0.0011252937088738202
S110T,0.26799931636129304
S110V,0.41539706381843566
S110W,0.5479337784929029
S110Y,0.5671961686623342
L111A,0.1878022213565702
L111C,0.2164393488920534
L111D,0.6479118398838406
L111E,0.6379346691962868
L111F,0.2094316063317928
L111G,0.25429956855427305
L111H,0.5766987380727702
L111I,0.1186806770881097
L111K,0.6947309987709259
L111L,0.0012114722927071275
L111M,0.20770663824856694
L111N,0.5681366055846089
L111P,0.5426825230944485
L111Q,0.5582107304719768
L111R,0.6137385069111275
L111S,0.274283671087032
L111T,0.24202034736867695
L111V,0.09897610719782546
L111W,0.18053570541460218
L111Y,0.3955498521175943
V112A,0.10681572682026397
V112C,0.19906226296724083
V112D,0.6986278537667189
V112E,0.7006224947994462
V112F,0.19597197200112715
V112G,0.22760692429989704
V112H,0.6539183800288433
V112I,0.18979758877834352
V112K,0.7690382896957374
V112L,0.07574967384323195
V112M,0.17282141744308765
V112N,0.6380563924233222
V112P,0.483566631205788
V112Q,0.6521299325542297
V112R,0.7125955148237816
V112S,0.24319356123081337
V112T,0.21682907483065295
V112V,0.0014851239323625531
V112W,0.39313866047173307
V112Y,0.4658439451991645
S113A,0.19070746003519046
S113C,0.3038687257519189
S113D,0.7073000361058343
S113E,0.8052026072369357
S113F,0.4808643573023039
S113G,0.3123691996677568
S113H,0.7405032377795003
S113I,0.6672702718324083
S113K,0.8521744245950309
S113L,0.5386873601694082
S113M,0.5631749487990526
S113N,0.563471797914519
S113P,0.6536875896162209
S113Q,0.7529894596871206
S113R,0.8085581800823541
S113S,0.001208071589587023
S113T,0.4219866058608812
S113V,0.5920383631790017
S113W,0.6591369349213468
S113Y,0.6579319648008151
L114A,0.18593781931978515
L114C,0.2017683950895084
L114D,0.599620496525208
L114E,0.5943542796708736
L114F,0.13738370671710598
L114G,0.3134914594723679
L114H,0.6025349085889523
L114I,0.09518235695486987
L114K,0.7167800183922222
L114L,0.0014977585588354936
L114M,0.19387754007997027
L114N,0.418641358322834
L114P,0.5948188088555058
L114Q,0.5607503232266999
L114R,0.7169611805255991
L114S,0.2780203583388676
L114T,0.19068676986079647
L114V,0.05559246194871115
L114W,0.36106216510798295
L114Y,0.4321816548878381
A115A,0.0014140421696813288
A115C,0.2576425431978462
A115D,0.7492579966031269
A115E,0.723061907449085
A115F,0.20293940102575836
A115G,0.20417221827357124
A115H,0.7267810843925181
A115I,0.15397815975925544
A115K,0.7939818612972872
A115L,0.11677399332943339
A115M,0.24021384515071242
A115N,0.7278228691439228
A115P,0.5259291823039727
A115Q,0.6986552840423799
A115R,0.7478681932838525
A115S,0.3012291592930948
A115T,0.21211698046127336
A115V,0.09753509430772067
A115W,0.44322024593212894
A115Y,0.5496843502879775
G116A,0.1916384141457913
G116C,0.31632616670902125
G116D,0.6605259671589185
G116E,0.663078714145724
G116F,0.4008800345646921
G116G,0.001338948386053418
G116H,0.6942181026398996
G116I,0.4578572711766469
G116K,0.798482179529024
G116L,0.37195713562244226
G116M,0.4270265820507424
G116N,0.6562879812423559
G116P,0.7192444424829263
G116Q,0.686721525403419
G116R,0.6784615695043078
G116S,0.3038463369862685
G116T,0.3856282319596712
G116V,0.3226815202764314
G116W,0.5263702346717197
G116Y,0.5191886763806411
S117A,0.2660948820101565
S117C,0.28341185760917953
S117D,0.7060384948085235
S117E,0.7556303354270049
S117F,0.6190796230498037
S117G,0.41168296999260356
S117H,0.7710462692446277
S117I,0.6215546727373674
S117K,0.8669518258867424
S117L,0.6322613598562524
S117M,0.5898799575606566
S117N,0.6493161962445143
S117P,0.7199826257796844
S117Q,0.7678585354922995
S117R,0.8365388400786549
S117S,0.0009963234786198871
S117T,0.37190228717102825
S117V,0.4811662493264127
S117W,0.7411935883676366
S117Y,0.7139688025149855
V118A,0.13132347521588095
V118C,0.23279162850712087
V118D,0.7276038693254729
V118E,0.7082511551197264
V118F,0.16461321138878215
V118G,0.2544790554648946
V118H,0.6018988205671504
V118I,0.09238300205256744
V118K,0.79100504103413
V118L,0.06530785958611762
V118M,0.26704074450242155
V118N,0.6864768704176996
V118P,0.6084781014471948
V118Q,0.6572182921546635
V118R,0.7103174364124031
V118S,0.3161408227421787
V118T,0.27411300304514796
V118V,0.001705773758143847
V118W,0.39164124671689726
V118Y,0.43668905203643293
Y119A,0.5775286501306227
Y119C,0.48912818683075243
Y119D,0.7974918805408409
Y119E,0.8150870259622514
Y119F,0.3022052133825247
Y119G,0.6142324860856665
Y119H,0.5988394644846919
Y119I,0.6514907000805242
Y119K,0.8387826281477606
Y119L,0.5035592847000976
Y119M,0.7019637359246611
Y119N,0.7788819631096451
Y119P,0.8158575386189033
Y119Q,0.7489166782563452
Y119R,0.7254953953049824
Y119S,0.6379438075190396
Y119T,0.663865373537557
Y119V,0.5434437643609482
Y119W,0.36415977628839646
Y119Y,0.0009015203634301638
L120A,0.5242640030793702
L120C,0.5991649158701031
L120D,0.8358717492286065
L120E,0.7832158351831084
L120F,0.32335800179509666
L120G,0.6297798367702656
L120H,0.7513119636996655
L120I,0.5397138231576925
L120K,0.8446811794074884
L120L,0.001001032008577818
L120M,0.3422295625631442
L120N,0.7722840915304
L120P,0.7882830339209381
L120Q,0.6787762576767381
L120R,0.8001729178257126
L120S,0.5413613093597897
L120T,0.5745018971837285
L120V,0.4995884318416094
L120W,0.676363842603232
L120Y,0.5937124111493205
A121A,0.00131032275140619
A121C,0.34678211357890354
A121D,0.7400766322539434
A121E,0.7320628871947907
A121F,0.3381181662820938
A121G,0.15050170254081385
A121H,0.723456993384756
A121I,0.4231873172487217
A121K,0.7886925173823219
A121L,0.31427493591708255
A121M,0.3815452660719739
A121N,0.6925358560472714
A121P,0.7250621760704133
A121Q,0.7051643110389588
A121R,0.7270175181386411
A121S,0.22128279403502926
A121T,0.2610697377539404
A121V,0.3369319030570467
A121W,0.5184761313384982
A121Y,0.5458135908444423
W122A,0.1740213940231039
W122C,0.15460567217281673
W122D,0.5420371412206964
W122E,0.6223003242318381
W122F,0.13503883759276447
W122G,0.20460959342079088
W122H,0.2956760839891518
W122I,0.3127156216326339
W122K,0.5910778518045375
W122L,0.2327904094721427
W122M,0.39804229547941405
W122N,0.4863883233380484
W122P,0.6747094357893726
W122Q,0.4828033117445214
W122R,0.38755129656840737
W122S,0.1804449498769024
W122T,0.28634683035375175
W122V,0.2347500625481922
W122W,0.0012731468481043118
W122Y,0.06313755927587861
I123A,0.36507559304209036
I123C,0.4712238050811681
I123D,0.7428734281160989
I123E,0.6492160286031194
I123F,0.39204430123528955
I123G,0.5822233110088502
I123H,0.6373819187139079
I123I,0.0011227289576452026
I123K,0.6290512768812018
I123L,0.20118651231200002
I123M,0.31730390486136995
I123N,0.6177948113821965
I123P,0.7565944113322141
I123Q,0.5217630163628382
I123R,0.5804282815660157
I123S,0.5180303142644241
I123T,0.38168590897535526
I123V,0.13015260930757666
I123W,0.5730381444203367
I123Y,0.45983302776152746
L124A,0.4641859534203818
L124C,0.50195153387602
L124D,0.7992689312004111
L124E,0.6477044414360762
L124F,0.5021500999092676
L124G,0.6357757778501941
L124H,0.7104482555274603
L124I,0.4983736526398833
L124K,0.7910958325804287
L124L,0.0013016831913548188
L124M,0.3279985602896527
L124N,0.7413729126142428
L124P,0.7567599591322552
L124Q,0.4954734222645534
L124R,0.7323813376572024
L124S,0.40945809735808125
L124T,0.5113374194306134
L124V,0.49234846430322876
L124W,0.675633337936173
L124Y,0.6698464101131433
F125A,0.21243045720867948
F125C,0.30826929506285494
F125D,0.6360234243561793
F125E,0.665926611678396
F125F,0.00130746878233301
F125G,0.41837707376175626
F125H,0.4105445203838184
F125I,0.36942931955129477
F125K,0.5992193344357765
F125L,0.15041921282947224
F125M,0.3953205813598525
F125N,0.5948072927266924
F125P,0.6451980485145259
F125Q,0.5826918775903951
F125R,0.5093383327550935
F125S,0.32158431141316957
F125T,0.3353532670373367
F125V,0.21534316281178822
F125W,0.3108273586949174
F125Y,0.10004105679584963
F126A,0.42737958694451883
F126C,0.5196542684836577
F126D,0.7338429524653389
F126E,0.7291051438736318
F126F,0.000986284313347019
F126G,0.483627517185643
F126H,0.5986283730905568
F126I,0.5465975654099846
F126K,0.676823563088965
F126L,0.4124886296456006
F126M,0.5814179463583524
F126N,0.6696014898258662
F126P,0.7719413645618856
F126Q,0.6668250666342371
F126R,0.5173937755796452
F126S,0.4911268082768927
F126T,0.46583049262441756
F126V,0.4086425099403522
F126W,0.5053491606486249
F126Y,0.2321291162206921
V127A,0.34992431143601177
V127C,0.6138045521009963
V127D,0.6620940050528193
V127E,0.5020270924222132
V127F,0.5132534746967464
V127G,0.57634662281944
V127H,0.6480440307386011
V127I,0.16151423304681178
V127K,0.5165860436582003
V127L,0.3948415776095381
V127M,0.4649021231131576
V127N,0.679388861160801
V127P,0.7278890878272105
V127Q,0.5755758009530471
V127R,0.5126957399808025
V127S,0.4897509474775058
V127T,0.40034359400976605
V127V,0.0010724179410319667
V127W,0.6318797059036934
V127Y,0.5608192403352709
L128A,0.6168875328835008
L128C,0.694675667085025
L128D,0.8184570363318641
L128E,0.7736359621896612
L128F,0.44689644229300207
L128G,0.7525870879366727
L128H,0.7254088967934935
L128I,0.4044679771843296
L128K,0.8056749989665111
L128L,0.0011900216007072473
L128M,0.4789876352082064
L128N,0.805372237824731
L128P,0.7550805118356316
L128Q,0.7097493768424548
L128R,0.7506414320294933
L128S,0.6999451478701249
L128T,0.6591651995710877
L128V,0.4698970121310626
L128W,0.6849387081947158
L128Y,0.6259885864073531
Y129A,0.21788941646095072
Y129C,0.27225963473411263
Y129D,0.24644442345508266
Y129E,0.16827402088344745
Y129F,0.17858767995680347
Y129G,0.16404482142262133
Y129H,0.07935841287797007
Y129I,0.44537086117853075
Y129K,0.10695151525909607
Y129L,0.27009156682394353
Y129M,0.32128569869462686
Y129N,0.1815830121707458
Y129P,0.5296906518925324
Y129Q,0.1896811665249073
Y129R,0.15525117988073
Y129S,0.20227958097847853
Y129T,0.3112087327241211
Y129V,0.29880422829449016
Y129W,0.19413769154586635
Y129Y,0.001540711545550244
D130A,0.3977732959060608
D130C,0.598763906866119
D130D,0.0010864854154523096
D130E,0.2333722332959165
D130F,0.5993803873321599
D130G,0.4558963648444859
D130H,0.4799096397582626
D130I,0.6504667858108415
D130K,0.5822087623702694
D130L,0.6344786883473754
D130M,0.6722776459965687
D130N,0.2839372466636392
D130P,0.7021657391110514
D130Q,0.4890788196150415
D130R,0.5680181915229898
D130S,0.38178948739262597
D130T,0.4693770763517878
D130V,0.47302985851559454
D130W,0.6498901708728312
D130Y,0.4970643555570312
F131A,0.43731166080240746
F131C,0.4405482435440916
F131D,0.7966393493365216
F131E,0.8032878345354392
F131F,0.0011996143589305674
F131G,0.6337114178304845
F131H,0.6758479484448737
F131I,0.3098556337308894
F131K,0.799500871693446
F131L,0.12539240448821243
F131M,0.4401096072166788
F131N,0.7425922115105208
F131P,0.7049661027611207
F131Q,0.7370667276996054
F131R,0.7347438744543485
F131S,0.5695384819805065
F131T,0.4974084181753491
F131V,0.3040472334801483
F131W,0.35890748695408003
F131Y,0.3436286986713315
C132A,0.8334548246355143
C132C,0.0007664101249114097
C132D,0.848684172809237
C132E,0.8868495304867502
C132F,0.8067768158172208
C132G,0.7924814401699567
C132H,0.8333300566100824
C132I,0.8941257136944669
C132K,0.8822935905118329
C132L,0.8442513562073057
C132M,0.8959189053645094
C132N,0.8711871125743772
C132P,0.8857377570049925
C132Q,0.8672319009789755
C132R,0.8102165084173694
C132S,0.7674252621709063
C132T,0.857093415110914
C132V,0.8646195100985077
C132W,0.7896739416179619
C132Y,0.7781075691501982
I133A,0.2428987501164761
I133C,0.3830972296085582
I133D,0.6491470056049222
I133E,0.595362576470557
I133F,0.13068708636137616
I133G,0.397387134814726
I133H,0.5704799736306783
I133I,0.0018587324931995663
I133K,0.5580582917577125
I133L,0.08118106257866697
I133M,0.17790332023168887
I133N,0.5916654175194229
I133P,0.3805147231734305
I133Q,0.5051586440812539
I133R,0.5018031553880185
I133S,0.3854831252268298
I133T,0.28623834641607837
I133V,0.0742562519630473
I133W,0.34544400708525713
I133Y,0.34495942390461753
V134A,0.37036171709227605
V134C,0.47211526083822686
V134D,0.7774183999691413
V134E,0.7749107661165929
V134F,0.40714912369894385
V134G,0.5503714902186119
V134H,0.7719726472362478
V134I,0.1064747482128785
V134K,0.825793549699108
V134L,0.24631095482503218
V134M,0.40650027531737065
V134N,0.7492174784917135
V134P,0.6292097995442585
V134Q,0.7870563861890325
V134R,0.7943483102470125
V134S,0.5150400542026441
V134T,0.4128267603420548
V134V,0.0013990219796129466
V134W,0.48039754914479993
V134Y,0.5031783360371214
C135A,0.7995027228067749
C135C,0.0007664232523065806
C135D,0.7816673777259756
C135E,0.8597193803948409
C135F,0.7877498812243073
C135G,0.751663904738638
C135H,0.8392416798366187
C135I,0.8583464177251137
C135K,0.8950700625084401
C135L,0.8128083966038566
C135M,0.8628724065446902
C135N,0.8614452661568496
C135P,0.8812148096529887
C135Q,0.8718115379447978
C135R,0.80750249040239
C135S,0.7231938108966711
C135T,0.8149077946328116
C135V,0.8052030854720104
C135W,0.7918586474364686
C135Y,0.748073944522814
I136A,0.26761645271627255
I136C,0.3161588548528307
I136D,0.7313878087334943
I136E,0.6594604523717333
I136F,0.2986572726144251
I136G,0.43449763386802975
I136H,0.693676681982225
I136I,0.0013056973196798882
I136K,0.7235599272528187
I136L,0.1549043811323818
I136M,0.24819180525289397
I136N,0.6702431331192342
I136P,0.7105557308135728
I136Q,0.6570468485699703
I136R,0.7124901299446569
I136S,0.4236539006046913
I136T,0.27430791729108717
I136V,0.07220185298085902
I136W,0.4685217902679726
I136Y,0.455195752031748
T137A,0.165180714604651
T137C,0.23538376868354816
T137D,0.6747473803347193
T137E,0.7301139978615677
T137F,0.22336420584557137
T137G,0.2611084713108346
T137H,0.6999961055159034
T137I,0.23485435595036963
T137K,0.7803942937104524
T137L,0.23736681929417003
T137M,0.33138744700208345
T137N,0.6091859014592373
T137P,0.6441283866748413
T137Q,0.7208858014834706
T137R,0.6922807139516759
T137S,0.09489291354146301
T137T,0.0012300115587592364
T137V,0.19829886127794638
T137W,0.45918017155784374
T137Y,0.5017629147271077
T138A,0.28763260569382676
T138C,0.39003171818025806
T138D,0.7343792751444471
T138E,0.77554712174691
T138F,0.5283456020541613
T138G,0.5230608191680977
T138H,0.7501062423778293
T138I,0.3660250024444639
T138K,0.8269668250385515
T138L,0.43057485027362474
T138M,0.37649390515040315
T138N,0.5751671004545427
T138P,0.7825581570809322
T138Q,0.7226114341726637
T138R,0.7829879821544651
T138S,0.19787750190097753
T138T,0.0011131268840728348
T138V,0.30529558009357094
T138W,0.7348273386722833
T138Y,0.6519441163275295
Y139A,0.5276693517218314
Y139C,0.5361883676205936
Y139D,0.7227352292088357
Y139E,0.7847482161220329
Y139F,0.34725952543368843
Y139G,0.6796583286716965
Y139H,0.4373271281696788
Y139I,0.6757580284446996
Y139K,0.8391380867542411
Y139L,0.6377795785611478
Y139M,0.6445748221171537
Y139N,0.695130157763667
Y139P,0.8581090353315239
Y139Q,0.7093068683285189
Y139R,0.809426243775265
Y139S,0.5785398976196642
Y139T,0.6309084851199384
Y139V,0.6373284036769042
Y139W,0.5364007895970191
Y139Y,0.0010707572704637958
A140A,0.0011562159161557783
A140C,0.21772264498487015
A140D,0.6973241730179057
A140E,0.6849690255055016
A140F,0.19154546540945494
A140G,0.1887039266821292
A140H,0.6789349471712491
A140I,0.11932536528016813
A140K,0.740259703799627
A140L,0.08544955841619173
A140M,0.26118909421203074
A140N,0.6513864390504922
A140P,0.594774747244667
A140Q,0.6795076866134308
A140R,0.699622086080951
A140S,0.2450824348348789
A140T,0.20997634012065713
A140V,0.08148501265082486
A140W,0.41095777783469134
A140Y,0.45935452971422974
I141A,0.3143520969990202
I141C,0.33612082679444444
I141D,0.7503275934141486
I141E,0.7400873199828358
I141F,0.3007288471316574
I141G,0.4601874376778975
I141H,0.7292569987948776
I141I,0.0012496489461618632
I141K,0.7911994902484331
I141L,0.08614415383696694
I141M,0.3092858509892966
I141N,0.6686772585002255
I141P,0.6787058720289243
I141Q,0.7180657060609574
I141R,0.7574452204926169
I141S,0.45166317598060024
I141T,0.3343838490536587
I141V,0.10376256440548315
I141W,0.5585527060817584
I141Y,0.5689729279214379
N142A,0.4462380368832378
N142C,0.3510273256645219
N142D,0.5029701072068089
N142E,0.7086556558819382
N142F,0.5730357330832894
N142G,0.523831143431039
N142H,0.5195315428684907
N142I,0.4886553971399762
N142K,0.7596070598895925
N142L,0.5468751569583538
N142M,0.5043728975154601
N142N,0.0010285407568144667
N142P,0.7983140020468773
N142Q,0.6378700369731363
N142R,0.7664939966640157
N142S,0.3163206819850276
N142T,0.31208917981945494
N142V,0.43033692312934724
N142W,0.717953475703649
N142Y,0.6076289021084219
V143A,0.1141838843784152
V143C,0.20670192715270463
V143D,0.6578750670935863
V143E,0.659594025165219
V143F,0.0692994777036452
V143G,0.1367728118211632
V143H,0.5704399590069953
V143I,0.15478812563502165
V143K,0.6881972574824262
V143L,0.08648653766910053
V143M,0.09735195780641903
V143N,0.5587645628914849
V143P,0.5447717122726605
V143Q,0.5925215501818423
V143R,0.6328362596772594
V143S,0.271665305350145
V143T,0.22512519038831635
V143V,0.0021802802678883015
V143W,0.2607900030611361
V143Y,0.2785889757439317
S144A,0.06217945190273322
S144C,0.11103476875237972
S144D,0.4902177085785693
S144E,0.5068643532428758
S144F,0.1229947994080629
S144G,0.0022310771090529036
S144H,0.33572486788210676
S144I,0.09294946588703823
S144K,0.47178800193699044
S144L,0.08994738515798917
S144M,0.1711790115072095
S144N,0.36119012380054727
S144P,0.2964730151893844
S144Q,0.4047186878476444
S144R,0.3434703491796818
S144S,0.04754674267487391
S144T,0.09658126510574672
S144V,0.09087888091305452
S144W,0.1894856644074716
S144Y,0.1782779603851612
L145A,0.41439631176884384
L145C,0.40125543770531036
L145D,0.7660074174634828
L145E,0.7556663366714893
L145F,0.376967656978892
L145G,0.5579572665784887
L145H,0.6978197127950309
L145I,0.25123358871623513
L145K,0.7951676313847239
L145L,0.0011132419953346906
L145M,0.31522688888270434
L145N,0.5392209418369296
L145P,0.7620032236776914
L145Q,0.633815736864542
L145R,0.7439432167731208
L145S,0.46530914464353645
L145T,0.427568754764161
L145V,0.2896855169728261
L145W,0.5661835837950331
L145Y,0.5651074748403193
M146A,0.10158061909664773
M146C,0.161000666115795
M146D,0.5407279104040766
M146E,0.5384512260569055
M146F,0.06264989772215535
M146G,0.21974673611480544
M146H,0.3791360635812866
M146I,0.1669827952938958
M146K,0.5262341430507083
M146L,0.04327196683020884
M146M,0.0020330201981023643
M146N,0.3442234043833975
M146P,0.42730478448850595
M146Q,0.4028946815561022
M146R,0.44013193416416097
M146S,0.19255705779724652
M146T,0.07216293747111036
M146V,0.08446066137034303
M146W,0.1855171600136456
M146Y,0.21888635045226024
W147A,0.06649465560361034
W147C,0.12305825566864981
W147D,0.5216227149474355
W147E,0.5030595190299926
W147F,0.0727293850491495
W147G,0.13077309545644122
W147H,0.3199818723581733
W147I,0.05729785232536844
W147K,0.4120826469890899
W147L,0.014232269708556622
W147M,0.09842738541108997
W147N,0.4182333900258741
W147P,0.3743705663005782
W147Q,0.3963653742429758
W147R,0.29150166209880357
W147S,0.16414371791625848
W147T,0.09783892714494491
W147V,0.023000190654703045
W147W,0.006047078470314382
W147Y,0.10460946346120148
L148A,0.2771219401616001
L148C,0.28056893986873077
L148D,0.5701309322698223
L148E,0.5329279437578814
L148F,0.24953435713494632
L148G,0.37679418671012443
L148H,0.41897041100470633
L148I,0.18308201909115218
L148K,0.545895030104227
L148L,0.001206285329398371
L148M,0.2777163417021027
L148N,0.4828952903586603
L148P,0.57578561478127
L148Q,0.48800309668451447
L148R,0.4752078025759734
L148S,0.3594053690241543
L148T,0.29018365506848287
L148V,0.143191117723806
L148W,0.3346359841431321
L148Y,0.29833930863549674
S149A,0.13947512511447735
S149C,0.21489957017195915
S149D,0.443780966745591
S149E,0.5179960719755645
S149F,0.3247454232149385
S149G,0.2813641681264367
S149H,0.3572764003534107
S149I,0.31650943656786934
S149K,0.49554602434245876
S149L,0.3047382393615984
S149M,0.34776576344327714
S149N,0.07988500342082983
S149P,0.570966087180933
S149Q,0.42712125466049944
S149R,0.4067492655957492
S149S,0.001265946818108099
S149T,0.20699947701595434
S149V,0.2573559600149061
S149W,0.39177814100807684
S149Y,0.33586568204400113
F150A,0.16989476416307736
F150C,0.20172883951288767
F150D,0.5155634812678069
F150E,0.5272512060431435
F150F,0.0013764198520096471
F150G,0.3219462119450087
F150H,0.2749087441927196
F150I,0.18469364503649144
F150K,0.46221876807523243
F150L,0.09803333232268352
F150M,0.23244884891375173
F150N,0.436314364323643
F150P,0.5388828743722858
F150Q,0.4198754938073488
F150R,0.35047599704842947
F150S,0.20379937592255548
F150T,0.24706712534978303
F150V,0.11412854122821747
F150W,0.12065655687893617
F150Y,0.06548171859500729
R151A,0.17069845098749314
R151C,0.20037580973688351
R151D,0.34269556301600235
R151E,0.3343688852027169
R151F,0.21047420672684702
R151G,0.23816981782006508
R151H,0.1567479558202619
R151I,0.24139110477244508
R151K,0.09610072920132107
R151L,0.13868314413731309
R151M,0.23414530241519405
R151N,0.2808451482129245
R151P,0.3995264374314679
R151Q,0.023289257893829407
R151R,0.003264274201213224
R151S,0.17979383690813788
R151T,0.21310030710197503
R151V,0.18321807412612245
R151W,0.12359345146237377
R151Y,0.1899367017164746
K152A,0.09279252928260262
K152C,0.13270827663159124
K152D,0.08265911322439057
K152E,0.04550819848720411
K152F,0.1532965068164337
K152G,0.06531283866046089
K152H,0.13551524078700417
K152I,0.18730087344046353
K152K,0.0030776220363538664
K152L,0.11768898620122281
K152M,0.1462869334853375
K152N,0.12863199746097964
K152P,0.22058857174328284
K152Q,0.11806371396375215
K152R,0.04352966028388594
K152S,0.10391702228311073
K152T,0.11870865978054679
K152V,0.14965347080056401
K152W,0.13422838792134262
K152Y,0.1296278875838237
V153A,0.0866729087850624
V153C,0.1722468106141839
V153D,0.3349182676529756
V153E,0.33355621614509756
V153F,0.08734578147158145
V153G,0.2807634658596234
V153H,0.2556795446288753
V153I,0.08874105978709379
V153K,0.30373041972937154
V153L,0.10467790017829626
V153M,0.13474829891531326
V153N,0.3118003761410555
V153P,0.30838201181179004
V153Q,0.25588395422181887
V153R,0.2429378568412719
V153S,0.23136040514144984
V153T,0.14067299828399515
V153V,0.0016053867428154067
V153W,0.17526830136564953
V153Y,0.18936232744100745
Q154A,0.10002878399756976
Q154C,0.1111076983208823
Q154D,0.19910625215748556
Q154E,0.16692011505224147
Q154F,0.13466817733795788
Q154G,0.13978571210121182
Q154H,0.1567118271253254
Q154I,0.15114392835606139
Q154K,0.1273142490389686
Q154L,0.062338397329311235
Q154M,0.1285513543500134
Q154N,0.16870579699254384
Q154P,0.07664376157158759
Q154Q,0.0012596725144555787
Q154R,0.05027245688404558
Q154S,0.08086665502147472
Q154T,0.11615966638155462
Q154V,0.11725286327915807
Q154W,0.12315391799194675
Q154Y,0.15051852521007625
E155A,0.06626874270184202
E155C,0.13995701250790682
E155D,0.1380267450415651
E155E,0.0017885767894411098
E155F,0.1393118845258876
E155G,0.04628513581316862
E155H,0.13678595162525153
E155I,0.14016895470560475
E155K,0.051333706885592134
E155L,0.10991422947211515
E155M,0.1459863361168059
E155N,0.1581576992397995
E155P,0.14911970468143088
E155Q,0.11471783720125761
E155R,0.05183347996814691
E155S,0.10555658674287804
E155T,0.10312474062811461
E155V,0.10664804809704587
E155W,0.1389227418052048
E155Y,0.13514382385882473
P156A,0.07282026408313114
P156C,0.16680311762703293
P156D,0.17055617200732676
P156E,0.15345725721367953
P156F,0.143153330174129
P156G,0.1405262962774403
P156H,0.11503707529436835
P156I,0.15405901717091042
P156K,0.15935303923290756
P156L,0.0755340332194262
P156M,0.1496172124752363
P156N,0.1988919087334292
P156P,0.001052600125310832
P156Q,0.15054883159013177
P156R,0.0871965741433518
P156S,0.08878240864204412
P156T,0.14091813362161276
P156V,0.14023241100175365
P156W,0.147545020995285
P156Y,0.10180420884920593
Q157A,0.07464978080354956
Q157C,0.13668945780431196
Q157D,0.14553159807487326
Q157E,0.10280205048809454
Q157F,0.13614242312750646
Q157G,0.09966713716087128
Q157H,0.1196340768255677
Q157I,0.17316196111744486
Q157K,0.08443734855797236
Q157L,0.07257839915492248
Q157M,0.1511053719026767
Q157N,0.17224310828831624
Q157P,0.0734129766052325
Q157Q,0.0009260075729642381
Q157R,0.05835032101893933
Q157S,0.10042026742880295
Q157T,0.11833880021599286
Q157V,0.12494652569609654
Q157W,0.11600227600125146
Q157Y,0.144537010516942
G158A,0.07472387806359959
G158C,0.19192581064693504
G158D,0.052085009462298215
G158E,0.17210078925587635
G158F,0.19296036708937037
G158G,0.0019148418072001405
G158H,0.1434529133705048
G158I,0.22486660852605467
G158K,0.17333450627808666
G158L,0.1759336702002322
G158M,0.21344381376589094
G158N,0.1226209789757291
G158P,0.2047909035440033
G158Q,0.17611249855262534
G158R,0.14123826475604828
G158S,0.09183671220128298
G158T,0.15873729515537194
G158V,0.11687578753906858
G158W,0.16229131807057995
G158Y,0.1897986758532907
K159A,0.0984667590358852
K159C,0.149013499927786
K159D,0.17208600728584822
K159E,0.09790656344179793
K159F,0.1726206308820274
K159G,0.1180041185860039
K159H,0.15269723063285157
K159I,0.1779273539313755
K159K,0.0007440983147530833
K159L,0.11758661309732354
K159M,0.16002674485543056
K159N,0.18426993380551937
K159P,0.14146200148020383
K159Q,0.10369879972339002
K159R,0.08765535404931302
K159S,0.11099928317257302
K159T,0.12102890597166704
K159V,0.1324420489395285
K159W,0.15578215177718402
K159Y,0.17271281612772638
A160A,0.0031781021837478107
A160C,0.19672222105001536
A160D,0.19494239839826655
A160E,0.17551904227836435
A160F,0.19038346514121207
A160G,0.1343469027615617
A160H,0.17785766053806606
A160I,0.12314007985149078
A160K,0.1575453500337971
A160L,0.14414843887846995
A160M,0.19290955099024332
A160N,0.14385391812879145
A160P,0.10521150571500981
A160Q,0.1637511639720698
A160R,0.10338211590669011
A160S,0.13996227883225865
A160T,0.09128944705896003
A160V,0.030327544951635255
A160W,0.17183453644574254
A160Y,0.1830879214822655
K161A,0.15547531248803848
K161C,0.2098526029831106
K161D,0.2561396140649246
K161E,0.23974736899121507
K161F,0.2448338522820439
K161G,0.1356008452421168
K161H,0.2120727575354484
K161I,0.28642496094928604
K161K,0.0007350544723824237
K161L,0.17979280603845393
K161M,0.2628256715949572
K161N,0.2757518850252729
K161P,0.21925364012314863
K161Q,0.20153460329268957
K161R,0.14947059208770985
K161S,0.1682012521637104
K161T,0.2009820626008738
K161V,0.1988019636055306
K161W,0.1369714762203994
K161Y,0.24053590552720117
R162A,0.10672446505848554
R162C,0.17786467257448302
R162D,0.17308645358824482
R162E,0.10971324120355597
R162F,0.18483652106669413
R162G,0.013625872738548095
R162H,0.14930691527998285
R162I,0.18652916926130436
R162K,0.040755444577121325
R162L,0.1331584568296773
R162M,0.17217343416513697
R162N,0.18271180733885684
R162P,0.16704566384317088
R162Q,0.10574711271507575
R162R,0.0051530458115317535
R162S,0.12011067231037997
R162T,0.13107540343831514
R162V,0.11716863404654876
R162W,0.18618558909384286
R162Y,0.1862849026476624
H163A,0.08359704631169973
H163C,0.1257113507505947
H163D,0.11917501654936336
H163E,0.11646890600148763
H163F,0.1338257107813382
H163G,0.08396634139951442
H163H,0.0007374611933222974
H163I,0.13630187957773698
H163K,0.09808937531573358
H163L,0.09858835830052226
H163M,0.12786363180616056
H163N,0.10407869174750317
H163P,0.07845711287204227
H163Q,0.055573141980173824
H163R,0.09364094709372728
H163S,0.07127723839117484
H163T,0.09488096757470554
H163V,0.10857018441795374
H163W,0.12746065181687616
H163Y,0.13214191705698075
